innodb_buffer_pool_size,innodb_read_io_threads,innodb_write_io_threads,innodb_flush_log_at_trx_commit,innodb_adaptive_hash_index,sync_binlog,innodb_lru_scan_depth,innodb_buffer_pool_instances,innodb_change_buffer_max_size,innodb_io_capacity,innodb_log_file_size,table_open_cache,tps,workload,num_table,table_size,num_client
1GB,1,2,1,ON,1,1024,1,25,100,48MB,4000,174.27,oltp_read_write,64,1000000,4
1GB,2,2,1,ON,1,1024,1,25,100,48MB,4000,178.15,oltp_read_write,64,1000000,4
1GB,3,2,1,ON,1,1024,1,25,100,48MB,4000,192.82,oltp_read_write,64,1000000,4
1GB,7,2,1,ON,1,1024,1,25,100,48MB,4000,207.55,oltp_read_write,64,1000000,4
1GB,15,2,1,ON,1,1024,1,25,100,48MB,4000,217.17,oltp_read_write,64,1000000,4
2GB,1,2,1,ON,1,1024,1,25,100,48MB,4000,219.93,oltp_read_write,64,1000000,4
2GB,2,2,1,ON,1,1024,1,25,100,48MB,4000,235.91,oltp_read_write,64,1000000,4
2GB,3,2,1,ON,1,1024,1,25,100,48MB,4000,253.46,oltp_read_write,64,1000000,4
2GB,7,2,1,ON,1,1024,1,25,100,48MB,4000,238.86,oltp_read_write,64,1000000,4
2GB,15,2,1,ON,1,1024,1,25,100,48MB,4000,252.35,oltp_read_write,64,1000000,4
3GB,1,2,1,ON,1,1024,1,25,100,48MB,4000,259.54,oltp_read_write,64,1000000,4
3GB,2,2,1,ON,1,1024,1,25,100,48MB,4000,264.61,oltp_read_write,64,1000000,4
3GB,3,2,1,ON,1,1024,1,25,100,48MB,4000,253.7,oltp_read_write,64,1000000,4
3GB,7,2,1,ON,1,1024,1,25,100,48MB,4000,266.19,oltp_read_write,64,1000000,4
3GB,15,2,1,ON,1,1024,1,25,100,48MB,4000,258.12,oltp_read_write,64,1000000,4
4GB,1,2,1,ON,1,1024,1,25,100,48MB,4000,281.8,oltp_read_write,64,1000000,4
4GB,2,2,1,ON,1,1024,1,25,100,48MB,4000,294.49,oltp_read_write,64,1000000,4
4GB,3,2,1,ON,1,1024,1,25,100,48MB,4000,287.31,oltp_read_write,64,1000000,4
4GB,7,2,1,ON,1,1024,1,25,100,48MB,4000,297.87,oltp_read_write,64,1000000,4
4GB,15,2,1,ON,1,1024,1,25,100,48MB,4000,261.55,oltp_read_write,64,1000000,4
6GB,1,2,1,ON,1,1024,1,25,100,48MB,4000,308.49,oltp_read_write,64,1000000,4
6GB,2,2,1,ON,1,1024,1,25,100,48MB,4000,300.96,oltp_read_write,64,1000000,4
6GB,3,2,1,ON,1,1024,1,25,100,48MB,4000,300.22,oltp_read_write,64,1000000,4
6GB,7,2,1,ON,1,1024,1,25,100,48MB,4000,297.47,oltp_read_write,64,1000000,4
6GB,15,2,1,ON,1,1024,1,25,100,48MB,4000,300.04,oltp_read_write,64,1000000,4
8GB,1,2,1,ON,1,1024,1,25,100,48MB,4000,303.02,oltp_read_write,64,1000000,4
8GB,2,2,1,ON,1,1024,1,25,100,48MB,4000,307.95,oltp_read_write,64,1000000,4
8GB,3,2,1,ON,1,1024,1,25,100,48MB,4000,329.98,oltp_read_write,64,1000000,4
8GB,7,2,1,ON,1,1024,1,25,100,48MB,4000,324.07,oltp_read_write,64,1000000,4
8GB,15,2,1,ON,1,1024,1,25,100,48MB,4000,326.87,oltp_read_write,64,1000000,4
9GB,1,2,1,ON,1,1024,1,25,100,48MB,4000,304.95,oltp_read_write,64,1000000,4
9GB,2,2,1,ON,1,1024,1,25,100,48MB,4000,309.12,oltp_read_write,64,1000000,4
9GB,3,2,1,ON,1,1024,1,25,100,48MB,4000,318.7,oltp_read_write,64,1000000,4
9GB,7,2,1,ON,1,1024,1,25,100,48MB,4000,338.72,oltp_read_write,64,1000000,4
9GB,15,2,1,ON,1,1024,1,25,100,48MB,4000,300.82,oltp_read_write,64,1000000,4
12GB,1,2,1,ON,1,1024,1,25,100,48MB,4000,327.22,oltp_read_write,64,1000000,4
12GB,2,2,1,ON,1,1024,1,25,100,48MB,4000,332.07,oltp_read_write,64,1000000,4
12GB,3,2,1,ON,1,1024,1,25,100,48MB,4000,325.17,oltp_read_write,64,1000000,4
12GB,7,2,1,ON,1,1024,1,25,100,48MB,4000,327.44,oltp_read_write,64,1000000,4
12GB,15,2,1,ON,1,1024,1,25,100,48MB,4000,331.46,oltp_read_write,64,1000000,4
16GB,1,2,1,ON,1,1024,1,25,100,48MB,4000,317.89,oltp_read_write,64,1000000,4
16GB,2,2,1,ON,1,1024,1,25,100,48MB,4000,339.89,oltp_read_write,64,1000000,4
16GB,3,2,1,ON,1,1024,1,25,100,48MB,4000,327.41,oltp_read_write,64,1000000,4
16GB,7,2,1,ON,1,1024,1,25,100,48MB,4000,324.34,oltp_read_write,64,1000000,4
16GB,15,2,1,ON,1,1024,1,25,100,48MB,4000,341.71,oltp_read_write,64,1000000,4
18GB,1,2,1,ON,1,1024,1,25,100,48MB,4000,342.02,oltp_read_write,64,1000000,4
18GB,2,2,1,ON,1,1024,1,25,100,48MB,4000,335.88,oltp_read_write,64,1000000,4
18GB,3,2,1,ON,1,1024,1,25,100,48MB,4000,347.41,oltp_read_write,64,1000000,4
18GB,7,2,1,ON,1,1024,1,25,100,48MB,4000,340.5,oltp_read_write,64,1000000,4
18GB,15,2,1,ON,1,1024,1,25,100,48MB,4000,336.0,oltp_read_write,64,1000000,4
24GB,1,2,1,ON,1,1024,1,25,100,48MB,4000,345.37,oltp_read_write,64,1000000,4
24GB,2,2,1,ON,1,1024,1,25,100,48MB,4000,335.25,oltp_read_write,64,1000000,4
24GB,3,2,1,ON,1,1024,1,25,100,48MB,4000,342.75,oltp_read_write,64,1000000,4
24GB,7,2,1,ON,1,1024,1,25,100,48MB,4000,337.59,oltp_read_write,64,1000000,4
24GB,15,2,1,ON,1,1024,1,25,100,48MB,4000,335.27,oltp_read_write,64,1000000,4
1GB,2,1,1,ON,1,1024,1,25,100,48MB,4000,270.02,oltp_read_write,64,1000000,4
1GB,2,2,1,ON,1,1024,1,25,100,48MB,4000,292.49,oltp_read_write,64,1000000,4
1GB,2,3,1,ON,1,1024,1,25,100,48MB,4000,297.86,oltp_read_write,64,1000000,4
1GB,2,7,1,ON,1,1024,1,25,100,48MB,4000,292.67,oltp_read_write,64,1000000,4
1GB,2,15,1,ON,1,1024,1,25,100,48MB,4000,272.46,oltp_read_write,64,1000000,4
2GB,2,1,1,ON,1,1024,1,25,100,48MB,4000,299.82,oltp_read_write,64,1000000,4
2GB,2,2,1,ON,1,1024,1,25,100,48MB,4000,309.71,oltp_read_write,64,1000000,4
2GB,2,3,1,ON,1,1024,1,25,100,48MB,4000,322.75,oltp_read_write,64,1000000,4
2GB,2,7,1,ON,1,1024,1,25,100,48MB,4000,293.99,oltp_read_write,64,1000000,4
2GB,2,15,1,ON,1,1024,1,25,100,48MB,4000,276.88,oltp_read_write,64,1000000,4
3GB,2,1,1,ON,1,1024,1,25,100,48MB,4000,299.46,oltp_read_write,64,1000000,4
3GB,2,2,1,ON,1,1024,1,25,100,48MB,4000,312.74,oltp_read_write,64,1000000,4
3GB,2,3,1,ON,1,1024,1,25,100,48MB,4000,334.18,oltp_read_write,64,1000000,4
3GB,2,7,1,ON,1,1024,1,25,100,48MB,4000,305.55,oltp_read_write,64,1000000,4
3GB,2,15,1,ON,1,1024,1,25,100,48MB,4000,295.2,oltp_read_write,64,1000000,4
4GB,2,1,1,ON,1,1024,1,25,100,48MB,4000,302.77,oltp_read_write,64,1000000,4
4GB,2,2,1,ON,1,1024,1,25,100,48MB,4000,304.34,oltp_read_write,64,1000000,4
4GB,2,3,1,ON,1,1024,1,25,100,48MB,4000,343.68,oltp_read_write,64,1000000,4
4GB,2,7,1,ON,1,1024,1,25,100,48MB,4000,320.05,oltp_read_write,64,1000000,4
4GB,2,15,1,ON,1,1024,1,25,100,48MB,4000,314.4,oltp_read_write,64,1000000,4
6GB,2,1,1,ON,1,1024,1,25,100,48MB,4000,326.01,oltp_read_write,64,1000000,4
6GB,2,2,1,ON,1,1024,1,25,100,48MB,4000,329.88,oltp_read_write,64,1000000,4
6GB,2,3,1,ON,1,1024,1,25,100,48MB,4000,324.28,oltp_read_write,64,1000000,4
6GB,2,7,1,ON,1,1024,1,25,100,48MB,4000,325.24,oltp_read_write,64,1000000,4
6GB,2,15,1,ON,1,1024,1,25,100,48MB,4000,336.96,oltp_read_write,64,1000000,4
8GB,2,1,1,ON,1,1024,1,25,100,48MB,4000,349.55,oltp_read_write,64,1000000,4
8GB,2,2,1,ON,1,1024,1,25,100,48MB,4000,335.92,oltp_read_write,64,1000000,4
8GB,2,3,1,ON,1,1024,1,25,100,48MB,4000,347.15,oltp_read_write,64,1000000,4
8GB,2,7,1,ON,1,1024,1,25,100,48MB,4000,338.02,oltp_read_write,64,1000000,4
8GB,2,15,1,ON,1,1024,1,25,100,48MB,4000,358.47,oltp_read_write,64,1000000,4
9GB,2,1,1,ON,1,1024,1,25,100,48MB,4000,365.62,oltp_read_write,64,1000000,4
9GB,2,2,1,ON,1,1024,1,25,100,48MB,4000,368.09,oltp_read_write,64,1000000,4
9GB,2,3,1,ON,1,1024,1,25,100,48MB,4000,348.06,oltp_read_write,64,1000000,4
9GB,2,7,1,ON,1,1024,1,25,100,48MB,4000,362.88,oltp_read_write,64,1000000,4
9GB,2,15,1,ON,1,1024,1,25,100,48MB,4000,366.54,oltp_read_write,64,1000000,4
12GB,2,1,1,ON,1,1024,1,25,100,48MB,4000,345.02,oltp_read_write,64,1000000,4
12GB,2,2,1,ON,1,1024,1,25,100,48MB,4000,344.46,oltp_read_write,64,1000000,4
12GB,2,3,1,ON,1,1024,1,25,100,48MB,4000,362.76,oltp_read_write,64,1000000,4
12GB,2,7,1,ON,1,1024,1,25,100,48MB,4000,372.95,oltp_read_write,64,1000000,4
12GB,2,15,1,ON,1,1024,1,25,100,48MB,4000,368.04,oltp_read_write,64,1000000,4
16GB,2,1,1,ON,1,1024,1,25,100,48MB,4000,353.09,oltp_read_write,64,1000000,4
16GB,2,2,1,ON,1,1024,1,25,100,48MB,4000,352.82,oltp_read_write,64,1000000,4
16GB,2,3,1,ON,1,1024,1,25,100,48MB,4000,361.15,oltp_read_write,64,1000000,4
16GB,2,7,1,ON,1,1024,1,25,100,48MB,4000,363.14,oltp_read_write,64,1000000,4
16GB,2,15,1,ON,1,1024,1,25,100,48MB,4000,389.08,oltp_read_write,64,1000000,4
18GB,2,1,1,ON,1,1024,1,25,100,48MB,4000,343.1,oltp_read_write,64,1000000,4
18GB,2,2,1,ON,1,1024,1,25,100,48MB,4000,357.36,oltp_read_write,64,1000000,4
18GB,2,3,1,ON,1,1024,1,25,100,48MB,4000,361.21,oltp_read_write,64,1000000,4
18GB,2,7,1,ON,1,1024,1,25,100,48MB,4000,377.57,oltp_read_write,64,1000000,4
18GB,2,15,1,ON,1,1024,1,25,100,48MB,4000,372.65,oltp_read_write,64,1000000,4
24GB,2,1,1,ON,1,1024,1,25,100,48MB,4000,356.52,oltp_read_write,64,1000000,4
24GB,2,2,1,ON,1,1024,1,25,100,48MB,4000,368.36,oltp_read_write,64,1000000,4
24GB,2,3,1,ON,1,1024,1,25,100,48MB,4000,359.82,oltp_read_write,64,1000000,4
24GB,2,7,1,ON,1,1024,1,25,100,48MB,4000,377.25,oltp_read_write,64,1000000,4
24GB,2,15,1,ON,1,1024,1,25,100,48MB,4000,378.71,oltp_read_write,64,1000000,4
1GB,2,2,0,ON,1,1024,1,25,100,48MB,4000,301.74,oltp_read_write,64,1000000,4
1GB,2,2,1,ON,1,1024,1,25,100,48MB,4000,292.04,oltp_read_write,64,1000000,4
1GB,2,2,2,ON,1,1024,1,25,100,48MB,4000,297.75,oltp_read_write,64,1000000,4
2GB,2,2,0,ON,1,1024,1,25,100,48MB,4000,318.36,oltp_read_write,64,1000000,4
2GB,2,2,1,ON,1,1024,1,25,100,48MB,4000,313.86,oltp_read_write,64,1000000,4
2GB,2,2,2,ON,1,1024,1,25,100,48MB,4000,303.25,oltp_read_write,64,1000000,4
3GB,2,2,0,ON,1,1024,1,25,100,48MB,4000,325.68,oltp_read_write,64,1000000,4
3GB,2,2,1,ON,1,1024,1,25,100,48MB,4000,321.23,oltp_read_write,64,1000000,4
3GB,2,2,2,ON,1,1024,1,25,100,48MB,4000,330.71,oltp_read_write,64,1000000,4
4GB,2,2,0,ON,1,1024,1,25,100,48MB,4000,331.62,oltp_read_write,64,1000000,4
4GB,2,2,1,ON,1,1024,1,25,100,48MB,4000,319.86,oltp_read_write,64,1000000,4
4GB,2,2,2,ON,1,1024,1,25,100,48MB,4000,335.9,oltp_read_write,64,1000000,4
6GB,2,2,0,ON,1,1024,1,25,100,48MB,4000,353.8,oltp_read_write,64,1000000,4
6GB,2,2,1,ON,1,1024,1,25,100,48MB,4000,320.69,oltp_read_write,64,1000000,4
6GB,2,2,2,ON,1,1024,1,25,100,48MB,4000,356.34,oltp_read_write,64,1000000,4
8GB,2,2,0,ON,1,1024,1,25,100,48MB,4000,378.85,oltp_read_write,64,1000000,4
8GB,2,2,1,ON,1,1024,1,25,100,48MB,4000,359.21,oltp_read_write,64,1000000,4
8GB,2,2,2,ON,1,1024,1,25,100,48MB,4000,374.08,oltp_read_write,64,1000000,4
9GB,2,2,0,ON,1,1024,1,25,100,48MB,4000,370.14,oltp_read_write,64,1000000,4
9GB,2,2,1,ON,1,1024,1,25,100,48MB,4000,364.56,oltp_read_write,64,1000000,4
9GB,2,2,2,ON,1,1024,1,25,100,48MB,4000,385.1,oltp_read_write,64,1000000,4
12GB,2,2,0,ON,1,1024,1,25,100,48MB,4000,366.88,oltp_read_write,64,1000000,4
12GB,2,2,1,ON,1,1024,1,25,100,48MB,4000,353.38,oltp_read_write,64,1000000,4
12GB,2,2,2,ON,1,1024,1,25,100,48MB,4000,358.42,oltp_read_write,64,1000000,4
16GB,2,2,0,ON,1,1024,1,25,100,48MB,4000,362.81,oltp_read_write,64,1000000,4
16GB,2,2,1,ON,1,1024,1,25,100,48MB,4000,364.92,oltp_read_write,64,1000000,4
16GB,2,2,2,ON,1,1024,1,25,100,48MB,4000,361.64,oltp_read_write,64,1000000,4
18GB,2,2,0,ON,1,1024,1,25,100,48MB,4000,380.73,oltp_read_write,64,1000000,4
18GB,2,2,1,ON,1,1024,1,25,100,48MB,4000,359.41,oltp_read_write,64,1000000,4
18GB,2,2,2,ON,1,1024,1,25,100,48MB,4000,379.19,oltp_read_write,64,1000000,4
24GB,2,2,0,ON,1,1024,1,25,100,48MB,4000,368.24,oltp_read_write,64,1000000,4
24GB,2,2,1,ON,1,1024,1,25,100,48MB,4000,365.43,oltp_read_write,64,1000000,4
24GB,2,2,2,ON,1,1024,1,25,100,48MB,4000,367.66,oltp_read_write,64,1000000,4
1GB,2,2,1,ON,1,1024,1,25,100,48MB,4000,281.08,oltp_read_write,64,1000000,4
1GB,2,2,1,OFF,1,1024,1,25,100,48MB,4000,296.04,oltp_read_write,64,1000000,4
2GB,2,2,1,ON,1,1024,1,25,100,48MB,4000,313.05,oltp_read_write,64,1000000,4
2GB,2,2,1,OFF,1,1024,1,25,100,48MB,4000,314.85,oltp_read_write,64,1000000,4
3GB,2,2,1,ON,1,1024,1,25,100,48MB,4000,326.1,oltp_read_write,64,1000000,4
3GB,2,2,1,OFF,1,1024,1,25,100,48MB,4000,321.21,oltp_read_write,64,1000000,4
4GB,2,2,1,ON,1,1024,1,25,100,48MB,4000,325.08,oltp_read_write,64,1000000,4
4GB,2,2,1,OFF,1,1024,1,25,100,48MB,4000,326.03,oltp_read_write,64,1000000,4
6GB,2,2,1,ON,1,1024,1,25,100,48MB,4000,341.7,oltp_read_write,64,1000000,4
6GB,2,2,1,OFF,1,1024,1,25,100,48MB,4000,334.61,oltp_read_write,64,1000000,4
8GB,2,2,1,ON,1,1024,1,25,100,48MB,4000,357.68,oltp_read_write,64,1000000,4
8GB,2,2,1,OFF,1,1024,1,25,100,48MB,4000,362.6,oltp_read_write,64,1000000,4
9GB,2,2,1,ON,1,1024,1,25,100,48MB,4000,363.24,oltp_read_write,64,1000000,4
9GB,2,2,1,OFF,1,1024,1,25,100,48MB,4000,361.12,oltp_read_write,64,1000000,4
12GB,2,2,1,ON,1,1024,1,25,100,48MB,4000,372.55,oltp_read_write,64,1000000,4
12GB,2,2,1,OFF,1,1024,1,25,100,48MB,4000,385.88,oltp_read_write,64,1000000,4
16GB,2,2,1,ON,1,1024,1,25,100,48MB,4000,366.44,oltp_read_write,64,1000000,4
16GB,2,2,1,OFF,1,1024,1,25,100,48MB,4000,373.79,oltp_read_write,64,1000000,4
18GB,2,2,1,ON,1,1024,1,25,100,48MB,4000,366.36,oltp_read_write,64,1000000,4
18GB,2,2,1,OFF,1,1024,1,25,100,48MB,4000,374.88,oltp_read_write,64,1000000,4
24GB,2,2,1,ON,1,1024,1,25,100,48MB,4000,358.52,oltp_read_write,64,1000000,4
24GB,2,2,1,OFF,1,1024,1,25,100,48MB,4000,367.24,oltp_read_write,64,1000000,4
1GB,2,2,1,ON,0,1024,1,25,100,48MB,4000,299.36,oltp_read_write,64,1000000,4
1GB,2,2,1,ON,1,1024,1,25,100,48MB,4000,296.55,oltp_read_write,64,1000000,4
2GB,2,2,1,ON,0,1024,1,25,100,48MB,4000,324.69,oltp_read_write,64,1000000,4
2GB,2,2,1,ON,1,1024,1,25,100,48MB,4000,320.34,oltp_read_write,64,1000000,4
3GB,2,2,1,ON,0,1024,1,25,100,48MB,4000,321.51,oltp_read_write,64,1000000,4
3GB,2,2,1,ON,1,1024,1,25,100,48MB,4000,334.96,oltp_read_write,64,1000000,4
4GB,2,2,1,ON,0,1024,1,25,100,48MB,4000,340.36,oltp_read_write,64,1000000,4
4GB,2,2,1,ON,1,1024,1,25,100,48MB,4000,324.07,oltp_read_write,64,1000000,4
6GB,2,2,1,ON,0,1024,1,25,100,48MB,4000,350.47,oltp_read_write,64,1000000,4
6GB,2,2,1,ON,1,1024,1,25,100,48MB,4000,326.21,oltp_read_write,64,1000000,4
8GB,2,2,1,ON,0,1024,1,25,100,48MB,4000,406.13,oltp_read_write,64,1000000,4
8GB,2,2,1,ON,1,1024,1,25,100,48MB,4000,367.18,oltp_read_write,64,1000000,4
9GB,2,2,1,ON,0,1024,1,25,100,48MB,4000,400.63,oltp_read_write,64,1000000,4
9GB,2,2,1,ON,1,1024,1,25,100,48MB,4000,367.41,oltp_read_write,64,1000000,4
12GB,2,2,1,ON,0,1024,1,25,100,48MB,4000,410.11,oltp_read_write,64,1000000,4
12GB,2,2,1,ON,1,1024,1,25,100,48MB,4000,370.37,oltp_read_write,64,1000000,4
16GB,2,2,1,ON,0,1024,1,25,100,48MB,4000,380.43,oltp_read_write,64,1000000,4
16GB,2,2,1,ON,1,1024,1,25,100,48MB,4000,355.88,oltp_read_write,64,1000000,4
18GB,2,2,1,ON,0,1024,1,25,100,48MB,4000,400.63,oltp_read_write,64,1000000,4
18GB,2,2,1,ON,1,1024,1,25,100,48MB,4000,374.4,oltp_read_write,64,1000000,4
24GB,2,2,1,ON,0,1024,1,25,100,48MB,4000,398.54,oltp_read_write,64,1000000,4
24GB,2,2,1,ON,1,1024,1,25,100,48MB,4000,366.78,oltp_read_write,64,1000000,4
1GB,2,2,1,ON,1,100,1,25,100,48MB,4000,293.6,oltp_read_write,64,1000000,4
1GB,2,2,1,ON,1,1024,1,25,100,48MB,4000,312.48,oltp_read_write,64,1000000,4
1GB,2,2,1,ON,1,5000,1,25,100,48MB,4000,301.54,oltp_read_write,64,1000000,4
1GB,2,2,1,ON,1,10000,1,25,100,48MB,4000,291.68,oltp_read_write,64,1000000,4
2GB,2,2,1,ON,1,100,1,25,100,48MB,4000,300.6,oltp_read_write,64,1000000,4
2GB,2,2,1,ON,1,1024,1,25,100,48MB,4000,319.64,oltp_read_write,64,1000000,4
2GB,2,2,1,ON,1,5000,1,25,100,48MB,4000,325.8,oltp_read_write,64,1000000,4
2GB,2,2,1,ON,1,10000,1,25,100,48MB,4000,309.52,oltp_read_write,64,1000000,4
3GB,2,2,1,ON,1,100,1,25,100,48MB,4000,310.18,oltp_read_write,64,1000000,4
3GB,2,2,1,ON,1,1024,1,25,100,48MB,4000,314.84,oltp_read_write,64,1000000,4
3GB,2,2,1,ON,1,5000,1,25,100,48MB,4000,317.89,oltp_read_write,64,1000000,4
3GB,2,2,1,ON,1,10000,1,25,100,48MB,4000,337.41,oltp_read_write,64,1000000,4
4GB,2,2,1,ON,1,100,1,25,100,48MB,4000,301.96,oltp_read_write,64,1000000,4
4GB,2,2,1,ON,1,1024,1,25,100,48MB,4000,322.12,oltp_read_write,64,1000000,4
4GB,2,2,1,ON,1,5000,1,25,100,48MB,4000,332.87,oltp_read_write,64,1000000,4
4GB,2,2,1,ON,1,10000,1,25,100,48MB,4000,332.26,oltp_read_write,64,1000000,4
6GB,2,2,1,ON,1,100,1,25,100,48MB,4000,350.4,oltp_read_write,64,1000000,4
6GB,2,2,1,ON,1,1024,1,25,100,48MB,4000,334.43,oltp_read_write,64,1000000,4
6GB,2,2,1,ON,1,5000,1,25,100,48MB,4000,338.98,oltp_read_write,64,1000000,4
6GB,2,2,1,ON,1,10000,1,25,100,48MB,4000,351.34,oltp_read_write,64,1000000,4
8GB,2,2,1,ON,1,100,1,25,100,48MB,4000,367.8,oltp_read_write,64,1000000,4
8GB,2,2,1,ON,1,1024,1,25,100,48MB,4000,371.06,oltp_read_write,64,1000000,4
8GB,2,2,1,ON,1,5000,1,25,100,48MB,4000,349.74,oltp_read_write,64,1000000,4
8GB,2,2,1,ON,1,10000,1,25,100,48MB,4000,367.11,oltp_read_write,64,1000000,4
9GB,2,2,1,ON,1,100,1,25,100,48MB,4000,382.64,oltp_read_write,64,1000000,4
9GB,2,2,1,ON,1,1024,1,25,100,48MB,4000,382.76,oltp_read_write,64,1000000,4
9GB,2,2,1,ON,1,5000,1,25,100,48MB,4000,369.84,oltp_read_write,64,1000000,4
9GB,2,2,1,ON,1,10000,1,25,100,48MB,4000,385.35,oltp_read_write,64,1000000,4
12GB,2,2,1,ON,1,100,1,25,100,48MB,4000,364.8,oltp_read_write,64,1000000,4
12GB,2,2,1,ON,1,1024,1,25,100,48MB,4000,376.67,oltp_read_write,64,1000000,4
12GB,2,2,1,ON,1,5000,1,25,100,48MB,4000,379.2,oltp_read_write,64,1000000,4
12GB,2,2,1,ON,1,10000,1,25,100,48MB,4000,371.23,oltp_read_write,64,1000000,4
16GB,2,2,1,ON,1,100,1,25,100,48MB,4000,360.12,oltp_read_write,64,1000000,4
16GB,2,2,1,ON,1,1024,1,25,100,48MB,4000,366.44,oltp_read_write,64,1000000,4
16GB,2,2,1,ON,1,5000,1,25,100,48MB,4000,384.91,oltp_read_write,64,1000000,4
16GB,2,2,1,ON,1,10000,1,25,100,48MB,4000,363.8,oltp_read_write,64,1000000,4
18GB,2,2,1,ON,1,100,1,25,100,48MB,4000,380.93,oltp_read_write,64,1000000,4
18GB,2,2,1,ON,1,1024,1,25,100,48MB,4000,384.12,oltp_read_write,64,1000000,4
18GB,2,2,1,ON,1,5000,1,25,100,48MB,4000,364.13,oltp_read_write,64,1000000,4
18GB,2,2,1,ON,1,10000,1,25,100,48MB,4000,395.48,oltp_read_write,64,1000000,4
24GB,2,2,1,ON,1,100,1,25,100,48MB,4000,375.45,oltp_read_write,64,1000000,4
24GB,2,2,1,ON,1,1024,1,25,100,48MB,4000,362.98,oltp_read_write,64,1000000,4
24GB,2,2,1,ON,1,5000,1,25,100,48MB,4000,374.87,oltp_read_write,64,1000000,4
24GB,2,2,1,ON,1,10000,1,25,100,48MB,4000,393.18,oltp_read_write,64,1000000,4
1GB,2,2,1,ON,1,1024,1,25,100,48MB,4000,282.67,oltp_read_write,64,1000000,4
1GB,2,2,1,ON,1,1024,2,25,100,48MB,4000,289.29,oltp_read_write,64,1000000,4
1GB,2,2,1,ON,1,1024,4,25,100,48MB,4000,294.25,oltp_read_write,64,1000000,4
1GB,2,2,1,ON,1,1024,8,25,100,48MB,4000,307.86,oltp_read_write,64,1000000,4
2GB,2,2,1,ON,1,1024,1,25,100,48MB,4000,330.47,oltp_read_write,64,1000000,4
2GB,2,2,1,ON,1,1024,2,25,100,48MB,4000,326.61,oltp_read_write,64,1000000,4
2GB,2,2,1,ON,1,1024,4,25,100,48MB,4000,340.43,oltp_read_write,64,1000000,4
2GB,2,2,1,ON,1,1024,8,25,100,48MB,4000,336.14,oltp_read_write,64,1000000,4
3GB,2,2,1,ON,1,1024,1,25,100,48MB,4000,337.83,oltp_read_write,64,1000000,4
3GB,2,2,1,ON,1,1024,2,25,100,48MB,4000,331.07,oltp_read_write,64,1000000,4
3GB,2,2,1,ON,1,1024,4,25,100,48MB,4000,326.3,oltp_read_write,64,1000000,4
3GB,2,2,1,ON,1,1024,8,25,100,48MB,4000,313.49,oltp_read_write,64,1000000,4
4GB,2,2,1,ON,1,1024,1,25,100,48MB,4000,328.46,oltp_read_write,64,1000000,4
4GB,2,2,1,ON,1,1024,2,25,100,48MB,4000,312.22,oltp_read_write,64,1000000,4
4GB,2,2,1,ON,1,1024,4,25,100,48MB,4000,350.33,oltp_read_write,64,1000000,4
4GB,2,2,1,ON,1,1024,8,25,100,48MB,4000,339.37,oltp_read_write,64,1000000,4
6GB,2,2,1,ON,1,1024,1,25,100,48MB,4000,351.41,oltp_read_write,64,1000000,4
6GB,2,2,1,ON,1,1024,2,25,100,48MB,4000,345.34,oltp_read_write,64,1000000,4
6GB,2,2,1,ON,1,1024,4,25,100,48MB,4000,352.06,oltp_read_write,64,1000000,4
6GB,2,2,1,ON,1,1024,8,25,100,48MB,4000,355.77,oltp_read_write,64,1000000,4
8GB,2,2,1,ON,1,1024,1,25,100,48MB,4000,378.83,oltp_read_write,64,1000000,4
8GB,2,2,1,ON,1,1024,2,25,100,48MB,4000,357.42,oltp_read_write,64,1000000,4
8GB,2,2,1,ON,1,1024,4,25,100,48MB,4000,376.01,oltp_read_write,64,1000000,4
8GB,2,2,1,ON,1,1024,8,25,100,48MB,4000,388.09,oltp_read_write,64,1000000,4
9GB,2,2,1,ON,1,1024,1,25,100,48MB,4000,389.91,oltp_read_write,64,1000000,4
9GB,2,2,1,ON,1,1024,2,25,100,48MB,4000,363.97,oltp_read_write,64,1000000,4
9GB,2,2,1,ON,1,1024,4,25,100,48MB,4000,378.92,oltp_read_write,64,1000000,4
9GB,2,2,1,ON,1,1024,8,25,100,48MB,4000,382.15,oltp_read_write,64,1000000,4
12GB,2,2,1,ON,1,1024,1,25,100,48MB,4000,396.8,oltp_read_write,64,1000000,4
12GB,2,2,1,ON,1,1024,2,25,100,48MB,4000,392.99,oltp_read_write,64,1000000,4
12GB,2,2,1,ON,1,1024,4,25,100,48MB,4000,393.98,oltp_read_write,64,1000000,4
12GB,2,2,1,ON,1,1024,8,25,100,48MB,4000,396.98,oltp_read_write,64,1000000,4
16GB,2,2,1,ON,1,1024,1,25,100,48MB,4000,388.83,oltp_read_write,64,1000000,4
16GB,2,2,1,ON,1,1024,2,25,100,48MB,4000,390.58,oltp_read_write,64,1000000,4
16GB,2,2,1,ON,1,1024,4,25,100,48MB,4000,388.15,oltp_read_write,64,1000000,4
16GB,2,2,1,ON,1,1024,8,25,100,48MB,4000,387.61,oltp_read_write,64,1000000,4
18GB,2,2,1,ON,1,1024,1,25,100,48MB,4000,404.54,oltp_read_write,64,1000000,4
18GB,2,2,1,ON,1,1024,2,25,100,48MB,4000,385.04,oltp_read_write,64,1000000,4
18GB,2,2,1,ON,1,1024,4,25,100,48MB,4000,368.1,oltp_read_write,64,1000000,4
18GB,2,2,1,ON,1,1024,8,25,100,48MB,4000,397.27,oltp_read_write,64,1000000,4
24GB,2,2,1,ON,1,1024,1,25,100,48MB,4000,372.64,oltp_read_write,64,1000000,4
24GB,2,2,1,ON,1,1024,2,25,100,48MB,4000,395.45,oltp_read_write,64,1000000,4
24GB,2,2,1,ON,1,1024,4,25,100,48MB,4000,388.91,oltp_read_write,64,1000000,4
24GB,2,2,1,ON,1,1024,8,25,100,48MB,4000,393.85,oltp_read_write,64,1000000,4
1GB,2,2,1,ON,1,1024,1,0,100,48MB,4000,262.59,oltp_read_write,64,1000000,4
1GB,2,2,1,ON,1,1024,1,10,100,48MB,4000,300.42,oltp_read_write,64,1000000,4
1GB,2,2,1,ON,1,1024,1,25,100,48MB,4000,291.67,oltp_read_write,64,1000000,4
1GB,2,2,1,ON,1,1024,1,50,100,48MB,4000,297.24,oltp_read_write,64,1000000,4
2GB,2,2,1,ON,1,1024,1,0,100,48MB,4000,284.41,oltp_read_write,64,1000000,4
2GB,2,2,1,ON,1,1024,1,10,100,48MB,4000,317.92,oltp_read_write,64,1000000,4
2GB,2,2,1,ON,1,1024,1,25,100,48MB,4000,316.61,oltp_read_write,64,1000000,4
2GB,2,2,1,ON,1,1024,1,50,100,48MB,4000,322.43,oltp_read_write,64,1000000,4
3GB,2,2,1,ON,1,1024,1,0,100,48MB,4000,305.48,oltp_read_write,64,1000000,4
3GB,2,2,1,ON,1,1024,1,10,100,48MB,4000,317.79,oltp_read_write,64,1000000,4
3GB,2,2,1,ON,1,1024,1,25,100,48MB,4000,326.36,oltp_read_write,64,1000000,4
3GB,2,2,1,ON,1,1024,1,50,100,48MB,4000,330.51,oltp_read_write,64,1000000,4
4GB,2,2,1,ON,1,1024,1,0,100,48MB,4000,307.31,oltp_read_write,64,1000000,4
4GB,2,2,1,ON,1,1024,1,10,100,48MB,4000,326.95,oltp_read_write,64,1000000,4
4GB,2,2,1,ON,1,1024,1,25,100,48MB,4000,321.97,oltp_read_write,64,1000000,4
4GB,2,2,1,ON,1,1024,1,50,100,48MB,4000,326.39,oltp_read_write,64,1000000,4
6GB,2,2,1,ON,1,1024,1,0,100,48MB,4000,318.77,oltp_read_write,64,1000000,4
6GB,2,2,1,ON,1,1024,1,10,100,48MB,4000,343.71,oltp_read_write,64,1000000,4
6GB,2,2,1,ON,1,1024,1,25,100,48MB,4000,355.5,oltp_read_write,64,1000000,4
6GB,2,2,1,ON,1,1024,1,50,100,48MB,4000,350.15,oltp_read_write,64,1000000,4
8GB,2,2,1,ON,1,1024,1,0,100,48MB,4000,349.17,oltp_read_write,64,1000000,4
8GB,2,2,1,ON,1,1024,1,10,100,48MB,4000,367.22,oltp_read_write,64,1000000,4
8GB,2,2,1,ON,1,1024,1,25,100,48MB,4000,368.65,oltp_read_write,64,1000000,4
8GB,2,2,1,ON,1,1024,1,50,100,48MB,4000,385.81,oltp_read_write,64,1000000,4
9GB,2,2,1,ON,1,1024,1,0,100,48MB,4000,359.37,oltp_read_write,64,1000000,4
9GB,2,2,1,ON,1,1024,1,10,100,48MB,4000,366.01,oltp_read_write,64,1000000,4
9GB,2,2,1,ON,1,1024,1,25,100,48MB,4000,378.84,oltp_read_write,64,1000000,4
9GB,2,2,1,ON,1,1024,1,50,100,48MB,4000,375.58,oltp_read_write,64,1000000,4
12GB,2,2,1,ON,1,1024,1,0,100,48MB,4000,368.19,oltp_read_write,64,1000000,4
12GB,2,2,1,ON,1,1024,1,10,100,48MB,4000,369.65,oltp_read_write,64,1000000,4
12GB,2,2,1,ON,1,1024,1,25,100,48MB,4000,375.25,oltp_read_write,64,1000000,4
12GB,2,2,1,ON,1,1024,1,50,100,48MB,4000,400.72,oltp_read_write,64,1000000,4
16GB,2,2,1,ON,1,1024,1,0,100,48MB,4000,366.31,oltp_read_write,64,1000000,4
16GB,2,2,1,ON,1,1024,1,10,100,48MB,4000,376.74,oltp_read_write,64,1000000,4
16GB,2,2,1,ON,1,1024,1,25,100,48MB,4000,373.77,oltp_read_write,64,1000000,4
16GB,2,2,1,ON,1,1024,1,50,100,48MB,4000,371.86,oltp_read_write,64,1000000,4
18GB,2,2,1,ON,1,1024,1,0,100,48MB,4000,373.61,oltp_read_write,64,1000000,4
18GB,2,2,1,ON,1,1024,1,10,100,48MB,4000,372.6,oltp_read_write,64,1000000,4
18GB,2,2,1,ON,1,1024,1,25,100,48MB,4000,379.94,oltp_read_write,64,1000000,4
18GB,2,2,1,ON,1,1024,1,50,100,48MB,4000,372.73,oltp_read_write,64,1000000,4
24GB,2,2,1,ON,1,1024,1,0,100,48MB,4000,362.18,oltp_read_write,64,1000000,4
24GB,2,2,1,ON,1,1024,1,10,100,48MB,4000,391.34,oltp_read_write,64,1000000,4
24GB,2,2,1,ON,1,1024,1,25,100,48MB,4000,393.93,oltp_read_write,64,1000000,4
24GB,2,2,1,ON,1,1024,1,50,100,48MB,4000,370.55,oltp_read_write,64,1000000,4
1GB,2,2,1,ON,1,1024,1,25,100,48MB,4000,293.78,oltp_read_write,64,1000000,4
1GB,2,2,1,ON,1,1024,1,25,5000,48MB,4000,266.19,oltp_read_write,64,1000000,4
1GB,2,2,1,ON,1,1024,1,25,10000,48MB,4000,278.18,oltp_read_write,64,1000000,4
1GB,2,2,1,ON,1,1024,1,25,20000,48MB,4000,260.94,oltp_read_write,64,1000000,4
2GB,2,2,1,ON,1,1024,1,25,100,48MB,4000,307.46,oltp_read_write,64,1000000,4
2GB,2,2,1,ON,1,1024,1,25,5000,48MB,4000,279.59,oltp_read_write,64,1000000,4
2GB,2,2,1,ON,1,1024,1,25,10000,48MB,4000,277.23,oltp_read_write,64,1000000,4
2GB,2,2,1,ON,1,1024,1,25,20000,48MB,4000,268.18,oltp_read_write,64,1000000,4
3GB,2,2,1,ON,1,1024,1,25,100,48MB,4000,330.38,oltp_read_write,64,1000000,4
3GB,2,2,1,ON,1,1024,1,25,5000,48MB,4000,282.95,oltp_read_write,64,1000000,4
3GB,2,2,1,ON,1,1024,1,25,10000,48MB,4000,299.04,oltp_read_write,64,1000000,4
3GB,2,2,1,ON,1,1024,1,25,20000,48MB,4000,290.05,oltp_read_write,64,1000000,4
4GB,2,2,1,ON,1,1024,1,25,100,48MB,4000,325.86,oltp_read_write,64,1000000,4
4GB,2,2,1,ON,1,1024,1,25,5000,48MB,4000,289.4,oltp_read_write,64,1000000,4
4GB,2,2,1,ON,1,1024,1,25,10000,48MB,4000,305.01,oltp_read_write,64,1000000,4
4GB,2,2,1,ON,1,1024,1,25,20000,48MB,4000,278.12,oltp_read_write,64,1000000,4
6GB,2,2,1,ON,1,1024,1,25,100,48MB,4000,351.25,oltp_read_write,64,1000000,4
6GB,2,2,1,ON,1,1024,1,25,5000,48MB,4000,317.23,oltp_read_write,64,1000000,4
6GB,2,2,1,ON,1,1024,1,25,10000,48MB,4000,321.64,oltp_read_write,64,1000000,4
6GB,2,2,1,ON,1,1024,1,25,20000,48MB,4000,316.99,oltp_read_write,64,1000000,4
8GB,2,2,1,ON,1,1024,1,25,100,48MB,4000,380.91,oltp_read_write,64,1000000,4
8GB,2,2,1,ON,1,1024,1,25,5000,48MB,4000,321.38,oltp_read_write,64,1000000,4
8GB,2,2,1,ON,1,1024,1,25,10000,48MB,4000,330.38,oltp_read_write,64,1000000,4
8GB,2,2,1,ON,1,1024,1,25,20000,48MB,4000,313.55,oltp_read_write,64,1000000,4
9GB,2,2,1,ON,1,1024,1,25,100,48MB,4000,397.67,oltp_read_write,64,1000000,4
9GB,2,2,1,ON,1,1024,1,25,5000,48MB,4000,319.08,oltp_read_write,64,1000000,4
9GB,2,2,1,ON,1,1024,1,25,10000,48MB,4000,343.86,oltp_read_write,64,1000000,4
9GB,2,2,1,ON,1,1024,1,25,20000,48MB,4000,316.94,oltp_read_write,64,1000000,4
12GB,2,2,1,ON,1,1024,1,25,100,48MB,4000,393.06,oltp_read_write,64,1000000,4
12GB,2,2,1,ON,1,1024,1,25,5000,48MB,4000,354.96,oltp_read_write,64,1000000,4
12GB,2,2,1,ON,1,1024,1,25,10000,48MB,4000,345.49,oltp_read_write,64,1000000,4
12GB,2,2,1,ON,1,1024,1,25,20000,48MB,4000,319.27,oltp_read_write,64,1000000,4
16GB,2,2,1,ON,1,1024,1,25,100,48MB,4000,404.47,oltp_read_write,64,1000000,4
16GB,2,2,1,ON,1,1024,1,25,5000,48MB,4000,340.31,oltp_read_write,64,1000000,4
16GB,2,2,1,ON,1,1024,1,25,10000,48MB,4000,364.08,oltp_read_write,64,1000000,4
16GB,2,2,1,ON,1,1024,1,25,20000,48MB,4000,321.54,oltp_read_write,64,1000000,4
18GB,2,2,1,ON,1,1024,1,25,100,48MB,4000,401.27,oltp_read_write,64,1000000,4
18GB,2,2,1,ON,1,1024,1,25,5000,48MB,4000,350.27,oltp_read_write,64,1000000,4
18GB,2,2,1,ON,1,1024,1,25,10000,48MB,4000,331.69,oltp_read_write,64,1000000,4
18GB,2,2,1,ON,1,1024,1,25,20000,48MB,4000,326.46,oltp_read_write,64,1000000,4
24GB,2,2,1,ON,1,1024,1,25,100,48MB,4000,399.08,oltp_read_write,64,1000000,4
24GB,2,2,1,ON,1,1024,1,25,5000,48MB,4000,312.43,oltp_read_write,64,1000000,4
24GB,2,2,1,ON,1,1024,1,25,10000,48MB,4000,332.36,oltp_read_write,64,1000000,4
24GB,2,2,1,ON,1,1024,1,25,20000,48MB,4000,328.37,oltp_read_write,64,1000000,4
1GB,2,2,1,ON,1,1024,1,25,100,4MB,4000,278.99,oltp_read_write,64,1000000,4
1GB,2,2,1,ON,1,1024,1,25,100,48MB,4000,265.78,oltp_read_write,64,1000000,4
1GB,2,2,1,ON,1,1024,1,25,100,512MB,4000,309.73,oltp_read_write,64,1000000,4
1GB,2,2,1,ON,1,1024,1,25,100,5GB,4000,317.83,oltp_read_write,64,1000000,4
2GB,2,2,1,ON,1,1024,1,25,100,4MB,4000,268.87,oltp_read_write,64,1000000,4
2GB,2,2,1,ON,1,1024,1,25,100,48MB,4000,279.23,oltp_read_write,64,1000000,4
2GB,2,2,1,ON,1,1024,1,25,100,512MB,4000,338.25,oltp_read_write,64,1000000,4
2GB,2,2,1,ON,1,1024,1,25,100,5GB,4000,330.59,oltp_read_write,64,1000000,4
3GB,2,2,1,ON,1,1024,1,25,100,4MB,4000,256.7,oltp_read_write,64,1000000,4
3GB,2,2,1,ON,1,1024,1,25,100,48MB,4000,298.77,oltp_read_write,64,1000000,4
3GB,2,2,1,ON,1,1024,1,25,100,512MB,4000,345.57,oltp_read_write,64,1000000,4
3GB,2,2,1,ON,1,1024,1,25,100,5GB,4000,357.67,oltp_read_write,64,1000000,4
4GB,2,2,1,ON,1,1024,1,25,100,4MB,4000,255.99,oltp_read_write,64,1000000,4
4GB,2,2,1,ON,1,1024,1,25,100,48MB,4000,301.33,oltp_read_write,64,1000000,4
4GB,2,2,1,ON,1,1024,1,25,100,512MB,4000,360.3,oltp_read_write,64,1000000,4
4GB,2,2,1,ON,1,1024,1,25,100,5GB,4000,350.49,oltp_read_write,64,1000000,4
6GB,2,2,1,ON,1,1024,1,25,100,4MB,4000,262.79,oltp_read_write,64,1000000,4
6GB,2,2,1,ON,1,1024,1,25,100,48MB,4000,316.06,oltp_read_write,64,1000000,4
6GB,2,2,1,ON,1,1024,1,25,100,512MB,4000,367.0,oltp_read_write,64,1000000,4
6GB,2,2,1,ON,1,1024,1,25,100,5GB,4000,377.33,oltp_read_write,64,1000000,4
8GB,2,2,1,ON,1,1024,1,25,100,4MB,4000,277.42,oltp_read_write,64,1000000,4
8GB,2,2,1,ON,1,1024,1,25,100,48MB,4000,367.93,oltp_read_write,64,1000000,4
8GB,2,2,1,ON,1,1024,1,25,100,512MB,4000,408.8,oltp_read_write,64,1000000,4
8GB,2,2,1,ON,1,1024,1,25,100,5GB,4000,395.93,oltp_read_write,64,1000000,4
9GB,2,2,1,ON,1,1024,1,25,100,4MB,4000,268.45,oltp_read_write,64,1000000,4
9GB,2,2,1,ON,1,1024,1,25,100,48MB,4000,359.69,oltp_read_write,64,1000000,4
9GB,2,2,1,ON,1,1024,1,25,100,512MB,4000,429.06,oltp_read_write,64,1000000,4
9GB,2,2,1,ON,1,1024,1,25,100,5GB,4000,417.54,oltp_read_write,64,1000000,4
12GB,2,2,1,ON,1,1024,1,25,100,4MB,4000,244.3,oltp_read_write,64,1000000,4
12GB,2,2,1,ON,1,1024,1,25,100,48MB,4000,357.12,oltp_read_write,64,1000000,4
12GB,2,2,1,ON,1,1024,1,25,100,512MB,4000,443.2,oltp_read_write,64,1000000,4
12GB,2,2,1,ON,1,1024,1,25,100,5GB,4000,439.38,oltp_read_write,64,1000000,4
16GB,2,2,1,ON,1,1024,1,25,100,4MB,4000,258.99,oltp_read_write,64,1000000,4
16GB,2,2,1,ON,1,1024,1,25,100,48MB,4000,365.22,oltp_read_write,64,1000000,4
16GB,2,2,1,ON,1,1024,1,25,100,512MB,4000,445.2,oltp_read_write,64,1000000,4
16GB,2,2,1,ON,1,1024,1,25,100,5GB,4000,433.34,oltp_read_write,64,1000000,4
18GB,2,2,1,ON,1,1024,1,25,100,4MB,4000,260.76,oltp_read_write,64,1000000,4
18GB,2,2,1,ON,1,1024,1,25,100,48MB,4000,358.38,oltp_read_write,64,1000000,4
18GB,2,2,1,ON,1,1024,1,25,100,512MB,4000,446.4,oltp_read_write,64,1000000,4
18GB,2,2,1,ON,1,1024,1,25,100,5GB,4000,432.94,oltp_read_write,64,1000000,4
24GB,2,2,1,ON,1,1024,1,25,100,4MB,4000,242.13,oltp_read_write,64,1000000,4
24GB,2,2,1,ON,1,1024,1,25,100,48MB,4000,348.86,oltp_read_write,64,1000000,4
24GB,2,2,1,ON,1,1024,1,25,100,512MB,4000,428.53,oltp_read_write,64,1000000,4
24GB,2,2,1,ON,1,1024,1,25,100,5GB,4000,407.04,oltp_read_write,64,1000000,4
1GB,2,2,1,ON,1,1024,1,25,100,48MB,1,249.93,oltp_read_write,64,1000000,4
1GB,2,2,1,ON,1,1024,1,25,100,48MB,1000,292.99,oltp_read_write,64,1000000,4
1GB,2,2,1,ON,1,1024,1,25,100,48MB,2000,301.72,oltp_read_write,64,1000000,4
1GB,2,2,1,ON,1,1024,1,25,100,48MB,4000,298.7,oltp_read_write,64,1000000,4
2GB,2,2,1,ON,1,1024,1,25,100,48MB,1,277.43,oltp_read_write,64,1000000,4
2GB,2,2,1,ON,1,1024,1,25,100,48MB,1000,314.37,oltp_read_write,64,1000000,4
2GB,2,2,1,ON,1,1024,1,25,100,48MB,2000,326.76,oltp_read_write,64,1000000,4
2GB,2,2,1,ON,1,1024,1,25,100,48MB,4000,326.43,oltp_read_write,64,1000000,4
3GB,2,2,1,ON,1,1024,1,25,100,48MB,1,282.74,oltp_read_write,64,1000000,4
3GB,2,2,1,ON,1,1024,1,25,100,48MB,1000,312.12,oltp_read_write,64,1000000,4
3GB,2,2,1,ON,1,1024,1,25,100,48MB,2000,325.48,oltp_read_write,64,1000000,4
3GB,2,2,1,ON,1,1024,1,25,100,48MB,4000,326.31,oltp_read_write,64,1000000,4
4GB,2,2,1,ON,1,1024,1,25,100,48MB,1,279.05,oltp_read_write,64,1000000,4
4GB,2,2,1,ON,1,1024,1,25,100,48MB,1000,338.98,oltp_read_write,64,1000000,4
4GB,2,2,1,ON,1,1024,1,25,100,48MB,2000,327.03,oltp_read_write,64,1000000,4
4GB,2,2,1,ON,1,1024,1,25,100,48MB,4000,326.8,oltp_read_write,64,1000000,4
6GB,2,2,1,ON,1,1024,1,25,100,48MB,1,302.43,oltp_read_write,64,1000000,4
6GB,2,2,1,ON,1,1024,1,25,100,48MB,1000,364.59,oltp_read_write,64,1000000,4
6GB,2,2,1,ON,1,1024,1,25,100,48MB,2000,344.53,oltp_read_write,64,1000000,4
6GB,2,2,1,ON,1,1024,1,25,100,48MB,4000,357.32,oltp_read_write,64,1000000,4
8GB,2,2,1,ON,1,1024,1,25,100,48MB,1,312.27,oltp_read_write,64,1000000,4
8GB,2,2,1,ON,1,1024,1,25,100,48MB,1000,387.25,oltp_read_write,64,1000000,4
8GB,2,2,1,ON,1,1024,1,25,100,48MB,2000,370.19,oltp_read_write,64,1000000,4
8GB,2,2,1,ON,1,1024,1,25,100,48MB,4000,380.87,oltp_read_write,64,1000000,4
9GB,2,2,1,ON,1,1024,1,25,100,48MB,1,318.88,oltp_read_write,64,1000000,4
9GB,2,2,1,ON,1,1024,1,25,100,48MB,1000,391.03,oltp_read_write,64,1000000,4
9GB,2,2,1,ON,1,1024,1,25,100,48MB,2000,382.7,oltp_read_write,64,1000000,4
9GB,2,2,1,ON,1,1024,1,25,100,48MB,4000,375.94,oltp_read_write,64,1000000,4
12GB,2,2,1,ON,1,1024,1,25,100,48MB,1,315.05,oltp_read_write,64,1000000,4
12GB,2,2,1,ON,1,1024,1,25,100,48MB,1000,380.9,oltp_read_write,64,1000000,4
12GB,2,2,1,ON,1,1024,1,25,100,48MB,2000,389.53,oltp_read_write,64,1000000,4
12GB,2,2,1,ON,1,1024,1,25,100,48MB,4000,393.63,oltp_read_write,64,1000000,4
16GB,2,2,1,ON,1,1024,1,25,100,48MB,1,308.64,oltp_read_write,64,1000000,4
16GB,2,2,1,ON,1,1024,1,25,100,48MB,1000,396.67,oltp_read_write,64,1000000,4
16GB,2,2,1,ON,1,1024,1,25,100,48MB,2000,398.18,oltp_read_write,64,1000000,4
16GB,2,2,1,ON,1,1024,1,25,100,48MB,4000,380.33,oltp_read_write,64,1000000,4
18GB,2,2,1,ON,1,1024,1,25,100,48MB,1,308.35,oltp_read_write,64,1000000,4
18GB,2,2,1,ON,1,1024,1,25,100,48MB,1000,382.46,oltp_read_write,64,1000000,4
18GB,2,2,1,ON,1,1024,1,25,100,48MB,2000,382.92,oltp_read_write,64,1000000,4
18GB,2,2,1,ON,1,1024,1,25,100,48MB,4000,381.56,oltp_read_write,64,1000000,4
24GB,2,2,1,ON,1,1024,1,25,100,48MB,1,303.41,oltp_read_write,64,1000000,4
24GB,2,2,1,ON,1,1024,1,25,100,48MB,1000,383.61,oltp_read_write,64,1000000,4
24GB,2,2,1,ON,1,1024,1,25,100,48MB,2000,390.83,oltp_read_write,64,1000000,4
24GB,2,2,1,ON,1,1024,1,25,100,48MB,4000,374.99,oltp_read_write,64,1000000,4
1GB,1,1,1,ON,1,1024,1,25,100,48MB,4000,284.82,oltp_read_write,64,1000000,4
1GB,1,2,1,ON,1,1024,1,25,100,48MB,4000,302.92,oltp_read_write,64,1000000,4
1GB,1,3,1,ON,1,1024,1,25,100,48MB,4000,298.92,oltp_read_write,64,1000000,4
1GB,1,7,1,ON,1,1024,1,25,100,48MB,4000,314.28,oltp_read_write,64,1000000,4
1GB,1,15,1,ON,1,1024,1,25,100,48MB,4000,301.11,oltp_read_write,64,1000000,4
1GB,1,23,1,ON,1,1024,1,25,100,48MB,4000,275.96,oltp_read_write,64,1000000,4
1GB,2,1,1,ON,1,1024,1,25,100,48MB,4000,301.62,oltp_read_write,64,1000000,4
1GB,2,2,1,ON,1,1024,1,25,100,48MB,4000,305.88,oltp_read_write,64,1000000,4
1GB,2,3,1,ON,1,1024,1,25,100,48MB,4000,306.04,oltp_read_write,64,1000000,4
1GB,2,7,1,ON,1,1024,1,25,100,48MB,4000,295.57,oltp_read_write,64,1000000,4
1GB,2,15,1,ON,1,1024,1,25,100,48MB,4000,279.66,oltp_read_write,64,1000000,4
1GB,3,1,1,ON,1,1024,1,25,100,48MB,4000,293.93,oltp_read_write,64,1000000,4
1GB,3,2,1,ON,1,1024,1,25,100,48MB,4000,299.23,oltp_read_write,64,1000000,4
1GB,3,3,1,ON,1,1024,1,25,100,48MB,4000,314.91,oltp_read_write,64,1000000,4
1GB,3,7,1,ON,1,1024,1,25,100,48MB,4000,286.79,oltp_read_write,64,1000000,4
1GB,3,15,1,ON,1,1024,1,25,100,48MB,4000,299.95,oltp_read_write,64,1000000,4
1GB,7,1,1,ON,1,1024,1,25,100,48MB,4000,303.12,oltp_read_write,64,1000000,4
1GB,7,2,1,ON,1,1024,1,25,100,48MB,4000,304.76,oltp_read_write,64,1000000,4
1GB,7,3,1,ON,1,1024,1,25,100,48MB,4000,304.23,oltp_read_write,64,1000000,4
1GB,7,7,1,ON,1,1024,1,25,100,48MB,4000,296.87,oltp_read_write,64,1000000,4
1GB,7,15,1,ON,1,1024,1,25,100,48MB,4000,290.18,oltp_read_write,64,1000000,4
1GB,15,1,1,ON,1,1024,1,25,100,48MB,4000,309.95,oltp_read_write,64,1000000,4
1GB,15,2,1,ON,1,1024,1,25,100,48MB,4000,306.38,oltp_read_write,64,1000000,4
1GB,15,3,1,ON,1,1024,1,25,100,48MB,4000,308.41,oltp_read_write,64,1000000,4
1GB,15,7,1,ON,1,1024,1,25,100,48MB,4000,291.43,oltp_read_write,64,1000000,4
1GB,23,1,1,ON,1,1024,1,25,100,48MB,4000,311.36,oltp_read_write,64,1000000,4
1GB,1,2,0,ON,1,1024,1,25,100,48MB,4000,301.29,oltp_read_write,64,1000000,4
1GB,1,2,1,ON,1,1024,1,25,100,48MB,4000,297.7,oltp_read_write,64,1000000,4
1GB,1,2,2,ON,1,1024,1,25,100,48MB,4000,309.8,oltp_read_write,64,1000000,4
1GB,2,2,0,ON,1,1024,1,25,100,48MB,4000,306.47,oltp_read_write,64,1000000,4
1GB,2,2,1,ON,1,1024,1,25,100,48MB,4000,301.14,oltp_read_write,64,1000000,4
1GB,2,2,2,ON,1,1024,1,25,100,48MB,4000,311.86,oltp_read_write,64,1000000,4
1GB,3,2,0,ON,1,1024,1,25,100,48MB,4000,295.04,oltp_read_write,64,1000000,4
1GB,3,2,1,ON,1,1024,1,25,100,48MB,4000,316.86,oltp_read_write,64,1000000,4
1GB,3,2,2,ON,1,1024,1,25,100,48MB,4000,299.27,oltp_read_write,64,1000000,4
1GB,7,2,0,ON,1,1024,1,25,100,48MB,4000,301.38,oltp_read_write,64,1000000,4
1GB,7,2,1,ON,1,1024,1,25,100,48MB,4000,306.87,oltp_read_write,64,1000000,4
1GB,7,2,2,ON,1,1024,1,25,100,48MB,4000,305.46,oltp_read_write,64,1000000,4
1GB,15,2,0,ON,1,1024,1,25,100,48MB,4000,301.7,oltp_read_write,64,1000000,4
1GB,15,2,1,ON,1,1024,1,25,100,48MB,4000,308.17,oltp_read_write,64,1000000,4
1GB,15,2,2,ON,1,1024,1,25,100,48MB,4000,305.45,oltp_read_write,64,1000000,4
1GB,1,2,1,ON,1,1024,1,25,100,48MB,4000,299.57,oltp_read_write,64,1000000,4
1GB,1,2,1,OFF,1,1024,1,25,100,48MB,4000,308.34,oltp_read_write,64,1000000,4
1GB,2,2,1,ON,1,1024,1,25,100,48MB,4000,309.47,oltp_read_write,64,1000000,4
1GB,2,2,1,OFF,1,1024,1,25,100,48MB,4000,297.34,oltp_read_write,64,1000000,4
1GB,3,2,1,ON,1,1024,1,25,100,48MB,4000,306.71,oltp_read_write,64,1000000,4
1GB,3,2,1,OFF,1,1024,1,25,100,48MB,4000,298.02,oltp_read_write,64,1000000,4
1GB,7,2,1,ON,1,1024,1,25,100,48MB,4000,293.69,oltp_read_write,64,1000000,4
1GB,7,2,1,OFF,1,1024,1,25,100,48MB,4000,293.1,oltp_read_write,64,1000000,4
1GB,15,2,1,ON,1,1024,1,25,100,48MB,4000,304.25,oltp_read_write,64,1000000,4
1GB,15,2,1,OFF,1,1024,1,25,100,48MB,4000,305.57,oltp_read_write,64,1000000,4
1GB,1,2,1,ON,0,1024,1,25,100,48MB,4000,307.54,oltp_read_write,64,1000000,4
1GB,1,2,1,ON,1,1024,1,25,100,48MB,4000,295.92,oltp_read_write,64,1000000,4
1GB,2,2,1,ON,0,1024,1,25,100,48MB,4000,291.86,oltp_read_write,64,1000000,4
1GB,2,2,1,ON,1,1024,1,25,100,48MB,4000,306.72,oltp_read_write,64,1000000,4
1GB,3,2,1,ON,0,1024,1,25,100,48MB,4000,291.16,oltp_read_write,64,1000000,4
1GB,3,2,1,ON,1,1024,1,25,100,48MB,4000,313.9,oltp_read_write,64,1000000,4
1GB,7,2,1,ON,0,1024,1,25,100,48MB,4000,309.89,oltp_read_write,64,1000000,4
1GB,7,2,1,ON,1,1024,1,25,100,48MB,4000,310.45,oltp_read_write,64,1000000,4
1GB,15,2,1,ON,0,1024,1,25,100,48MB,4000,308.76,oltp_read_write,64,1000000,4
1GB,15,2,1,ON,1,1024,1,25,100,48MB,4000,300.38,oltp_read_write,64,1000000,4
1GB,1,2,1,ON,1,100,1,25,100,48MB,4000,306.18,oltp_read_write,64,1000000,4
1GB,1,2,1,ON,1,1024,1,25,100,48MB,4000,310.6,oltp_read_write,64,1000000,4
1GB,1,2,1,ON,1,5000,1,25,100,48MB,4000,306.99,oltp_read_write,64,1000000,4
1GB,1,2,1,ON,1,10000,1,25,100,48MB,4000,300.18,oltp_read_write,64,1000000,4
1GB,2,2,1,ON,1,100,1,25,100,48MB,4000,316.25,oltp_read_write,64,1000000,4
1GB,2,2,1,ON,1,1024,1,25,100,48MB,4000,300.84,oltp_read_write,64,1000000,4
1GB,2,2,1,ON,1,5000,1,25,100,48MB,4000,310.13,oltp_read_write,64,1000000,4
1GB,2,2,1,ON,1,10000,1,25,100,48MB,4000,308.2,oltp_read_write,64,1000000,4
1GB,3,2,1,ON,1,100,1,25,100,48MB,4000,316.52,oltp_read_write,64,1000000,4
1GB,3,2,1,ON,1,1024,1,25,100,48MB,4000,297.58,oltp_read_write,64,1000000,4
1GB,3,2,1,ON,1,5000,1,25,100,48MB,4000,307.62,oltp_read_write,64,1000000,4
1GB,3,2,1,ON,1,10000,1,25,100,48MB,4000,297.07,oltp_read_write,64,1000000,4
1GB,7,2,1,ON,1,100,1,25,100,48MB,4000,310.89,oltp_read_write,64,1000000,4
1GB,7,2,1,ON,1,1024,1,25,100,48MB,4000,301.68,oltp_read_write,64,1000000,4
1GB,7,2,1,ON,1,5000,1,25,100,48MB,4000,310.52,oltp_read_write,64,1000000,4
1GB,7,2,1,ON,1,10000,1,25,100,48MB,4000,303.53,oltp_read_write,64,1000000,4
1GB,15,2,1,ON,1,100,1,25,100,48MB,4000,308.91,oltp_read_write,64,1000000,4
1GB,15,2,1,ON,1,1024,1,25,100,48MB,4000,296.18,oltp_read_write,64,1000000,4
1GB,15,2,1,ON,1,5000,1,25,100,48MB,4000,304.24,oltp_read_write,64,1000000,4
1GB,15,2,1,ON,1,10000,1,25,100,48MB,4000,301.95,oltp_read_write,64,1000000,4
1GB,1,2,1,ON,1,1024,1,25,100,48MB,4000,307.27,oltp_read_write,64,1000000,4
1GB,1,2,1,ON,1,1024,2,25,100,48MB,4000,307.92,oltp_read_write,64,1000000,4
1GB,1,2,1,ON,1,1024,4,25,100,48MB,4000,320.68,oltp_read_write,64,1000000,4
1GB,1,2,1,ON,1,1024,8,25,100,48MB,4000,310.95,oltp_read_write,64,1000000,4
1GB,2,2,1,ON,1,1024,1,25,100,48MB,4000,292.36,oltp_read_write,64,1000000,4
1GB,2,2,1,ON,1,1024,2,25,100,48MB,4000,302.24,oltp_read_write,64,1000000,4
1GB,2,2,1,ON,1,1024,4,25,100,48MB,4000,315.54,oltp_read_write,64,1000000,4
1GB,2,2,1,ON,1,1024,8,25,100,48MB,4000,312.05,oltp_read_write,64,1000000,4
1GB,3,2,1,ON,1,1024,1,25,100,48MB,4000,308.04,oltp_read_write,64,1000000,4
1GB,3,2,1,ON,1,1024,2,25,100,48MB,4000,295.27,oltp_read_write,64,1000000,4
1GB,3,2,1,ON,1,1024,4,25,100,48MB,4000,306.95,oltp_read_write,64,1000000,4
1GB,3,2,1,ON,1,1024,8,25,100,48MB,4000,315.25,oltp_read_write,64,1000000,4
1GB,7,2,1,ON,1,1024,1,25,100,48MB,4000,310.41,oltp_read_write,64,1000000,4
1GB,7,2,1,ON,1,1024,2,25,100,48MB,4000,312.46,oltp_read_write,64,1000000,4
1GB,7,2,1,ON,1,1024,4,25,100,48MB,4000,323.75,oltp_read_write,64,1000000,4
1GB,7,2,1,ON,1,1024,8,25,100,48MB,4000,318.36,oltp_read_write,64,1000000,4
1GB,15,2,1,ON,1,1024,1,25,100,48MB,4000,303.63,oltp_read_write,64,1000000,4
1GB,15,2,1,ON,1,1024,2,25,100,48MB,4000,304.41,oltp_read_write,64,1000000,4
1GB,15,2,1,ON,1,1024,4,25,100,48MB,4000,305.17,oltp_read_write,64,1000000,4
1GB,15,2,1,ON,1,1024,8,25,100,48MB,4000,304.81,oltp_read_write,64,1000000,4
1GB,1,2,1,ON,1,1024,1,0,100,48MB,4000,271.02,oltp_read_write,64,1000000,4
1GB,1,2,1,ON,1,1024,1,10,100,48MB,4000,303.05,oltp_read_write,64,1000000,4
1GB,1,2,1,ON,1,1024,1,25,100,48MB,4000,299.85,oltp_read_write,64,1000000,4
1GB,1,2,1,ON,1,1024,1,50,100,48MB,4000,303.87,oltp_read_write,64,1000000,4
1GB,2,2,1,ON,1,1024,1,0,100,48MB,4000,258.75,oltp_read_write,64,1000000,4
1GB,2,2,1,ON,1,1024,1,10,100,48MB,4000,301.59,oltp_read_write,64,1000000,4
1GB,2,2,1,ON,1,1024,1,25,100,48MB,4000,288.24,oltp_read_write,64,1000000,4
1GB,2,2,1,ON,1,1024,1,50,100,48MB,4000,308.3,oltp_read_write,64,1000000,4
1GB,3,2,1,ON,1,1024,1,0,100,48MB,4000,262.72,oltp_read_write,64,1000000,4
1GB,3,2,1,ON,1,1024,1,10,100,48MB,4000,303.17,oltp_read_write,64,1000000,4
1GB,3,2,1,ON,1,1024,1,25,100,48MB,4000,294.23,oltp_read_write,64,1000000,4
1GB,3,2,1,ON,1,1024,1,50,100,48MB,4000,300.55,oltp_read_write,64,1000000,4
1GB,7,2,1,ON,1,1024,1,0,100,48MB,4000,260.71,oltp_read_write,64,1000000,4
1GB,7,2,1,ON,1,1024,1,10,100,48MB,4000,292.64,oltp_read_write,64,1000000,4
1GB,7,2,1,ON,1,1024,1,25,100,48MB,4000,304.46,oltp_read_write,64,1000000,4
1GB,7,2,1,ON,1,1024,1,50,100,48MB,4000,298.53,oltp_read_write,64,1000000,4
1GB,15,2,1,ON,1,1024,1,0,100,48MB,4000,270.53,oltp_read_write,64,1000000,4
1GB,15,2,1,ON,1,1024,1,10,100,48MB,4000,306.07,oltp_read_write,64,1000000,4
1GB,15,2,1,ON,1,1024,1,25,100,48MB,4000,302.7,oltp_read_write,64,1000000,4
1GB,15,2,1,ON,1,1024,1,50,100,48MB,4000,300.93,oltp_read_write,64,1000000,4
1GB,1,2,1,ON,1,1024,1,25,100,48MB,4000,310.62,oltp_read_write,64,1000000,4
1GB,1,2,1,ON,1,1024,1,25,5000,48MB,4000,274.83,oltp_read_write,64,1000000,4
1GB,1,2,1,ON,1,1024,1,25,10000,48MB,4000,274.36,oltp_read_write,64,1000000,4
1GB,1,2,1,ON,1,1024,1,25,20000,48MB,4000,222.8,oltp_read_write,64,1000000,4
1GB,2,2,1,ON,1,1024,1,25,100,48MB,4000,256.31,oltp_read_write,64,1000000,4
1GB,2,2,1,ON,1,1024,1,25,5000,48MB,4000,280.23,oltp_read_write,64,1000000,4
1GB,2,2,1,ON,1,1024,1,25,10000,48MB,4000,259.98,oltp_read_write,64,1000000,4
1GB,2,2,1,ON,1,1024,1,25,20000,48MB,4000,214.45,oltp_read_write,64,1000000,4
1GB,3,2,1,ON,1,1024,1,25,100,48MB,4000,259.89,oltp_read_write,64,1000000,4
1GB,3,2,1,ON,1,1024,1,25,5000,48MB,4000,278.51,oltp_read_write,64,1000000,4
1GB,3,2,1,ON,1,1024,1,25,10000,48MB,4000,264.28,oltp_read_write,64,1000000,4
1GB,3,2,1,ON,1,1024,1,25,20000,48MB,4000,210.8,oltp_read_write,64,1000000,4
1GB,7,2,1,ON,1,1024,1,25,100,48MB,4000,255.1,oltp_read_write,64,1000000,4
1GB,7,2,1,ON,1,1024,1,25,5000,48MB,4000,286.54,oltp_read_write,64,1000000,4
1GB,7,2,1,ON,1,1024,1,25,10000,48MB,4000,265.74,oltp_read_write,64,1000000,4
1GB,7,2,1,ON,1,1024,1,25,20000,48MB,4000,211.87,oltp_read_write,64,1000000,4
1GB,15,2,1,ON,1,1024,1,25,100,48MB,4000,267.45,oltp_read_write,64,1000000,4
1GB,15,2,1,ON,1,1024,1,25,5000,48MB,4000,286.48,oltp_read_write,64,1000000,4
1GB,15,2,1,ON,1,1024,1,25,10000,48MB,4000,276.06,oltp_read_write,64,1000000,4
1GB,15,2,1,ON,1,1024,1,25,20000,48MB,4000,236.49,oltp_read_write,64,1000000,4
1GB,1,2,1,ON,1,1024,1,25,100,4MB,4000,227.37,oltp_read_write,64,1000000,4
1GB,1,2,1,ON,1,1024,1,25,100,48MB,4000,276.83,oltp_read_write,64,1000000,4
1GB,1,2,1,ON,1,1024,1,25,100,512MB,4000,316.72,oltp_read_write,64,1000000,4
1GB,1,2,1,ON,1,1024,1,25,100,5GB,4000,302.38,oltp_read_write,64,1000000,4
1GB,2,2,1,ON,1,1024,1,25,100,4MB,4000,261.4,oltp_read_write,64,1000000,4
1GB,2,2,1,ON,1,1024,1,25,100,48MB,4000,271.49,oltp_read_write,64,1000000,4
1GB,2,2,1,ON,1,1024,1,25,100,512MB,4000,314.3,oltp_read_write,64,1000000,4
1GB,2,2,1,ON,1,1024,1,25,100,5GB,4000,305.55,oltp_read_write,64,1000000,4
1GB,3,2,1,ON,1,1024,1,25,100,4MB,4000,255.0,oltp_read_write,64,1000000,4
1GB,3,2,1,ON,1,1024,1,25,100,48MB,4000,274.02,oltp_read_write,64,1000000,4
1GB,3,2,1,ON,1,1024,1,25,100,512MB,4000,310.23,oltp_read_write,64,1000000,4
1GB,3,2,1,ON,1,1024,1,25,100,5GB,4000,302.36,oltp_read_write,64,1000000,4
1GB,7,2,1,ON,1,1024,1,25,100,4MB,4000,259.47,oltp_read_write,64,1000000,4
1GB,7,2,1,ON,1,1024,1,25,100,48MB,4000,274.3,oltp_read_write,64,1000000,4
1GB,7,2,1,ON,1,1024,1,25,100,512MB,4000,312.87,oltp_read_write,64,1000000,4
1GB,7,2,1,ON,1,1024,1,25,100,5GB,4000,299.3,oltp_read_write,64,1000000,4
1GB,15,2,1,ON,1,1024,1,25,100,4MB,4000,244.19,oltp_read_write,64,1000000,4
1GB,15,2,1,ON,1,1024,1,25,100,48MB,4000,263.52,oltp_read_write,64,1000000,4
1GB,15,2,1,ON,1,1024,1,25,100,512MB,4000,303.57,oltp_read_write,64,1000000,4
1GB,15,2,1,ON,1,1024,1,25,100,5GB,4000,302.3,oltp_read_write,64,1000000,4
1GB,1,2,1,ON,1,1024,1,25,100,48MB,1,254.4,oltp_read_write,64,1000000,4
1GB,1,2,1,ON,1,1024,1,25,100,48MB,1000,288.73,oltp_read_write,64,1000000,4
1GB,1,2,1,ON,1,1024,1,25,100,48MB,2000,307.01,oltp_read_write,64,1000000,4
1GB,1,2,1,ON,1,1024,1,25,100,48MB,4000,308.53,oltp_read_write,64,1000000,4
1GB,2,2,1,ON,1,1024,1,25,100,48MB,1,259.52,oltp_read_write,64,1000000,4
1GB,2,2,1,ON,1,1024,1,25,100,48MB,1000,295.64,oltp_read_write,64,1000000,4
1GB,2,2,1,ON,1,1024,1,25,100,48MB,2000,295.72,oltp_read_write,64,1000000,4
1GB,2,2,1,ON,1,1024,1,25,100,48MB,4000,303.42,oltp_read_write,64,1000000,4
1GB,3,2,1,ON,1,1024,1,25,100,48MB,1,271.62,oltp_read_write,64,1000000,4
1GB,3,2,1,ON,1,1024,1,25,100,48MB,1000,292.66,oltp_read_write,64,1000000,4
1GB,3,2,1,ON,1,1024,1,25,100,48MB,2000,315.58,oltp_read_write,64,1000000,4
1GB,3,2,1,ON,1,1024,1,25,100,48MB,4000,298.67,oltp_read_write,64,1000000,4
1GB,7,2,1,ON,1,1024,1,25,100,48MB,1,250.24,oltp_read_write,64,1000000,4
1GB,7,2,1,ON,1,1024,1,25,100,48MB,1000,309.62,oltp_read_write,64,1000000,4
1GB,7,2,1,ON,1,1024,1,25,100,48MB,2000,305.99,oltp_read_write,64,1000000,4
1GB,7,2,1,ON,1,1024,1,25,100,48MB,4000,297.18,oltp_read_write,64,1000000,4
1GB,15,2,1,ON,1,1024,1,25,100,48MB,1,264.75,oltp_read_write,64,1000000,4
1GB,15,2,1,ON,1,1024,1,25,100,48MB,1000,288.44,oltp_read_write,64,1000000,4
1GB,15,2,1,ON,1,1024,1,25,100,48MB,2000,303.01,oltp_read_write,64,1000000,4
1GB,15,2,1,ON,1,1024,1,25,100,48MB,4000,294.07,oltp_read_write,64,1000000,4
1GB,2,1,0,ON,1,1024,1,25,100,48MB,4000,301.04,oltp_read_write,64,1000000,4
1GB,2,1,1,ON,1,1024,1,25,100,48MB,4000,300.48,oltp_read_write,64,1000000,4
1GB,2,1,2,ON,1,1024,1,25,100,48MB,4000,311.96,oltp_read_write,64,1000000,4
1GB,2,2,0,ON,1,1024,1,25,100,48MB,4000,310.19,oltp_read_write,64,1000000,4
1GB,2,2,1,ON,1,1024,1,25,100,48MB,4000,300.22,oltp_read_write,64,1000000,4
1GB,2,2,2,ON,1,1024,1,25,100,48MB,4000,304.72,oltp_read_write,64,1000000,4
1GB,2,3,0,ON,1,1024,1,25,100,48MB,4000,312.15,oltp_read_write,64,1000000,4
1GB,2,3,1,ON,1,1024,1,25,100,48MB,4000,310.39,oltp_read_write,64,1000000,4
1GB,2,3,2,ON,1,1024,1,25,100,48MB,4000,303.69,oltp_read_write,64,1000000,4
1GB,2,7,0,ON,1,1024,1,25,100,48MB,4000,301.93,oltp_read_write,64,1000000,4
1GB,2,7,1,ON,1,1024,1,25,100,48MB,4000,296.24,oltp_read_write,64,1000000,4
1GB,2,7,2,ON,1,1024,1,25,100,48MB,4000,284.51,oltp_read_write,64,1000000,4
1GB,2,15,0,ON,1,1024,1,25,100,48MB,4000,295.27,oltp_read_write,64,1000000,4
1GB,2,15,1,ON,1,1024,1,25,100,48MB,4000,274.54,oltp_read_write,64,1000000,4
1GB,2,15,2,ON,1,1024,1,25,100,48MB,4000,279.4,oltp_read_write,64,1000000,4
1GB,2,1,1,ON,1,1024,1,25,100,48MB,4000,291.46,oltp_read_write,64,1000000,4
1GB,2,1,1,OFF,1,1024,1,25,100,48MB,4000,308.78,oltp_read_write,64,1000000,4
1GB,2,2,1,ON,1,1024,1,25,100,48MB,4000,299.5,oltp_read_write,64,1000000,4
1GB,2,2,1,OFF,1,1024,1,25,100,48MB,4000,286.36,oltp_read_write,64,1000000,4
1GB,2,3,1,ON,1,1024,1,25,100,48MB,4000,290.49,oltp_read_write,64,1000000,4
1GB,2,3,1,OFF,1,1024,1,25,100,48MB,4000,300.05,oltp_read_write,64,1000000,4
1GB,2,7,1,ON,1,1024,1,25,100,48MB,4000,286.29,oltp_read_write,64,1000000,4
1GB,2,7,1,OFF,1,1024,1,25,100,48MB,4000,310.89,oltp_read_write,64,1000000,4
1GB,2,15,1,ON,1,1024,1,25,100,48MB,4000,300.53,oltp_read_write,64,1000000,4
1GB,2,15,1,OFF,1,1024,1,25,100,48MB,4000,282.91,oltp_read_write,64,1000000,4
1GB,2,1,1,ON,0,1024,1,25,100,48MB,4000,306.42,oltp_read_write,64,1000000,4
1GB,2,1,1,ON,1,1024,1,25,100,48MB,4000,311.73,oltp_read_write,64,1000000,4
1GB,2,2,1,ON,0,1024,1,25,100,48MB,4000,311.49,oltp_read_write,64,1000000,4
1GB,2,2,1,ON,1,1024,1,25,100,48MB,4000,310.89,oltp_read_write,64,1000000,4
1GB,2,3,1,ON,0,1024,1,25,100,48MB,4000,299.31,oltp_read_write,64,1000000,4
1GB,2,3,1,ON,1,1024,1,25,100,48MB,4000,315.51,oltp_read_write,64,1000000,4
1GB,2,7,1,ON,0,1024,1,25,100,48MB,4000,296.72,oltp_read_write,64,1000000,4
1GB,2,7,1,ON,1,1024,1,25,100,48MB,4000,279.14,oltp_read_write,64,1000000,4
1GB,2,15,1,ON,0,1024,1,25,100,48MB,4000,292.53,oltp_read_write,64,1000000,4
1GB,2,15,1,ON,1,1024,1,25,100,48MB,4000,279.2,oltp_read_write,64,1000000,4
1GB,2,1,1,ON,1,100,1,25,100,48MB,4000,308.86,oltp_read_write,64,1000000,4
1GB,2,1,1,ON,1,1024,1,25,100,48MB,4000,294.56,oltp_read_write,64,1000000,4
1GB,2,1,1,ON,1,5000,1,25,100,48MB,4000,298.82,oltp_read_write,64,1000000,4
1GB,2,1,1,ON,1,10000,1,25,100,48MB,4000,305.87,oltp_read_write,64,1000000,4
1GB,2,2,1,ON,1,100,1,25,100,48MB,4000,319.08,oltp_read_write,64,1000000,4
1GB,2,2,1,ON,1,1024,1,25,100,48MB,4000,300.26,oltp_read_write,64,1000000,4
1GB,2,2,1,ON,1,5000,1,25,100,48MB,4000,307.63,oltp_read_write,64,1000000,4
1GB,2,2,1,ON,1,10000,1,25,100,48MB,4000,305.05,oltp_read_write,64,1000000,4
1GB,2,3,1,ON,1,100,1,25,100,48MB,4000,314.51,oltp_read_write,64,1000000,4
1GB,2,3,1,ON,1,1024,1,25,100,48MB,4000,307.67,oltp_read_write,64,1000000,4
1GB,2,3,1,ON,1,5000,1,25,100,48MB,4000,315.59,oltp_read_write,64,1000000,4
1GB,2,3,1,ON,1,10000,1,25,100,48MB,4000,314.1,oltp_read_write,64,1000000,4
1GB,2,7,1,ON,1,100,1,25,100,48MB,4000,328.19,oltp_read_write,64,1000000,4
1GB,2,7,1,ON,1,1024,1,25,100,48MB,4000,297.1,oltp_read_write,64,1000000,4
1GB,2,7,1,ON,1,5000,1,25,100,48MB,4000,297.72,oltp_read_write,64,1000000,4
1GB,2,7,1,ON,1,10000,1,25,100,48MB,4000,289.09,oltp_read_write,64,1000000,4
1GB,2,15,1,ON,1,100,1,25,100,48MB,4000,318.3,oltp_read_write,64,1000000,4
1GB,2,15,1,ON,1,1024,1,25,100,48MB,4000,293.78,oltp_read_write,64,1000000,4
1GB,2,15,1,ON,1,5000,1,25,100,48MB,4000,260.29,oltp_read_write,64,1000000,4
1GB,2,15,1,ON,1,10000,1,25,100,48MB,4000,265.89,oltp_read_write,64,1000000,4
1GB,2,1,1,ON,1,1024,1,25,100,48MB,4000,296.41,oltp_read_write,64,1000000,4
1GB,2,1,1,ON,1,1024,2,25,100,48MB,4000,308.86,oltp_read_write,64,1000000,4
1GB,2,1,1,ON,1,1024,4,25,100,48MB,4000,298.96,oltp_read_write,64,1000000,4
1GB,2,1,1,ON,1,1024,8,25,100,48MB,4000,326.87,oltp_read_write,64,1000000,4
1GB,2,2,1,ON,1,1024,1,25,100,48MB,4000,297.22,oltp_read_write,64,1000000,4
1GB,2,2,1,ON,1,1024,2,25,100,48MB,4000,303.67,oltp_read_write,64,1000000,4
1GB,2,2,1,ON,1,1024,4,25,100,48MB,4000,310.19,oltp_read_write,64,1000000,4
1GB,2,2,1,ON,1,1024,8,25,100,48MB,4000,306.0,oltp_read_write,64,1000000,4
1GB,2,3,1,ON,1,1024,1,25,100,48MB,4000,299.56,oltp_read_write,64,1000000,4
1GB,2,3,1,ON,1,1024,2,25,100,48MB,4000,300.78,oltp_read_write,64,1000000,4
1GB,2,3,1,ON,1,1024,4,25,100,48MB,4000,314.71,oltp_read_write,64,1000000,4
1GB,2,3,1,ON,1,1024,8,25,100,48MB,4000,313.11,oltp_read_write,64,1000000,4
1GB,2,7,1,ON,1,1024,1,25,100,48MB,4000,299.11,oltp_read_write,64,1000000,4
1GB,2,7,1,ON,1,1024,2,25,100,48MB,4000,272.85,oltp_read_write,64,1000000,4
1GB,2,7,1,ON,1,1024,4,25,100,48MB,4000,295.11,oltp_read_write,64,1000000,4
1GB,2,7,1,ON,1,1024,8,25,100,48MB,4000,282.37,oltp_read_write,64,1000000,4
1GB,2,15,1,ON,1,1024,1,25,100,48MB,4000,293.09,oltp_read_write,64,1000000,4
1GB,2,15,1,ON,1,1024,2,25,100,48MB,4000,281.11,oltp_read_write,64,1000000,4
1GB,2,15,1,ON,1,1024,4,25,100,48MB,4000,278.98,oltp_read_write,64,1000000,4
1GB,2,15,1,ON,1,1024,8,25,100,48MB,4000,271.14,oltp_read_write,64,1000000,4
1GB,2,1,1,ON,1,1024,1,0,100,48MB,4000,253.15,oltp_read_write,64,1000000,4
1GB,2,1,1,ON,1,1024,1,10,100,48MB,4000,300.77,oltp_read_write,64,1000000,4
1GB,2,1,1,ON,1,1024,1,25,100,48MB,4000,293.4,oltp_read_write,64,1000000,4
1GB,2,1,1,ON,1,1024,1,50,100,48MB,4000,293.66,oltp_read_write,64,1000000,4
1GB,2,2,1,ON,1,1024,1,0,100,48MB,4000,267.66,oltp_read_write,64,1000000,4
1GB,2,2,1,ON,1,1024,1,10,100,48MB,4000,297.74,oltp_read_write,64,1000000,4
1GB,2,2,1,ON,1,1024,1,25,100,48MB,4000,308.98,oltp_read_write,64,1000000,4
1GB,2,2,1,ON,1,1024,1,50,100,48MB,4000,305.57,oltp_read_write,64,1000000,4
1GB,2,3,1,ON,1,1024,1,0,100,48MB,4000,263.91,oltp_read_write,64,1000000,4
1GB,2,3,1,ON,1,1024,1,10,100,48MB,4000,290.14,oltp_read_write,64,1000000,4
1GB,2,3,1,ON,1,1024,1,25,100,48MB,4000,306.84,oltp_read_write,64,1000000,4
1GB,2,3,1,ON,1,1024,1,50,100,48MB,4000,299.36,oltp_read_write,64,1000000,4
1GB,2,7,1,ON,1,1024,1,0,100,48MB,4000,253.63,oltp_read_write,64,1000000,4
1GB,2,7,1,ON,1,1024,1,10,100,48MB,4000,272.98,oltp_read_write,64,1000000,4
1GB,2,7,1,ON,1,1024,1,25,100,48MB,4000,303.26,oltp_read_write,64,1000000,4
1GB,2,7,1,ON,1,1024,1,50,100,48MB,4000,314.25,oltp_read_write,64,1000000,4
1GB,2,15,1,ON,1,1024,1,0,100,48MB,4000,245.18,oltp_read_write,64,1000000,4
1GB,2,15,1,ON,1,1024,1,10,100,48MB,4000,275.58,oltp_read_write,64,1000000,4
1GB,2,15,1,ON,1,1024,1,25,100,48MB,4000,285.05,oltp_read_write,64,1000000,4
1GB,2,15,1,ON,1,1024,1,50,100,48MB,4000,281.4,oltp_read_write,64,1000000,4
1GB,2,1,1,ON,1,1024,1,25,100,48MB,4000,308.92,oltp_read_write,64,1000000,4
1GB,2,1,1,ON,1,1024,1,25,5000,48MB,4000,269.94,oltp_read_write,64,1000000,4
1GB,2,1,1,ON,1,1024,1,25,10000,48MB,4000,263.13,oltp_read_write,64,1000000,4
1GB,2,1,1,ON,1,1024,1,25,20000,48MB,4000,254.1,oltp_read_write,64,1000000,4
1GB,2,2,1,ON,1,1024,1,25,100,48MB,4000,299.59,oltp_read_write,64,1000000,4
1GB,2,2,1,ON,1,1024,1,25,5000,48MB,4000,293.31,oltp_read_write,64,1000000,4
1GB,2,2,1,ON,1,1024,1,25,10000,48MB,4000,261.59,oltp_read_write,64,1000000,4
1GB,2,2,1,ON,1,1024,1,25,20000,48MB,4000,226.07,oltp_read_write,64,1000000,4
1GB,2,3,1,ON,1,1024,1,25,100,48MB,4000,269.84,oltp_read_write,64,1000000,4
1GB,2,3,1,ON,1,1024,1,25,5000,48MB,4000,268.38,oltp_read_write,64,1000000,4
1GB,2,3,1,ON,1,1024,1,25,10000,48MB,4000,251.08,oltp_read_write,64,1000000,4
1GB,2,3,1,ON,1,1024,1,25,20000,48MB,4000,218.97,oltp_read_write,64,1000000,4
1GB,2,7,1,ON,1,1024,1,25,100,48MB,4000,274.47,oltp_read_write,64,1000000,4
1GB,2,7,1,ON,1,1024,1,25,5000,48MB,4000,257.37,oltp_read_write,64,1000000,4
1GB,2,7,1,ON,1,1024,1,25,10000,48MB,4000,229.45,oltp_read_write,64,1000000,4
1GB,2,7,1,ON,1,1024,1,25,20000,48MB,4000,225.25,oltp_read_write,64,1000000,4
1GB,2,15,1,ON,1,1024,1,25,100,48MB,4000,272.31,oltp_read_write,64,1000000,4
1GB,2,15,1,ON,1,1024,1,25,5000,48MB,4000,243.26,oltp_read_write,64,1000000,4
1GB,2,15,1,ON,1,1024,1,25,10000,48MB,4000,233.9,oltp_read_write,64,1000000,4
1GB,2,15,1,ON,1,1024,1,25,20000,48MB,4000,226.17,oltp_read_write,64,1000000,4
1GB,2,1,1,ON,1,1024,1,25,100,4MB,4000,231.98,oltp_read_write,64,1000000,4
1GB,2,1,1,ON,1,1024,1,25,100,48MB,4000,301.66,oltp_read_write,64,1000000,4
1GB,2,1,1,ON,1,1024,1,25,100,512MB,4000,296.64,oltp_read_write,64,1000000,4
1GB,2,1,1,ON,1,1024,1,25,100,5GB,4000,299.88,oltp_read_write,64,1000000,4
1GB,2,2,1,ON,1,1024,1,25,100,4MB,4000,268.36,oltp_read_write,64,1000000,4
1GB,2,2,1,ON,1,1024,1,25,100,48MB,4000,276.52,oltp_read_write,64,1000000,4
1GB,2,2,1,ON,1,1024,1,25,100,512MB,4000,317.11,oltp_read_write,64,1000000,4
1GB,2,2,1,ON,1,1024,1,25,100,5GB,4000,301.75,oltp_read_write,64,1000000,4
1GB,2,3,1,ON,1,1024,1,25,100,4MB,4000,264.64,oltp_read_write,64,1000000,4
1GB,2,3,1,ON,1,1024,1,25,100,48MB,4000,283.42,oltp_read_write,64,1000000,4
1GB,2,3,1,ON,1,1024,1,25,100,512MB,4000,309.82,oltp_read_write,64,1000000,4
1GB,2,3,1,ON,1,1024,1,25,100,5GB,4000,315.26,oltp_read_write,64,1000000,4
1GB,2,7,1,ON,1,1024,1,25,100,4MB,4000,255.46,oltp_read_write,64,1000000,4
1GB,2,7,1,ON,1,1024,1,25,100,48MB,4000,284.05,oltp_read_write,64,1000000,4
1GB,2,7,1,ON,1,1024,1,25,100,512MB,4000,309.56,oltp_read_write,64,1000000,4
1GB,2,7,1,ON,1,1024,1,25,100,5GB,4000,315.07,oltp_read_write,64,1000000,4
1GB,2,15,1,ON,1,1024,1,25,100,4MB,4000,246.68,oltp_read_write,64,1000000,4
1GB,2,15,1,ON,1,1024,1,25,100,48MB,4000,286.09,oltp_read_write,64,1000000,4
1GB,2,15,1,ON,1,1024,1,25,100,512MB,4000,297.41,oltp_read_write,64,1000000,4
1GB,2,15,1,ON,1,1024,1,25,100,5GB,4000,302.97,oltp_read_write,64,1000000,4
1GB,2,1,1,ON,1,1024,1,25,100,48MB,1,263.95,oltp_read_write,64,1000000,4
1GB,2,1,1,ON,1,1024,1,25,100,48MB,1000,305.78,oltp_read_write,64,1000000,4
1GB,2,1,1,ON,1,1024,1,25,100,48MB,2000,308.72,oltp_read_write,64,1000000,4
1GB,2,1,1,ON,1,1024,1,25,100,48MB,4000,299.7,oltp_read_write,64,1000000,4
1GB,2,2,1,ON,1,1024,1,25,100,48MB,1,261.33,oltp_read_write,64,1000000,4
1GB,2,2,1,ON,1,1024,1,25,100,48MB,1000,304.22,oltp_read_write,64,1000000,4
1GB,2,2,1,ON,1,1024,1,25,100,48MB,2000,297.47,oltp_read_write,64,1000000,4
1GB,2,2,1,ON,1,1024,1,25,100,48MB,4000,307.45,oltp_read_write,64,1000000,4
1GB,2,3,1,ON,1,1024,1,25,100,48MB,1,261.92,oltp_read_write,64,1000000,4
1GB,2,3,1,ON,1,1024,1,25,100,48MB,1000,301.14,oltp_read_write,64,1000000,4
1GB,2,3,1,ON,1,1024,1,25,100,48MB,2000,299.78,oltp_read_write,64,1000000,4
1GB,2,3,1,ON,1,1024,1,25,100,48MB,4000,315.58,oltp_read_write,64,1000000,4
1GB,2,7,1,ON,1,1024,1,25,100,48MB,1,265.46,oltp_read_write,64,1000000,4
1GB,2,7,1,ON,1,1024,1,25,100,48MB,1000,297.78,oltp_read_write,64,1000000,4
1GB,2,7,1,ON,1,1024,1,25,100,48MB,2000,295.65,oltp_read_write,64,1000000,4
1GB,2,7,1,ON,1,1024,1,25,100,48MB,4000,314.42,oltp_read_write,64,1000000,4
1GB,2,15,1,ON,1,1024,1,25,100,48MB,1,259.6,oltp_read_write,64,1000000,4
1GB,2,15,1,ON,1,1024,1,25,100,48MB,1000,284.75,oltp_read_write,64,1000000,4
1GB,2,15,1,ON,1,1024,1,25,100,48MB,2000,270.21,oltp_read_write,64,1000000,4
1GB,2,15,1,ON,1,1024,1,25,100,48MB,4000,283.74,oltp_read_write,64,1000000,4
1GB,2,2,0,ON,1,1024,1,25,100,48MB,4000,315.14,oltp_read_write,64,1000000,4
1GB,2,2,0,OFF,1,1024,1,25,100,48MB,4000,325.96,oltp_read_write,64,1000000,4
1GB,2,2,1,ON,1,1024,1,25,100,48MB,4000,306.07,oltp_read_write,64,1000000,4
1GB,2,2,1,OFF,1,1024,1,25,100,48MB,4000,318.67,oltp_read_write,64,1000000,4
1GB,2,2,2,ON,1,1024,1,25,100,48MB,4000,304.71,oltp_read_write,64,1000000,4
1GB,2,2,2,OFF,1,1024,1,25,100,48MB,4000,310.22,oltp_read_write,64,1000000,4
1GB,2,2,0,ON,0,1024,1,25,100,48MB,4000,312.64,oltp_read_write,64,1000000,4
1GB,2,2,0,ON,1,1024,1,25,100,48MB,4000,314.5,oltp_read_write,64,1000000,4
1GB,2,2,1,ON,0,1024,1,25,100,48MB,4000,326.51,oltp_read_write,64,1000000,4
1GB,2,2,1,ON,1,1024,1,25,100,48MB,4000,312.99,oltp_read_write,64,1000000,4
1GB,2,2,2,ON,0,1024,1,25,100,48MB,4000,312.17,oltp_read_write,64,1000000,4
1GB,2,2,2,ON,1,1024,1,25,100,48MB,4000,297.34,oltp_read_write,64,1000000,4
1GB,2,2,0,ON,1,100,1,25,100,48MB,4000,329.79,oltp_read_write,64,1000000,4
1GB,2,2,0,ON,1,1024,1,25,100,48MB,4000,311.06,oltp_read_write,64,1000000,4
1GB,2,2,0,ON,1,5000,1,25,100,48MB,4000,304.27,oltp_read_write,64,1000000,4
1GB,2,2,0,ON,1,10000,1,25,100,48MB,4000,318.86,oltp_read_write,64,1000000,4
1GB,2,2,1,ON,1,100,1,25,100,48MB,4000,318.36,oltp_read_write,64,1000000,4
1GB,2,2,1,ON,1,1024,1,25,100,48MB,4000,313.41,oltp_read_write,64,1000000,4
1GB,2,2,1,ON,1,5000,1,25,100,48MB,4000,317.66,oltp_read_write,64,1000000,4
1GB,2,2,1,ON,1,10000,1,25,100,48MB,4000,313.73,oltp_read_write,64,1000000,4
1GB,2,2,2,ON,1,100,1,25,100,48MB,4000,309.22,oltp_read_write,64,1000000,4
1GB,2,2,2,ON,1,1024,1,25,100,48MB,4000,325.86,oltp_read_write,64,1000000,4
1GB,2,2,2,ON,1,5000,1,25,100,48MB,4000,317.77,oltp_read_write,64,1000000,4
1GB,2,2,2,ON,1,10000,1,25,100,48MB,4000,319.7,oltp_read_write,64,1000000,4
1GB,2,2,0,ON,1,1024,1,25,100,48MB,4000,327.45,oltp_read_write,64,1000000,4
1GB,2,2,0,ON,1,1024,2,25,100,48MB,4000,312.24,oltp_read_write,64,1000000,4
1GB,2,2,0,ON,1,1024,4,25,100,48MB,4000,326.91,oltp_read_write,64,1000000,4
1GB,2,2,0,ON,1,1024,8,25,100,48MB,4000,315.74,oltp_read_write,64,1000000,4
1GB,2,2,1,ON,1,1024,1,25,100,48MB,4000,295.69,oltp_read_write,64,1000000,4
1GB,2,2,1,ON,1,1024,2,25,100,48MB,4000,320.11,oltp_read_write,64,1000000,4
1GB,2,2,1,ON,1,1024,4,25,100,48MB,4000,317.35,oltp_read_write,64,1000000,4
1GB,2,2,1,ON,1,1024,8,25,100,48MB,4000,311.01,oltp_read_write,64,1000000,4
1GB,2,2,2,ON,1,1024,1,25,100,48MB,4000,314.81,oltp_read_write,64,1000000,4
1GB,2,2,2,ON,1,1024,2,25,100,48MB,4000,322.5,oltp_read_write,64,1000000,4
1GB,2,2,2,ON,1,1024,4,25,100,48MB,4000,323.08,oltp_read_write,64,1000000,4
1GB,2,2,2,ON,1,1024,8,25,100,48MB,4000,313.39,oltp_read_write,64,1000000,4
1GB,2,2,0,ON,1,1024,1,0,100,48MB,4000,253.3,oltp_read_write,64,1000000,4
1GB,2,2,0,ON,1,1024,1,10,100,48MB,4000,304.76,oltp_read_write,64,1000000,4
1GB,2,2,0,ON,1,1024,1,25,100,48MB,4000,309.95,oltp_read_write,64,1000000,4
1GB,2,2,0,ON,1,1024,1,50,100,48MB,4000,322.68,oltp_read_write,64,1000000,4
1GB,2,2,1,ON,1,1024,1,0,100,48MB,4000,270.12,oltp_read_write,64,1000000,4
1GB,2,2,1,ON,1,1024,1,10,100,48MB,4000,320.67,oltp_read_write,64,1000000,4
1GB,2,2,1,ON,1,1024,1,25,100,48MB,4000,312.74,oltp_read_write,64,1000000,4
1GB,2,2,1,ON,1,1024,1,50,100,48MB,4000,311.02,oltp_read_write,64,1000000,4
1GB,2,2,2,ON,1,1024,1,0,100,48MB,4000,270.04,oltp_read_write,64,1000000,4
1GB,2,2,2,ON,1,1024,1,10,100,48MB,4000,289.04,oltp_read_write,64,1000000,4
1GB,2,2,2,ON,1,1024,1,25,100,48MB,4000,316.94,oltp_read_write,64,1000000,4
1GB,2,2,2,ON,1,1024,1,50,100,48MB,4000,306.1,oltp_read_write,64,1000000,4
1GB,2,2,0,ON,1,1024,1,25,100,48MB,4000,318.87,oltp_read_write,64,1000000,4
1GB,2,2,0,ON,1,1024,1,25,5000,48MB,4000,306.29,oltp_read_write,64,1000000,4
1GB,2,2,0,ON,1,1024,1,25,10000,48MB,4000,306.45,oltp_read_write,64,1000000,4
1GB,2,2,0,ON,1,1024,1,25,20000,48MB,4000,317.21,oltp_read_write,64,1000000,4
1GB,2,2,1,ON,1,1024,1,25,100,48MB,4000,314.28,oltp_read_write,64,1000000,4
1GB,2,2,1,ON,1,1024,1,25,5000,48MB,4000,306.56,oltp_read_write,64,1000000,4
1GB,2,2,1,ON,1,1024,1,25,10000,48MB,4000,303.56,oltp_read_write,64,1000000,4
1GB,2,2,1,ON,1,1024,1,25,20000,48MB,4000,298.96,oltp_read_write,64,1000000,4
1GB,2,2,2,ON,1,1024,1,25,100,48MB,4000,311.0,oltp_read_write,64,1000000,4
1GB,2,2,2,ON,1,1024,1,25,5000,48MB,4000,305.52,oltp_read_write,64,1000000,4
1GB,2,2,2,ON,1,1024,1,25,10000,48MB,4000,289.4,oltp_read_write,64,1000000,4
1GB,2,2,2,ON,1,1024,1,25,20000,48MB,4000,300.71,oltp_read_write,64,1000000,4
1GB,2,2,0,ON,1,1024,1,25,100,4MB,4000,274.99,oltp_read_write,64,1000000,4
1GB,2,2,0,ON,1,1024,1,25,100,48MB,4000,271.3,oltp_read_write,64,1000000,4
1GB,2,2,0,ON,1,1024,1,25,100,512MB,4000,316.26,oltp_read_write,64,1000000,4
1GB,2,2,0,ON,1,1024,1,25,100,5GB,4000,312.03,oltp_read_write,64,1000000,4
1GB,2,2,1,ON,1,1024,1,25,100,4MB,4000,256.77,oltp_read_write,64,1000000,4
1GB,2,2,1,ON,1,1024,1,25,100,48MB,4000,282.26,oltp_read_write,64,1000000,4
1GB,2,2,1,ON,1,1024,1,25,100,512MB,4000,302.07,oltp_read_write,64,1000000,4
1GB,2,2,1,ON,1,1024,1,25,100,5GB,4000,310.43,oltp_read_write,64,1000000,4
1GB,2,2,2,ON,1,1024,1,25,100,4MB,4000,270.98,oltp_read_write,64,1000000,4
1GB,2,2,2,ON,1,1024,1,25,100,48MB,4000,278.98,oltp_read_write,64,1000000,4
1GB,2,2,2,ON,1,1024,1,25,100,512MB,4000,313.48,oltp_read_write,64,1000000,4
1GB,2,2,2,ON,1,1024,1,25,100,5GB,4000,312.17,oltp_read_write,64,1000000,4
1GB,2,2,0,ON,1,1024,1,25,100,48MB,1,271.37,oltp_read_write,64,1000000,4
1GB,2,2,0,ON,1,1024,1,25,100,48MB,1000,316.99,oltp_read_write,64,1000000,4
1GB,2,2,0,ON,1,1024,1,25,100,48MB,2000,314.5,oltp_read_write,64,1000000,4
1GB,2,2,0,ON,1,1024,1,25,100,48MB,4000,305.65,oltp_read_write,64,1000000,4
1GB,2,2,1,ON,1,1024,1,25,100,48MB,1,266.74,oltp_read_write,64,1000000,4
1GB,2,2,1,ON,1,1024,1,25,100,48MB,1000,311.33,oltp_read_write,64,1000000,4
1GB,2,2,1,ON,1,1024,1,25,100,48MB,2000,319.19,oltp_read_write,64,1000000,4
1GB,2,2,1,ON,1,1024,1,25,100,48MB,4000,306.62,oltp_read_write,64,1000000,4
1GB,2,2,2,ON,1,1024,1,25,100,48MB,1,265.04,oltp_read_write,64,1000000,4
1GB,2,2,2,ON,1,1024,1,25,100,48MB,1000,314.97,oltp_read_write,64,1000000,4
1GB,2,2,2,ON,1,1024,1,25,100,48MB,2000,309.12,oltp_read_write,64,1000000,4
1GB,2,2,2,ON,1,1024,1,25,100,48MB,4000,315.54,oltp_read_write,64,1000000,4
1GB,2,2,1,ON,0,1024,1,25,100,48MB,4000,295.77,oltp_read_write,64,1000000,4
1GB,2,2,1,ON,1,1024,1,25,100,48MB,4000,311.0,oltp_read_write,64,1000000,4
1GB,2,2,1,OFF,0,1024,1,25,100,48MB,4000,307.87,oltp_read_write,64,1000000,4
1GB,2,2,1,OFF,1,1024,1,25,100,48MB,4000,309.7,oltp_read_write,64,1000000,4
1GB,2,2,1,ON,1,100,1,25,100,48MB,4000,314.75,oltp_read_write,64,1000000,4
1GB,2,2,1,ON,1,1024,1,25,100,48MB,4000,318.57,oltp_read_write,64,1000000,4
1GB,2,2,1,ON,1,5000,1,25,100,48MB,4000,301.32,oltp_read_write,64,1000000,4
1GB,2,2,1,ON,1,10000,1,25,100,48MB,4000,296.6,oltp_read_write,64,1000000,4
1GB,2,2,1,OFF,1,100,1,25,100,48MB,4000,304.11,oltp_read_write,64,1000000,4
1GB,2,2,1,OFF,1,1024,1,25,100,48MB,4000,317.52,oltp_read_write,64,1000000,4
1GB,2,2,1,OFF,1,5000,1,25,100,48MB,4000,309.73,oltp_read_write,64,1000000,4
1GB,2,2,1,OFF,1,10000,1,25,100,48MB,4000,298.51,oltp_read_write,64,1000000,4
1GB,2,2,1,ON,1,1024,1,25,100,48MB,4000,306.97,oltp_read_write,64,1000000,4
1GB,2,2,1,ON,1,1024,2,25,100,48MB,4000,303.09,oltp_read_write,64,1000000,4
1GB,2,2,1,ON,1,1024,4,25,100,48MB,4000,313.56,oltp_read_write,64,1000000,4
1GB,2,2,1,ON,1,1024,8,25,100,48MB,4000,339.8,oltp_read_write,64,1000000,4
1GB,2,2,1,OFF,1,1024,1,25,100,48MB,4000,308.84,oltp_read_write,64,1000000,4
1GB,2,2,1,OFF,1,1024,2,25,100,48MB,4000,302.0,oltp_read_write,64,1000000,4
1GB,2,2,1,OFF,1,1024,4,25,100,48MB,4000,300.96,oltp_read_write,64,1000000,4
1GB,2,2,1,OFF,1,1024,8,25,100,48MB,4000,325.37,oltp_read_write,64,1000000,4
1GB,2,2,1,ON,1,1024,1,0,100,48MB,4000,262.33,oltp_read_write,64,1000000,4
1GB,2,2,1,ON,1,1024,1,10,100,48MB,4000,311.78,oltp_read_write,64,1000000,4
1GB,2,2,1,ON,1,1024,1,25,100,48MB,4000,309.67,oltp_read_write,64,1000000,4
1GB,2,2,1,ON,1,1024,1,50,100,48MB,4000,310.67,oltp_read_write,64,1000000,4
1GB,2,2,1,OFF,1,1024,1,0,100,48MB,4000,274.48,oltp_read_write,64,1000000,4
1GB,2,2,1,OFF,1,1024,1,10,100,48MB,4000,306.67,oltp_read_write,64,1000000,4
1GB,2,2,1,OFF,1,1024,1,25,100,48MB,4000,313.03,oltp_read_write,64,1000000,4
1GB,2,2,1,OFF,1,1024,1,50,100,48MB,4000,302.25,oltp_read_write,64,1000000,4
1GB,2,2,1,ON,1,1024,1,25,100,48MB,4000,315.62,oltp_read_write,64,1000000,4
1GB,2,2,1,ON,1,1024,1,25,5000,48MB,4000,296.18,oltp_read_write,64,1000000,4
1GB,2,2,1,ON,1,1024,1,25,10000,48MB,4000,309.81,oltp_read_write,64,1000000,4
1GB,2,2,1,ON,1,1024,1,25,20000,48MB,4000,291.69,oltp_read_write,64,1000000,4
1GB,2,2,1,OFF,1,1024,1,25,100,48MB,4000,297.41,oltp_read_write,64,1000000,4
1GB,2,2,1,OFF,1,1024,1,25,5000,48MB,4000,299.15,oltp_read_write,64,1000000,4
1GB,2,2,1,OFF,1,1024,1,25,10000,48MB,4000,303.91,oltp_read_write,64,1000000,4
1GB,2,2,1,OFF,1,1024,1,25,20000,48MB,4000,302.45,oltp_read_write,64,1000000,4
1GB,2,2,1,ON,1,1024,1,25,100,4MB,4000,265.46,oltp_read_write,64,1000000,4
1GB,2,2,1,ON,1,1024,1,25,100,48MB,4000,261.91,oltp_read_write,64,1000000,4
1GB,2,2,1,ON,1,1024,1,25,100,512MB,4000,323.49,oltp_read_write,64,1000000,4
1GB,2,2,1,ON,1,1024,1,25,100,5GB,4000,313.8,oltp_read_write,64,1000000,4
1GB,2,2,1,OFF,1,1024,1,25,100,4MB,4000,262.26,oltp_read_write,64,1000000,4
1GB,2,2,1,OFF,1,1024,1,25,100,48MB,4000,274.5,oltp_read_write,64,1000000,4
1GB,2,2,1,OFF,1,1024,1,25,100,512MB,4000,314.71,oltp_read_write,64,1000000,4
1GB,2,2,1,OFF,1,1024,1,25,100,5GB,4000,300.59,oltp_read_write,64,1000000,4
1GB,2,2,1,ON,1,1024,1,25,100,48MB,1,266.95,oltp_read_write,64,1000000,4
1GB,2,2,1,ON,1,1024,1,25,100,48MB,1000,312.14,oltp_read_write,64,1000000,4
1GB,2,2,1,ON,1,1024,1,25,100,48MB,2000,306.49,oltp_read_write,64,1000000,4
1GB,2,2,1,ON,1,1024,1,25,100,48MB,4000,310.07,oltp_read_write,64,1000000,4
1GB,2,2,1,OFF,1,1024,1,25,100,48MB,1,265.92,oltp_read_write,64,1000000,4
1GB,2,2,1,OFF,1,1024,1,25,100,48MB,1000,308.33,oltp_read_write,64,1000000,4
1GB,2,2,1,OFF,1,1024,1,25,100,48MB,2000,317.12,oltp_read_write,64,1000000,4
1GB,2,2,1,OFF,1,1024,1,25,100,48MB,4000,313.38,oltp_read_write,64,1000000,4
1GB,2,2,1,ON,0,100,1,25,100,48MB,4000,317.44,oltp_read_write,64,1000000,4
1GB,2,2,1,ON,0,1024,1,25,100,48MB,4000,325.5,oltp_read_write,64,1000000,4
1GB,2,2,1,ON,0,5000,1,25,100,48MB,4000,302.96,oltp_read_write,64,1000000,4
1GB,2,2,1,ON,0,10000,1,25,100,48MB,4000,310.44,oltp_read_write,64,1000000,4
1GB,2,2,1,ON,1,100,1,25,100,48MB,4000,318.29,oltp_read_write,64,1000000,4
1GB,2,2,1,ON,1,1024,1,25,100,48MB,4000,325.7,oltp_read_write,64,1000000,4
1GB,2,2,1,ON,1,5000,1,25,100,48MB,4000,313.88,oltp_read_write,64,1000000,4
1GB,2,2,1,ON,1,10000,1,25,100,48MB,4000,311.27,oltp_read_write,64,1000000,4
1GB,2,2,1,ON,0,1024,1,25,100,48MB,4000,308.12,oltp_read_write,64,1000000,4
1GB,2,2,1,ON,0,1024,2,25,100,48MB,4000,334.3,oltp_read_write,64,1000000,4
1GB,2,2,1,ON,0,1024,4,25,100,48MB,4000,299.37,oltp_read_write,64,1000000,4
1GB,2,2,1,ON,0,1024,8,25,100,48MB,4000,292.05,oltp_read_write,64,1000000,4
1GB,2,2,1,ON,1,1024,1,25,100,48MB,4000,303.67,oltp_read_write,64,1000000,4
1GB,2,2,1,ON,1,1024,2,25,100,48MB,4000,323.56,oltp_read_write,64,1000000,4
1GB,2,2,1,ON,1,1024,4,25,100,48MB,4000,316.17,oltp_read_write,64,1000000,4
1GB,2,2,1,ON,1,1024,8,25,100,48MB,4000,317.79,oltp_read_write,64,1000000,4
1GB,2,2,1,ON,0,1024,1,0,100,48MB,4000,247.11,oltp_read_write,64,1000000,4
1GB,2,2,1,ON,0,1024,1,10,100,48MB,4000,271.03,oltp_read_write,64,1000000,4
1GB,2,2,1,ON,0,1024,1,25,100,48MB,4000,316.92,oltp_read_write,64,1000000,4
1GB,2,2,1,ON,0,1024,1,50,100,48MB,4000,330.33,oltp_read_write,64,1000000,4
1GB,2,2,1,ON,1,1024,1,0,100,48MB,4000,283.71,oltp_read_write,64,1000000,4
1GB,2,2,1,ON,1,1024,1,10,100,48MB,4000,314.88,oltp_read_write,64,1000000,4
1GB,2,2,1,ON,1,1024,1,25,100,48MB,4000,310.84,oltp_read_write,64,1000000,4
1GB,2,2,1,ON,1,1024,1,50,100,48MB,4000,307.09,oltp_read_write,64,1000000,4
1GB,2,2,1,ON,0,1024,1,25,100,48MB,4000,324.54,oltp_read_write,64,1000000,4
1GB,2,2,1,ON,0,1024,1,25,5000,48MB,4000,311.92,oltp_read_write,64,1000000,4
1GB,2,2,1,ON,0,1024,1,25,10000,48MB,4000,318.87,oltp_read_write,64,1000000,4
1GB,2,2,1,ON,0,1024,1,25,20000,48MB,4000,319.32,oltp_read_write,64,1000000,4
1GB,2,2,1,ON,1,1024,1,25,100,48MB,4000,320.48,oltp_read_write,64,1000000,4
1GB,2,2,1,ON,1,1024,1,25,5000,48MB,4000,301.92,oltp_read_write,64,1000000,4
1GB,2,2,1,ON,1,1024,1,25,10000,48MB,4000,303.86,oltp_read_write,64,1000000,4
1GB,2,2,1,ON,1,1024,1,25,20000,48MB,4000,306.7,oltp_read_write,64,1000000,4
1GB,2,2,1,ON,0,1024,1,25,100,4MB,4000,268.76,oltp_read_write,64,1000000,4
1GB,2,2,1,ON,0,1024,1,25,100,48MB,4000,286.7,oltp_read_write,64,1000000,4
1GB,2,2,1,ON,0,1024,1,25,100,512MB,4000,320.73,oltp_read_write,64,1000000,4
1GB,2,2,1,ON,0,1024,1,25,100,5GB,4000,326.57,oltp_read_write,64,1000000,4
1GB,2,2,1,ON,1,1024,1,25,100,4MB,4000,276.16,oltp_read_write,64,1000000,4
1GB,2,2,1,ON,1,1024,1,25,100,48MB,4000,275.49,oltp_read_write,64,1000000,4
1GB,2,2,1,ON,1,1024,1,25,100,512MB,4000,309.37,oltp_read_write,64,1000000,4
1GB,2,2,1,ON,1,1024,1,25,100,5GB,4000,304.2,oltp_read_write,64,1000000,4
1GB,2,2,1,ON,0,1024,1,25,100,48MB,1,265.16,oltp_read_write,64,1000000,4
1GB,2,2,1,ON,0,1024,1,25,100,48MB,1000,315.19,oltp_read_write,64,1000000,4
1GB,2,2,1,ON,0,1024,1,25,100,48MB,2000,333.82,oltp_read_write,64,1000000,4
1GB,2,2,1,ON,0,1024,1,25,100,48MB,4000,312.73,oltp_read_write,64,1000000,4
1GB,2,2,1,ON,1,1024,1,25,100,48MB,1,270.45,oltp_read_write,64,1000000,4
1GB,2,2,1,ON,1,1024,1,25,100,48MB,1000,312.66,oltp_read_write,64,1000000,4
1GB,2,2,1,ON,1,1024,1,25,100,48MB,2000,319.68,oltp_read_write,64,1000000,4
1GB,2,2,1,ON,1,1024,1,25,100,48MB,4000,312.52,oltp_read_write,64,1000000,4
1GB,2,2,1,ON,1,100,1,25,100,48MB,4000,317.52,oltp_read_write,64,1000000,4
1GB,2,2,1,ON,1,100,2,25,100,48MB,4000,320.81,oltp_read_write,64,1000000,4
1GB,2,2,1,ON,1,100,4,25,100,48MB,4000,324.91,oltp_read_write,64,1000000,4
1GB,2,2,1,ON,1,100,8,25,100,48MB,4000,311.3,oltp_read_write,64,1000000,4
1GB,2,2,1,ON,1,1024,1,25,100,48MB,4000,307.72,oltp_read_write,64,1000000,4
1GB,2,2,1,ON,1,1024,2,25,100,48MB,4000,303.08,oltp_read_write,64,1000000,4
1GB,2,2,1,ON,1,1024,4,25,100,48MB,4000,314.48,oltp_read_write,64,1000000,4
1GB,2,2,1,ON,1,1024,8,25,100,48MB,4000,331.62,oltp_read_write,64,1000000,4
1GB,2,2,1,ON,1,5000,1,25,100,48MB,4000,306.82,oltp_read_write,64,1000000,4
1GB,2,2,1,ON,1,5000,2,25,100,48MB,4000,312.55,oltp_read_write,64,1000000,4
1GB,2,2,1,ON,1,5000,4,25,100,48MB,4000,307.73,oltp_read_write,64,1000000,4
1GB,2,2,1,ON,1,5000,8,25,100,48MB,4000,303.9,oltp_read_write,64,1000000,4
1GB,2,2,1,ON,1,10000,1,25,100,48MB,4000,308.62,oltp_read_write,64,1000000,4
1GB,2,2,1,ON,1,10000,2,25,100,48MB,4000,321.66,oltp_read_write,64,1000000,4
1GB,2,2,1,ON,1,10000,4,25,100,48MB,4000,305.71,oltp_read_write,64,1000000,4
1GB,2,2,1,ON,1,10000,8,25,100,48MB,4000,244.83,oltp_read_write,64,1000000,4
1GB,2,2,1,ON,1,100,1,0,100,48MB,4000,238.47,oltp_read_write,64,1000000,4
1GB,2,2,1,ON,1,100,1,10,100,48MB,4000,316.9,oltp_read_write,64,1000000,4
1GB,2,2,1,ON,1,100,1,25,100,48MB,4000,319.94,oltp_read_write,64,1000000,4
1GB,2,2,1,ON,1,100,1,50,100,48MB,4000,323.08,oltp_read_write,64,1000000,4
1GB,2,2,1,ON,1,1024,1,0,100,48MB,4000,259.87,oltp_read_write,64,1000000,4
1GB,2,2,1,ON,1,1024,1,10,100,48MB,4000,318.98,oltp_read_write,64,1000000,4
1GB,2,2,1,ON,1,1024,1,25,100,48MB,4000,312.81,oltp_read_write,64,1000000,4
1GB,2,2,1,ON,1,1024,1,50,100,48MB,4000,317.82,oltp_read_write,64,1000000,4
1GB,2,2,1,ON,1,5000,1,0,100,48MB,4000,276.51,oltp_read_write,64,1000000,4
1GB,2,2,1,ON,1,5000,1,10,100,48MB,4000,305.12,oltp_read_write,64,1000000,4
1GB,2,2,1,ON,1,5000,1,25,100,48MB,4000,305.1,oltp_read_write,64,1000000,4
1GB,2,2,1,ON,1,5000,1,50,100,48MB,4000,312.15,oltp_read_write,64,1000000,4
1GB,2,2,1,ON,1,10000,1,0,100,48MB,4000,268.47,oltp_read_write,64,1000000,4
1GB,2,2,1,ON,1,10000,1,10,100,48MB,4000,309.65,oltp_read_write,64,1000000,4
1GB,2,2,1,ON,1,10000,1,25,100,48MB,4000,311.89,oltp_read_write,64,1000000,4
1GB,2,2,1,ON,1,10000,1,50,100,48MB,4000,300.81,oltp_read_write,64,1000000,4
1GB,2,2,1,ON,1,100,1,25,100,48MB,4000,318.44,oltp_read_write,64,1000000,4
1GB,2,2,1,ON,1,100,1,25,5000,48MB,4000,308.56,oltp_read_write,64,1000000,4
1GB,2,2,1,ON,1,100,1,25,10000,48MB,4000,298.4,oltp_read_write,64,1000000,4
1GB,2,2,1,ON,1,100,1,25,20000,48MB,4000,307.29,oltp_read_write,64,1000000,4
1GB,2,2,1,ON,1,1024,1,25,100,48MB,4000,305.49,oltp_read_write,64,1000000,4
1GB,2,2,1,ON,1,1024,1,25,5000,48MB,4000,307.09,oltp_read_write,64,1000000,4
1GB,2,2,1,ON,1,1024,1,25,10000,48MB,4000,295.5,oltp_read_write,64,1000000,4
1GB,2,2,1,ON,1,1024,1,25,20000,48MB,4000,292.84,oltp_read_write,64,1000000,4
1GB,2,2,1,ON,1,5000,1,25,100,48MB,4000,301.87,oltp_read_write,64,1000000,4
1GB,2,2,1,ON,1,5000,1,25,5000,48MB,4000,297.61,oltp_read_write,64,1000000,4
1GB,2,2,1,ON,1,5000,1,25,10000,48MB,4000,299.05,oltp_read_write,64,1000000,4
1GB,2,2,1,ON,1,5000,1,25,20000,48MB,4000,304.79,oltp_read_write,64,1000000,4
1GB,2,2,1,ON,1,10000,1,25,100,48MB,4000,294.59,oltp_read_write,64,1000000,4
1GB,2,2,1,ON,1,10000,1,25,5000,48MB,4000,289.89,oltp_read_write,64,1000000,4
1GB,2,2,1,ON,1,10000,1,25,10000,48MB,4000,301.16,oltp_read_write,64,1000000,4
1GB,2,2,1,ON,1,10000,1,25,20000,48MB,4000,290.42,oltp_read_write,64,1000000,4
1GB,2,2,1,ON,1,100,1,25,100,4MB,4000,274.73,oltp_read_write,64,1000000,4
1GB,2,2,1,ON,1,100,1,25,100,48MB,4000,286.8,oltp_read_write,64,1000000,4
1GB,2,2,1,ON,1,100,1,25,100,512MB,4000,340.83,oltp_read_write,64,1000000,4
1GB,2,2,1,ON,1,100,1,25,100,5GB,4000,339.95,oltp_read_write,64,1000000,4
1GB,2,2,1,ON,1,1024,1,25,100,4MB,4000,276.29,oltp_read_write,64,1000000,4
1GB,2,2,1,ON,1,1024,1,25,100,48MB,4000,280.33,oltp_read_write,64,1000000,4
1GB,2,2,1,ON,1,1024,1,25,100,512MB,4000,324.76,oltp_read_write,64,1000000,4
1GB,2,2,1,ON,1,1024,1,25,100,5GB,4000,316.23,oltp_read_write,64,1000000,4
1GB,2,2,1,ON,1,5000,1,25,100,4MB,4000,272.22,oltp_read_write,64,1000000,4
1GB,2,2,1,ON,1,5000,1,25,100,48MB,4000,271.99,oltp_read_write,64,1000000,4
1GB,2,2,1,ON,1,5000,1,25,100,512MB,4000,331.42,oltp_read_write,64,1000000,4
1GB,2,2,1,ON,1,5000,1,25,100,5GB,4000,307.56,oltp_read_write,64,1000000,4
1GB,2,2,1,ON,1,10000,1,25,100,4MB,4000,268.23,oltp_read_write,64,1000000,4
1GB,2,2,1,ON,1,10000,1,25,100,48MB,4000,291.78,oltp_read_write,64,1000000,4
1GB,2,2,1,ON,1,10000,1,25,100,512MB,4000,307.77,oltp_read_write,64,1000000,4
1GB,2,2,1,ON,1,10000,1,25,100,5GB,4000,311.42,oltp_read_write,64,1000000,4
1GB,2,2,1,ON,1,100,1,25,100,48MB,1,268.61,oltp_read_write,64,1000000,4
1GB,2,2,1,ON,1,100,1,25,100,48MB,1000,320.98,oltp_read_write,64,1000000,4
1GB,2,2,1,ON,1,100,1,25,100,48MB,2000,326.7,oltp_read_write,64,1000000,4
1GB,2,2,1,ON,1,100,1,25,100,48MB,4000,327.02,oltp_read_write,64,1000000,4
1GB,2,2,1,ON,1,1024,1,25,100,48MB,1,275.4,oltp_read_write,64,1000000,4
1GB,2,2,1,ON,1,1024,1,25,100,48MB,1000,315.67,oltp_read_write,64,1000000,4
1GB,2,2,1,ON,1,1024,1,25,100,48MB,2000,317.07,oltp_read_write,64,1000000,4
1GB,2,2,1,ON,1,1024,1,25,100,48MB,4000,306.81,oltp_read_write,64,1000000,4
1GB,2,2,1,ON,1,5000,1,25,100,48MB,1,269.71,oltp_read_write,64,1000000,4
1GB,2,2,1,ON,1,5000,1,25,100,48MB,1000,309.39,oltp_read_write,64,1000000,4
1GB,2,2,1,ON,1,5000,1,25,100,48MB,2000,316.45,oltp_read_write,64,1000000,4
1GB,2,2,1,ON,1,5000,1,25,100,48MB,4000,310.53,oltp_read_write,64,1000000,4
1GB,2,2,1,ON,1,10000,1,25,100,48MB,1,267.24,oltp_read_write,64,1000000,4
1GB,2,2,1,ON,1,10000,1,25,100,48MB,1000,316.15,oltp_read_write,64,1000000,4
1GB,2,2,1,ON,1,10000,1,25,100,48MB,2000,318.81,oltp_read_write,64,1000000,4
1GB,2,2,1,ON,1,10000,1,25,100,48MB,4000,316.58,oltp_read_write,64,1000000,4
1GB,2,2,1,ON,1,1024,1,0,100,48MB,4000,274.91,oltp_read_write,64,1000000,4
1GB,2,2,1,ON,1,1024,1,10,100,48MB,4000,308.61,oltp_read_write,64,1000000,4
1GB,2,2,1,ON,1,1024,1,25,100,48MB,4000,312.08,oltp_read_write,64,1000000,4
1GB,2,2,1,ON,1,1024,1,50,100,48MB,4000,314.04,oltp_read_write,64,1000000,4
1GB,2,2,1,ON,1,1024,2,0,100,48MB,4000,252.01,oltp_read_write,64,1000000,4
1GB,2,2,1,ON,1,1024,2,10,100,48MB,4000,325.65,oltp_read_write,64,1000000,4
1GB,2,2,1,ON,1,1024,2,25,100,48MB,4000,298.62,oltp_read_write,64,1000000,4
1GB,2,2,1,ON,1,1024,2,50,100,48MB,4000,316.04,oltp_read_write,64,1000000,4
1GB,2,2,1,ON,1,1024,4,0,100,48MB,4000,267.86,oltp_read_write,64,1000000,4
1GB,2,2,1,ON,1,1024,4,10,100,48MB,4000,282.78,oltp_read_write,64,1000000,4
1GB,2,2,1,ON,1,1024,4,25,100,48MB,4000,317.86,oltp_read_write,64,1000000,4
1GB,2,2,1,ON,1,1024,4,50,100,48MB,4000,322.46,oltp_read_write,64,1000000,4
1GB,2,2,1,ON,1,1024,8,0,100,48MB,4000,274.68,oltp_read_write,64,1000000,4
1GB,2,2,1,ON,1,1024,8,10,100,48MB,4000,293.37,oltp_read_write,64,1000000,4
1GB,2,2,1,ON,1,1024,8,25,100,48MB,4000,327.66,oltp_read_write,64,1000000,4
1GB,2,2,1,ON,1,1024,8,50,100,48MB,4000,319.05,oltp_read_write,64,1000000,4
1GB,2,2,1,ON,1,1024,1,25,100,48MB,4000,325.73,oltp_read_write,64,1000000,4
1GB,2,2,1,ON,1,1024,1,25,5000,48MB,4000,286.28,oltp_read_write,64,1000000,4
1GB,2,2,1,ON,1,1024,1,25,10000,48MB,4000,261.53,oltp_read_write,64,1000000,4
1GB,2,2,1,ON,1,1024,1,25,20000,48MB,4000,239.39,oltp_read_write,64,1000000,4
1GB,2,2,1,ON,1,1024,2,25,100,48MB,4000,256.91,oltp_read_write,64,1000000,4
1GB,2,2,1,ON,1,1024,2,25,5000,48MB,4000,266.91,oltp_read_write,64,1000000,4
1GB,2,2,1,ON,1,1024,2,25,10000,48MB,4000,270.46,oltp_read_write,64,1000000,4
1GB,2,2,1,ON,1,1024,2,25,20000,48MB,4000,222.85,oltp_read_write,64,1000000,4
1GB,2,2,1,ON,1,1024,4,25,100,48MB,4000,272.43,oltp_read_write,64,1000000,4
1GB,2,2,1,ON,1,1024,4,25,5000,48MB,4000,268.43,oltp_read_write,64,1000000,4
1GB,2,2,1,ON,1,1024,4,25,10000,48MB,4000,228.2,oltp_read_write,64,1000000,4
1GB,2,2,1,ON,1,1024,4,25,20000,48MB,4000,220.66,oltp_read_write,64,1000000,4
1GB,2,2,1,ON,1,1024,8,25,100,48MB,4000,282.96,oltp_read_write,64,1000000,4
1GB,2,2,1,ON,1,1024,8,25,5000,48MB,4000,282.7,oltp_read_write,64,1000000,4
1GB,2,2,1,ON,1,1024,8,25,10000,48MB,4000,232.79,oltp_read_write,64,1000000,4
1GB,2,2,1,ON,1,1024,8,25,20000,48MB,4000,222.79,oltp_read_write,64,1000000,4
1GB,2,2,1,ON,1,1024,1,25,100,4MB,4000,247.3,oltp_read_write,64,1000000,4
1GB,2,2,1,ON,1,1024,1,25,100,48MB,4000,273.97,oltp_read_write,64,1000000,4
1GB,2,2,1,ON,1,1024,1,25,100,512MB,4000,323.9,oltp_read_write,64,1000000,4
1GB,2,2,1,ON,1,1024,1,25,100,5GB,4000,308.15,oltp_read_write,64,1000000,4
1GB,2,2,1,ON,1,1024,2,25,100,4MB,4000,275.81,oltp_read_write,64,1000000,4
1GB,2,2,1,ON,1,1024,2,25,100,48MB,4000,289.55,oltp_read_write,64,1000000,4
1GB,2,2,1,ON,1,1024,2,25,100,512MB,4000,332.35,oltp_read_write,64,1000000,4
1GB,2,2,1,ON,1,1024,2,25,100,5GB,4000,320.72,oltp_read_write,64,1000000,4
1GB,2,2,1,ON,1,1024,4,25,100,4MB,4000,253.28,oltp_read_write,64,1000000,4
1GB,2,2,1,ON,1,1024,4,25,100,48MB,4000,301.89,oltp_read_write,64,1000000,4
1GB,2,2,1,ON,1,1024,4,25,100,512MB,4000,330.31,oltp_read_write,64,1000000,4
1GB,2,2,1,ON,1,1024,4,25,100,5GB,4000,315.23,oltp_read_write,64,1000000,4
1GB,2,2,1,ON,1,1024,8,25,100,4MB,4000,282.0,oltp_read_write,64,1000000,4
1GB,2,2,1,ON,1,1024,8,25,100,48MB,4000,304.93,oltp_read_write,64,1000000,4
1GB,2,2,1,ON,1,1024,8,25,100,512MB,4000,321.08,oltp_read_write,64,1000000,4
1GB,2,2,1,ON,1,1024,8,25,100,5GB,4000,331.3,oltp_read_write,64,1000000,4
1GB,2,2,1,ON,1,1024,1,25,100,48MB,1,267.34,oltp_read_write,64,1000000,4
1GB,2,2,1,ON,1,1024,1,25,100,48MB,1000,316.2,oltp_read_write,64,1000000,4
1GB,2,2,1,ON,1,1024,1,25,100,48MB,2000,315.96,oltp_read_write,64,1000000,4
1GB,2,2,1,ON,1,1024,1,25,100,48MB,4000,303.97,oltp_read_write,64,1000000,4
1GB,2,2,1,ON,1,1024,2,25,100,48MB,1,273.54,oltp_read_write,64,1000000,4
1GB,2,2,1,ON,1,1024,2,25,100,48MB,1000,312.15,oltp_read_write,64,1000000,4
1GB,2,2,1,ON,1,1024,2,25,100,48MB,2000,321.13,oltp_read_write,64,1000000,4
1GB,2,2,1,ON,1,1024,2,25,100,48MB,4000,323.12,oltp_read_write,64,1000000,4
1GB,2,2,1,ON,1,1024,4,25,100,48MB,1,268.5,oltp_read_write,64,1000000,4
1GB,2,2,1,ON,1,1024,4,25,100,48MB,1000,310.18,oltp_read_write,64,1000000,4
1GB,2,2,1,ON,1,1024,4,25,100,48MB,2000,307.83,oltp_read_write,64,1000000,4
1GB,2,2,1,ON,1,1024,4,25,100,48MB,4000,315.0,oltp_read_write,64,1000000,4
1GB,2,2,1,ON,1,1024,8,25,100,48MB,1,281.16,oltp_read_write,64,1000000,4
1GB,2,2,1,ON,1,1024,8,25,100,48MB,1000,305.55,oltp_read_write,64,1000000,4
1GB,2,2,1,ON,1,1024,8,25,100,48MB,2000,317.61,oltp_read_write,64,1000000,4
1GB,2,2,1,ON,1,1024,8,25,100,48MB,4000,316.28,oltp_read_write,64,1000000,4
1GB,2,2,1,ON,1,1024,1,0,100,48MB,4000,271.72,oltp_read_write,64,1000000,4
1GB,2,2,1,ON,1,1024,1,0,5000,48MB,4000,281.64,oltp_read_write,64,1000000,4
1GB,2,2,1,ON,1,1024,1,0,10000,48MB,4000,280.19,oltp_read_write,64,1000000,4
1GB,2,2,1,ON,1,1024,1,0,20000,48MB,4000,291.92,oltp_read_write,64,1000000,4
1GB,2,2,1,ON,1,1024,1,10,100,48MB,4000,329.57,oltp_read_write,64,1000000,4
1GB,2,2,1,ON,1,1024,1,10,5000,48MB,4000,304.68,oltp_read_write,64,1000000,4
1GB,2,2,1,ON,1,1024,1,10,10000,48MB,4000,296.07,oltp_read_write,64,1000000,4
1GB,2,2,1,ON,1,1024,1,10,20000,48MB,4000,300.56,oltp_read_write,64,1000000,4
1GB,2,2,1,ON,1,1024,1,25,100,48MB,4000,313.83,oltp_read_write,64,1000000,4
1GB,2,2,1,ON,1,1024,1,25,5000,48MB,4000,301.91,oltp_read_write,64,1000000,4
1GB,2,2,1,ON,1,1024,1,25,10000,48MB,4000,300.24,oltp_read_write,64,1000000,4
1GB,2,2,1,ON,1,1024,1,25,20000,48MB,4000,293.32,oltp_read_write,64,1000000,4
1GB,2,2,1,ON,1,1024,1,50,100,48MB,4000,307.8,oltp_read_write,64,1000000,4
1GB,2,2,1,ON,1,1024,1,50,5000,48MB,4000,308.07,oltp_read_write,64,1000000,4
1GB,2,2,1,ON,1,1024,1,50,10000,48MB,4000,295.19,oltp_read_write,64,1000000,4
1GB,2,2,1,ON,1,1024,1,50,20000,48MB,4000,308.66,oltp_read_write,64,1000000,4
1GB,2,2,1,ON,1,1024,1,0,100,4MB,4000,237.38,oltp_read_write,64,1000000,4
1GB,2,2,1,ON,1,1024,1,0,100,48MB,4000,254.78,oltp_read_write,64,1000000,4
1GB,2,2,1,ON,1,1024,1,0,100,512MB,4000,269.64,oltp_read_write,64,1000000,4
1GB,2,2,1,ON,1,1024,1,0,100,5GB,4000,270.1,oltp_read_write,64,1000000,4
1GB,2,2,1,ON,1,1024,1,10,100,4MB,4000,268.26,oltp_read_write,64,1000000,4
1GB,2,2,1,ON,1,1024,1,10,100,48MB,4000,282.33,oltp_read_write,64,1000000,4
1GB,2,2,1,ON,1,1024,1,10,100,512MB,4000,314.54,oltp_read_write,64,1000000,4
1GB,2,2,1,ON,1,1024,1,10,100,5GB,4000,317.46,oltp_read_write,64,1000000,4
1GB,2,2,1,ON,1,1024,1,25,100,4MB,4000,284.54,oltp_read_write,64,1000000,4
1GB,2,2,1,ON,1,1024,1,25,100,48MB,4000,280.48,oltp_read_write,64,1000000,4
1GB,2,2,1,ON,1,1024,1,25,100,512MB,4000,321.97,oltp_read_write,64,1000000,4
1GB,2,2,1,ON,1,1024,1,25,100,5GB,4000,315.26,oltp_read_write,64,1000000,4
1GB,2,2,1,ON,1,1024,1,50,100,4MB,4000,280.02,oltp_read_write,64,1000000,4
1GB,2,2,1,ON,1,1024,1,50,100,48MB,4000,281.89,oltp_read_write,64,1000000,4
1GB,2,2,1,ON,1,1024,1,50,100,512MB,4000,319.12,oltp_read_write,64,1000000,4
1GB,2,2,1,ON,1,1024,1,50,100,5GB,4000,311.97,oltp_read_write,64,1000000,4
1GB,2,2,1,ON,1,1024,1,0,100,48MB,1,223.65,oltp_read_write,64,1000000,4
1GB,2,2,1,ON,1,1024,1,0,100,48MB,1000,270.56,oltp_read_write,64,1000000,4
1GB,2,2,1,ON,1,1024,1,0,100,48MB,2000,292.74,oltp_read_write,64,1000000,4
1GB,2,2,1,ON,1,1024,1,0,100,48MB,4000,280.46,oltp_read_write,64,1000000,4
1GB,2,2,1,ON,1,1024,1,10,100,48MB,1,272.27,oltp_read_write,64,1000000,4
1GB,2,2,1,ON,1,1024,1,10,100,48MB,1000,316.74,oltp_read_write,64,1000000,4
1GB,2,2,1,ON,1,1024,1,10,100,48MB,2000,313.98,oltp_read_write,64,1000000,4
1GB,2,2,1,ON,1,1024,1,10,100,48MB,4000,315.81,oltp_read_write,64,1000000,4
1GB,2,2,1,ON,1,1024,1,25,100,48MB,1,262.07,oltp_read_write,64,1000000,4
1GB,2,2,1,ON,1,1024,1,25,100,48MB,1000,311.62,oltp_read_write,64,1000000,4
1GB,2,2,1,ON,1,1024,1,25,100,48MB,2000,319.33,oltp_read_write,64,1000000,4
1GB,2,2,1,ON,1,1024,1,25,100,48MB,4000,320.09,oltp_read_write,64,1000000,4
1GB,2,2,1,ON,1,1024,1,50,100,48MB,1,272.42,oltp_read_write,64,1000000,4
1GB,2,2,1,ON,1,1024,1,50,100,48MB,1000,307.02,oltp_read_write,64,1000000,4
1GB,2,2,1,ON,1,1024,1,50,100,48MB,2000,314.84,oltp_read_write,64,1000000,4
1GB,2,2,1,ON,1,1024,1,50,100,48MB,4000,312.57,oltp_read_write,64,1000000,4
1GB,2,2,1,ON,1,1024,1,25,100,4MB,4000,276.58,oltp_read_write,64,1000000,4
1GB,2,2,1,ON,1,1024,1,25,100,48MB,4000,284.87,oltp_read_write,64,1000000,4
1GB,2,2,1,ON,1,1024,1,25,100,512MB,4000,320.26,oltp_read_write,64,1000000,4
1GB,2,2,1,ON,1,1024,1,25,100,5GB,4000,319.38,oltp_read_write,64,1000000,4
1GB,2,2,1,ON,1,1024,1,25,5000,4MB,4000,255.59,oltp_read_write,64,1000000,4
1GB,2,2,1,ON,1,1024,1,25,5000,48MB,4000,249.91,oltp_read_write,64,1000000,4
1GB,2,2,1,ON,1,1024,1,25,5000,512MB,4000,276.12,oltp_read_write,64,1000000,4
1GB,2,2,1,ON,1,1024,1,25,5000,5GB,4000,284.77,oltp_read_write,64,1000000,4
1GB,2,2,1,ON,1,1024,1,25,10000,4MB,4000,242.48,oltp_read_write,64,1000000,4
1GB,2,2,1,ON,1,1024,1,25,10000,48MB,4000,233.67,oltp_read_write,64,1000000,4
1GB,2,2,1,ON,1,1024,1,25,10000,512MB,4000,256.55,oltp_read_write,64,1000000,4
1GB,2,2,1,ON,1,1024,1,25,10000,5GB,4000,234.21,oltp_read_write,64,1000000,4
1GB,2,2,1,ON,1,1024,1,25,20000,4MB,4000,209.01,oltp_read_write,64,1000000,4
1GB,2,2,1,ON,1,1024,1,25,20000,48MB,4000,243.68,oltp_read_write,64,1000000,4
1GB,2,2,1,ON,1,1024,1,25,20000,512MB,4000,229.22,oltp_read_write,64,1000000,4
1GB,2,2,1,ON,1,1024,1,25,20000,5GB,4000,221.08,oltp_read_write,64,1000000,4
1GB,2,2,1,ON,1,1024,1,25,100,48MB,1,235.58,oltp_read_write,64,1000000,4
1GB,2,2,1,ON,1,1024,1,25,100,48MB,1000,311.07,oltp_read_write,64,1000000,4
1GB,2,2,1,ON,1,1024,1,25,100,48MB,2000,312.66,oltp_read_write,64,1000000,4
1GB,2,2,1,ON,1,1024,1,25,100,48MB,4000,316.45,oltp_read_write,64,1000000,4
1GB,2,2,1,ON,1,1024,1,25,5000,48MB,1,261.8,oltp_read_write,64,1000000,4
1GB,2,2,1,ON,1,1024,1,25,5000,48MB,1000,304.91,oltp_read_write,64,1000000,4
1GB,2,2,1,ON,1,1024,1,25,5000,48MB,2000,302.86,oltp_read_write,64,1000000,4
1GB,2,2,1,ON,1,1024,1,25,5000,48MB,4000,310.86,oltp_read_write,64,1000000,4
1GB,2,2,1,ON,1,1024,1,25,10000,48MB,1,254.63,oltp_read_write,64,1000000,4
1GB,2,2,1,ON,1,1024,1,25,10000,48MB,1000,293.58,oltp_read_write,64,1000000,4
1GB,2,2,1,ON,1,1024,1,25,10000,48MB,2000,298.03,oltp_read_write,64,1000000,4
1GB,2,2,1,ON,1,1024,1,25,10000,48MB,4000,294.37,oltp_read_write,64,1000000,4
1GB,2,2,1,ON,1,1024,1,25,20000,48MB,1,266.36,oltp_read_write,64,1000000,4
1GB,2,2,1,ON,1,1024,1,25,20000,48MB,1000,301.86,oltp_read_write,64,1000000,4
1GB,2,2,1,ON,1,1024,1,25,20000,48MB,2000,300.98,oltp_read_write,64,1000000,4
1GB,2,2,1,ON,1,1024,1,25,20000,48MB,4000,307.82,oltp_read_write,64,1000000,4
1GB,2,2,1,ON,1,1024,1,25,100,4MB,1,232.62,oltp_read_write,64,1000000,4
1GB,2,2,1,ON,1,1024,1,25,100,4MB,1000,243.78,oltp_read_write,64,1000000,4
1GB,2,2,1,ON,1,1024,1,25,100,4MB,2000,254.34,oltp_read_write,64,1000000,4
1GB,2,2,1,ON,1,1024,1,25,100,4MB,4000,240.71,oltp_read_write,64,1000000,4
1GB,2,2,1,ON,1,1024,1,25,100,48MB,1,248.23,oltp_read_write,64,1000000,4
1GB,2,2,1,ON,1,1024,1,25,100,48MB,1000,304.39,oltp_read_write,64,1000000,4
1GB,2,2,1,ON,1,1024,1,25,100,48MB,2000,317.71,oltp_read_write,64,1000000,4
1GB,2,2,1,ON,1,1024,1,25,100,48MB,4000,315.15,oltp_read_write,64,1000000,4
1GB,2,2,1,ON,1,1024,1,25,100,512MB,1,268.71,oltp_read_write,64,1000000,4
1GB,2,2,1,ON,1,1024,1,25,100,512MB,1000,312.66,oltp_read_write,64,1000000,4
1GB,2,2,1,ON,1,1024,1,25,100,512MB,2000,303.43,oltp_read_write,64,1000000,4
1GB,2,2,1,ON,1,1024,1,25,100,512MB,4000,315.52,oltp_read_write,64,1000000,4
1GB,2,2,1,ON,1,1024,1,25,100,5GB,1,260.96,oltp_read_write,64,1000000,4
1GB,2,2,1,ON,1,1024,1,25,100,5GB,1000,315.29,oltp_read_write,64,1000000,4
1GB,2,2,1,ON,1,1024,1,25,100,5GB,2000,316.82,oltp_read_write,64,1000000,4
1GB,2,2,1,ON,1,1024,1,25,100,5GB,4000,304.25,oltp_read_write,64,1000000,4
