id,innodb_buffer_pool_size,innodb_read_io_threads,innodb_write_io_threads,innodb_flush_log_at_trx_commit,innodb_adaptive_hash_index,sync_binlog,innodb_lru_scan_depth,innodb_buffer_pool_instances,innodb_change_buffer_max_size,innodb_io_capacity,innodb_log_file_size,table_open_cache,tps,Average CPU Usage (Idle Mode),Average CPU Usage (IO Wait Mode),Average CPU Usage (IRQ Mode),Average CPU Usage (Nice Mode),Average CPU Usage (SoftIRQ Mode),Average CPU Usage (Steal Mode),Average CPU Usage (System Mode),Average CPU Usage (User Mode),Average Memory Usage Percentage,Total Memory Usage,Total Memory,Average Memory Swap In,Average Memory Swap Out,Average Network Retransmit Rate,Average Swap Usage Percentage,Average Pages Swap In/Out (60s Rate),Average Pages Swap Out (60s Rate),InnoDB Buffer Pool Cache Hit Rate,Current QPS (Queries Per Second),InnoDB Buffer Pool (Data Pages),InnoDB Buffer Pool (Free Pages),InnoDB Buffer Pool (Misc Pages),InnoDB Dirty Buffer Pages,Max CPU Usage (100 - Idle),MySQL Aborted Clients (60s Rate),MySQL Aborted Connections (60s Rate),MySQL Threads Running (Max Over Time),MySQL Client Threads Connected (Max Over Time),MySQL Threads Running (Max Over Time),MySQL Threads Connected (Max Over Time),MySQL Max Used Connections,MySQL Max Connections,MySQL File Openings (60s Rate),MySQL Handlers (Delete),MySQL Handlers (Discover),MySQL Handlers (External Lock),MySQL Handlers (MRR Init),MySQL Handlers (Read First Record),MySQL Handlers (Key Read),MySQL Handlers (Read Last Record),MySQL Handlers (Read Next Record),MySQL Handlers (Read Previous Record),MySQL Handlers (Read Random),MySQL Handlers (Read Next Record),MySQL Handlers (Update),MySQL Handlers (Write),InnoDB Rows Deleted (60s Rate),InnoDB Rows Inserted (60s Rate),InnoDB Rows Read (60s Rate),InnoDB Rows Updated (60s Rate),InnoDB Buffer Pool Total Pages,InnoDB Log Buffer Size,MySQL Internal Memory (Key Buffer Size),MySQL Network Traffic (Bytes Received),MySQL Network Traffic (Bytes Sent),MySQL Open Files (InnoDB),MySQL Open Files,MySQL Open Files Limit,MySQL Open Tables,MySQL Table Open Cache Size,MySQL Full Join Selects (60s Rate),MySQL Full Range Join Selects (60s Rate),MySQL Range Selects (60s Rate),MySQL Range Selects (60s Rate),MySQL Full Table Scans (60s Rate),MySQL Slow Queries (60s Rate),MySQL Sort Merge Passes (60s Rate),MySQL Sort Range (60s Rate),MySQL Rows Sorted (60s Rate),MySQL Sort Scans (60s Rate),MySQL Table Definition Cache,MySQL Table Definition Cache Size,MySQL Opened Table Definitions (60s Rate),MySQL Table Locks Immediate (60s Rate),MySQL Table Locks Waited (60s Rate),MySQL Opened Tables (60s Rate),MySQL Table Open Cache Hits (60s Rate),MySQL Table Open Cache Efficiency,MySQL Open Cache Misses (60s Rate),MySQL Open Cache Overflows (60s Rate),MySQL Temporary Disk Tables Created (60s Rate),MySQL Temporary Files Created (60s Rate),MySQL Temporary Tables Created (60s Rate),MySQL Threads Cached,MySQL Thread Cache Size,MySQL Threads Created (60s Rate),MySQL Transaction Handlers (Commit),MySQL Transaction Handlers (Prepare),MySQL Transaction Handlers (Rollback),MySQL Transaction Handlers (Savepoint),MySQL Transaction Handlers (Savepoint Rollback),Top 5 Command Usage (Delete),Top 5 Command Usage (Insert),Top 5 Command Usage (Select),Top 5 Command Usage (Statement Execute),Top 5 Command Usage (Update),MySQL Uptime,Root Volume Disk Usage Percentage,Root Volume Disk Usage,Top 5 Command Usage (Begin Transaction),Top 5 Command Usage (Commit),Top 5 Command Usage (Show Variables),Top 5 Command Usage (Statement Prepare),Top 5 Command Usage (Show Status),Top 5 Command Usage (Show Replica Status),Top 5 Command Usage (Admin Commands),Top 5 Command Usage (Set Option),workload_label,mem_size,num_cpu,label,Average Network Traffic Sent,Average Network Traffic Received,Average Disk IOPS (Read),Average Disk IOPS (Write),Average Disk Busy
0,1GB,2,2,1,ON,1,1024,1,25,100,48MB,4000,66.44,95.47522727260365,2.431363636363177,0,0,0.0545454545454669,0,0.5404545454555708,1.2477272727265822,3.966400909538237,7978270720,201146351616,0,0,0.0035227884613037,0,0,0,99.5482212899577,1979.34,65486,0,50,17216,35.46000000089406,0,0,6.0,5,6,5,74,151,0,257.79466666666667,0,2069.064426666667,0,0,776.5750400000001,0,4148.470186666667,0,0,1113.9388800000002,466.5714133333334,1328.0340266666667,263.7,263.72,27944.76,395.52,1072922624,16777216,8388608,139252.32,2669069.1,79,2,16384,1227,4000,0,0,263.66,0,0.6,0,0,0,13177.32,131.82,114,2000,0,0.2,0,0.0,1846.26,1.0,0.0,0,0,0,66.3,4,9,0,2900.9,1977.8,0.0,0,0,263.7,263.7,923.44,1912.0,395.52,588,2.3876099745299584,45721317376,,,,,,,,,64-1000000-4-oltp_read_write_50-0.2,190,88,"[0.23115944 0.08913189 0.12127103 0.08933861 0.06005682 0.06307624
 0.06275793 0.05103735 0.05936972 0.05267778 0.0689716  0.0511516 ]",1508567.12,1506223.97,2580.98,6654.900000000001,99.05800000019372
1,1GB,2,2,1,ON,1,1024,1,25,100,48MB,4000,70.12,95.27704545432196,2.6220454545436755,0,0,0.0561363636363642,0,0.5609090909091181,1.2545454545486336,4.003557791281082,8053010432,201146351616,0,0,0.0035227912789045,0,0,0,99.43274330675636,2077.58,65454,0,82,16890,36.64000000059604,0,0,5.666666666666667,5,6,5,74,151,0,0.0,0,0.36,0,0,0.0,0,0.0,0,0,200.76,0.0,100.56,276.88,276.88,29338.82,415.24,1072398336,16777216,8388608,146186.58000000002,2802228.1,79,2,16384,282,4000,0,0,276.78000000000003,0,0.6,0,0,0,13838.0,138.38,68,2000,0,0.2,0,0.2,1937.76,0.9998967986955356,0.2,0,0,0,69.58,4,9,0,3045.18,2076.44,0.0,0,0,276.88,276.88,969.08,2006.98,415.22,708,1.7530476604633694,33569824768,,,,,,,,,64-1000000-4-oltp_read_write_50-0.2,190,88,"[0.23115944 0.08913189 0.12127103 0.08933861 0.06005682 0.06307624
 0.06275793 0.05103735 0.05936972 0.05267778 0.0689716  0.0511516 ]",1599509.16,1594582.09,2638.58,6620.92,99.32799999974668
2,1GB,2,2,1,ON,1,1024,1,25,100,48MB,4000,73.55,95.27113636379892,2.634999999998664,0,0,0.0570454545454801,0,0.5622727272729701,1.231363636363973,3.999931090651714,8045715456,201146351616,0,0,0.0035227512519004,0,0,0,99.3158477536452,2185.7200000000003,65451,0,85,16515,35.82000000029802,0,0,5.833333333333333,5,6,5,74,151,0,914.8,0,7318.94,0,0,2744.4,0,14646.72,0,0,3924.94,1646.3,4690.18,291.18,291.18,30873.5,436.8,1072349184,16777216,8388608,153773.6,2948638.84,79,2,16384,283,4000,0,0,291.26,0,0.62,0,0,0,14562.0,145.62,68,2000,0,0.2,0,0.2,2038.68,0.9999019069292944,0.2,0,0,0,73.22,4,9,0,3203.48,2183.96,0.0,0,0,291.18,291.2,1019.82,2111.48,436.8,828,1.7540863440651977,33589714944,,,,,,,,,64-1000000-4-oltp_read_write_50-0.2,190,88,"[0.23115944 0.08913189 0.12127103 0.08933861 0.06005682 0.06307624
 0.06275793 0.05103735 0.05936972 0.05267778 0.0689716  0.0511516 ]",1672408.0899999999,1670055.5999999999,2668.3,6578.68,99.1920000007376
3,1GB,2,2,1,ON,1,1024,1,25,100,48MB,4000,81.39,95.17045454532752,2.6318181818176205,0,0,0.0615909090909247,0,0.5663636363637774,1.3220454545450742,3.564975447175641,7170818048,201146351616,0,0,0.0035227309087192,0,0,0,92.7305671266407,2445.84,64964,159,413,16608,38.019999999552965,0,0,5.833333333333333,5,6,5,5,151,0,268.0569416666667,0,2292.699806666667,0,0,858.5661366666668,0,4395.79,0,0,1233.4263966666667,487.1473933333333,1381.6228833333334,325.90000000000003,325.88,34555.74,488.94,1064370176,16777216,8388608,172082.82,3299722.48,79,2,16384,371,4000,0,0,326.0,0,0.58,0,0,0,16300.0,163.0,111,2000,0,0.2,0,0.2,2281.58,0.9999123491309416,0.2,0,0,0,81.88,0,9,0,3585.1800000000003,2444.28,0.0,0,0,325.90000000000003,325.90000000000003,1141.14,2363.04,488.92,93,1.7558411546643504,33623318528,,,,,,,,,64-1000000-4-oltp_read_write_50-0.6,190,88,"[0.3487761  0.01872445 0.13721321 0.07624631 0.0156647  0.02270148
 0.03604154 0.02214047 0.10876301 0.09218345 0.06198413 0.05956116]",1889557.73,1887342.2,2712.3,6685.78,99.25
4,1GB,2,2,1,ON,1,1024,1,25,100,48MB,4000,83.92,95.11954545466736,2.6334090909091823,0,0,0.0599999999999725,0,0.5529545454543242,1.260000000000291,3.5546512629022686,7150051328,201146351616,0,0,0.0035226497972448,0,0,0,92.83518705032505,2510.12,64888,0,648,16614,37.160000000149005,0,0,6.0,5,6,5,5,151,0,0.0,0,0.44,0,0,0.0,0,0.0,0,0,251.28,0.0,125.74,334.32,334.34000000000003,35471.0,501.72,1063124992,16777216,8388608,176585.68,3387508.64,79,2,16384,283,4000,0,0,334.64,0,0.66,0,0,0,16732.0,167.32,68,2000,0,0.22,0,0.22,2341.38,0.9999060471472498,0.22,0,0,0,84.10000000000001,0,9,0,3679.0,2508.0,0.0,0,0,334.34000000000003,334.34000000000003,1171.24,2424.98,501.78,223,1.7542812041890232,33593446400,,,,,,,,,64-1000000-4-oltp_read_write_50-0.6,190,88,"[0.3487761  0.01872445 0.13721321 0.07624631 0.0156647  0.02270148
 0.03604154 0.02214047 0.10876301 0.09218345 0.06198413 0.05956116]",1919456.56,1917125.02,2637.88,6675.26,99.34800000023095
5,1GB,2,2,1,ON,1,1024,1,25,100,48MB,4000,85.86,95.1624999999662,2.6395454545446304,0,0,0.0618181818181314,0,0.5602272727273472,1.277727272730152,3.5510062353185816,7142719488,201146351616,0,0,0.0035226539226403,0,0,0,92.85941041777016,2565.64,64860,0,676,16549,37.80000000074506,0,0,5.833333333333333,5,6,5,5,151,0,510.5713,0,4084.3660625,0,0,1531.5095625,0,8164.418333333334,0,0,2193.108979166667,918.8830333333334,2617.586079166667,341.88,341.88,36233.38,512.78,1062666240,16777216,8388608,180504.54,3459494.56,79,2,16384,282,4000,0,0,341.82,0,0.54,0,0,0,17092.0,170.92000000000002,68,2000,0,0.18,0,0.18,2393.28,0.9999247950665564,0.18,0,0,0,85.82000000000001,0,9,0,3760.76,2564.04,0.0,0,0,341.86,341.88,1197.02,2478.76,512.8,343,1.7540968250158828,33589915648,,,,,,,,,64-1000000-4-oltp_read_write_50-0.6,190,88,"[0.3487761  0.01872445 0.13721321 0.07624631 0.0156647  0.02270148
 0.03604154 0.02214047 0.10876301 0.09218345 0.06198413 0.05956116]",1957473.65,1955138.31,2657.4,6655.62,99.28600000031292
6,1GB,2,2,1,ON,1,1024,1,25,100,48MB,4000,175.06,94.6652272727171,2.294090909091527,0,0,0.1059090909090759,0,0.7122727272727797,1.8600000000002923,3.547827526906218,7136325632,201146351616,0,0,0.0035225248461253,0,0,0,96.42554003792036,5307.18,64459,0,1077,20941,29.10000000149012,0,0,5.666666666666667,5,6,5,5,151,0,236.2,0,2138.9,0,0,796.84,0,3915.26,0,0,1166.44,432.74,1209.08,707.5,707.5,74988.64,1061.28,1056096256,16777216,8388608,373452.74,7154589.100000001,79,2,16384,387,4000,0,0,707.44,0,0.54,0,0,0,35376.0,353.76,111,2000,0,0.18,0,0.18,4952.16,0.9999636535455966,0.18,0,0,0,177.24,0,9,0,7782.16,5306.28,0.0,0,0,707.52,707.5,2476.12,5129.02,1061.3,100,1.7570592978094155,33646645248,,,,,,,,,64-1000000-4-oltp_read_write_50-1.0,190,88,"[0.20022387 0.01726908 0.0808545  0.0950711  0.01701759 0.03417517
 0.01894234 0.03287622 0.13248402 0.10056766 0.15400037 0.11651808]",4039214.4499999997,4036876.52,2162.06,7397.68,99.2280000001192
7,1GB,2,2,1,ON,1,1024,1,25,100,48MB,4000,180.19,94.70795454563232,2.252045454546906,0,0,0.1074999999999642,0,0.7181818181824852,1.857500000001417,3.550806675149204,7142318080,201146351616,0,0,0.0035224812431245,0,0,0,96.58006232367022,5428.68,64299,0,1237,21506,32.73999999836087,0,0,5.666666666666667,5,6,5,5,151,0,225.84,0,2057.44,0,0,766.4,0,3759.32,0,0,1151.36,414.44,1171.38,723.62,723.64,76704.02,1085.28,1053474816,16777216,8388608,381962.16,7318621.54,79,2,16384,283,4000,0,0,723.64,0,0.64,0,0,0,36180.0,361.82,68,2000,0,0.22,0,0.22,5065.34,0.9999565694612244,0.22,0,0,0,181.32,0,9,0,7959.66,5426.92,0.0543609999999999,0,0,723.62,723.64,2533.08,5246.26,1085.3,220,1.7576015265842626,33657028608,,,,,,,,,64-1000000-4-oltp_read_write_50-1.0,190,88,"[0.20022387 0.01726908 0.0808545  0.0950711  0.01701759 0.03417517
 0.01894234 0.03287622 0.13248402 0.10056766 0.15400037 0.11651808]",4133632.56,4131286.7600000002,2107.42,7453.1,99.1220000004396
8,1GB,2,2,1,ON,1,1024,1,25,100,48MB,4000,183.01,94.82772727272555,2.260454545453052,0,0,0.1020454545454173,0,0.6838636363632289,1.844090909091164,3.5500125071281587,7140720640,201146351616,0,0,0.0035223565104389,0,0,0,96.62005189031028,5496.72,64273,0,1263,21494,39.41999999806285,0,0,6.0,5,6,5,5,151,0,320.46,0,2814.06,0,0,1050.06,0,5267.26,0,0,1551.04,584.76,1652.02,732.6800000000001,732.7,77672.26,1099.0,1053048832,16777216,8388608,386752.86,7409855.600000001,79,2,16384,282,4000,0,0,732.76,0,0.54,0,0,0,36636.0,366.36,68,2000,0,0.18,0,0.18,5128.9400000000005,0.999964906260723,0.18,0,0,0,183.52,0,9,0,8059.66,5495.12,0.0,0,0,732.6800000000001,732.6800000000001,2564.86,5312.12,1099.0,340,1.7576015265842626,33657028608,,,,,,,,,64-1000000-4-oltp_read_write_50-1.0,190,88,"[0.20022387 0.01726908 0.0808545  0.0950711  0.01701759 0.03417517
 0.01894234 0.03287622 0.13248402 0.10056766 0.15400037 0.11651808]",4196418.86,4194071.79,2107.36,7453.34,99.15199999976905
9,1GB,2,2,1,ON,1,1024,1,25,100,48MB,4000,414.79,95.24704545473844,2.2043181818179693,0,0,0.0954545454545826,0,0.5511363636366475,1.7095454545436928,3.4863304134829747,7012626432,201146351616,0,0,0.0035223015037696,0,0,0,87.7976933078555,6644.04,65214,0,322,0,81.83999999985099,0,0,5.666666666666667,5,6,5,5,151,0,640.1266183333332,0,5330.508303333334,0,0,1994.6879683333327,0,10353.681236666667,0,0,2871.13682,1159.0791283333333,3277.535598333333,0.0,0.0,171877.46,0.0,1068466176,16777216,8388608,169890.0,16621588.78,79,2,16384,387,4000,0,0,1660.74,0,0.68,0,0,0,83033.44,830.36,111,2000,0,0.22,0,0.22,5812.26,0.9999621504073992,0.22,0,0,0,415.64,0,9,0,6227.4400000000005,0.0,0.0,0,0,,,5812.6,6227.4400000000005,,96,1.75234201441673,33556312064,415.18,415.18,0.12,,,,,,64-1000000-4-oltp_read_only-0.2,190,88,"[0.87193997 0.00462632 0.00470529 0.00464    0.00440107 0.00440107
 0.0048027  0.0044211  0.00437463 0.00560091 0.00586725 0.0802197 ]",8738200.16,8735849.82,7571.12,5.14,94.67599999997763
10,1GB,2,2,1,ON,1,1024,1,25,100,48MB,4000,414.7,95.24249999999834,2.19340909090831,0,0,0.092045454545469,0,0.5468181818185888,1.7184090909077403,3.4899550777840744,7019917312,201146351616,0,0,0.0035221575185927,0,0,0,87.8049609635113,6612.16,64186,0,1350,0,49.32000000029802,0,0,5.666666666666667,5,6,5,5,151,0,0.0,0,0.4000000000000001,0,0,0.0,0,0.0,0,0,226.20000000000005,0.0,113.30000000000004,0.0,0.0,171056.82,0.0,1051623424,16777216,8388608,169068.92,16541149.56,79,2,16384,283,4000,0,0,1652.78,0,0.6,0,0,0,82637.7,826.4,68,2000,0,0.2,0,0.2,5784.4800000000005,0.9999654259181148,0.2,0,0,0,413.58,0,9,0,6197.66,0.0,0.0,0,0,,,5784.78,6197.64,,216,1.7523435116953978,33556340736,413.16,413.16,0.1,,,,,,64-1000000-4-oltp_read_only-0.2,190,88,"[0.87193997 0.00462632 0.00470529 0.00464    0.00440107 0.00440107
 0.0048027  0.0044211  0.00437463 0.00560091 0.00586725 0.0802197 ]",8709221.379999999,8706876.799999999,7531.66,5.74,94.16600000020117
11,1GB,2,2,1,ON,1,1024,1,25,100,48MB,4000,417.47,95.22727272727276,2.207272727273284,0,0,0.0929545454545591,0,0.5302272727274882,1.7199999999990452,3.4868435682042502,7013658624,201146351616,0,0,0.0035219588597926,0,0,0,87.81239971911084,6678.360000000001,63700,0,1836,0,62.74000000208616,0,0,5.666666666666667,5,6,5,5,151,0,171.48628,0,1373.0590125,0,0,514.95619,0,2730.4515,0,0,803.1953825,309.3517,911.692285,0.0,0.0,172745.56,0.0,1043660800,16777216,8388608,170765.32,16706058.62,79,2,16384,283,4000,0,0,1669.12,0,0.68,0,0,0,83453.02,834.5600000000001,68,2000,0,0.22,0,0.22,5842.2,0.999962344370997,0.22,0,0,0,417.74,0,9,0,6259.5,0.0,0.0,0,0,,,5842.54,6259.4800000000005,,336,1.750586776023677,33522700288,417.28,417.28,0.12,,,,,,64-1000000-4-oltp_read_only-0.2,190,88,"[0.87193997 0.00462632 0.00470529 0.00464    0.00440107 0.00440107
 0.0048027  0.0044211  0.00437463 0.00560091 0.00586725 0.0802197 ]",8795698.98,8793366.51,7591.66,6.38,94.8179999999702
12,1GB,2,2,1,ON,1,1024,1,25,100,48MB,4000,473.47,95.17272727276114,2.049545454545626,0,0,0.1040909090909384,0,0.5522727272726384,1.8600000000034345,3.498409912715644,7036923904,201146351616,0,0,0.0035218004406463,0,0,0,89.47873185172486,7572.42,64019,0,1517,0,66.69999999925493,0,0,5.666666666666667,5,6,5,5,151,0,344.86,0,2758.08,0,0,1033.92,0,5508.0,0,0,1616.08,620.2,1834.28,0.0,0.0,195895.78,0.0,1048887296,16777216,8388608,193612.08,18942511.06,79,2,16384,371,4000,0,0,1892.82,0,0.54,0,0,0,94630.64,946.4,111,2000,0,0.18,0,0.18,6624.7,0.999972829696538,0.18,0,0,0,473.56,0,9,0,7097.860000000001,0.0,0.0,0,0,,,6624.9800000000005,7097.88,,97,1.7523450089740655,33556369408,473.18,473.18,,,0.1,,,,64-1000000-4-oltp_read_only-0.6,190,88,"[0.81992943 0.01083924 0.00992679 0.01035883 0.01105693 0.01136511
 0.01067759 0.01009028 0.01099041 0.01009028 0.01009028 0.07458483]",9961285.13,9958950.08,7088.18,4.24,93.00600000005215
13,1GB,2,2,1,ON,1,1024,1,25,100,48MB,4000,484.31,95.18818181846292,2.010681818181514,0,0,0.1047727272727302,0,0.5470454545456028,1.8972727272727905,3.4839112555112166,7007760384,201146351616,0,0,0.0035215591211662,0,0,0,89.74118508026181,7716.76,62889,0,2647,0,68.96000000089406,0,0,5.833333333333333,5,6,5,5,151,0,845.5117670833333,0,6765.090990833333,0,0,2536.754609166667,0,13533.371915000002,0,0,3624.362379166667,1521.8573820833335,4331.789907083334,0.0,0.0,199632.38,0.0,1030373376,16777216,8388608,197302.5,19304647.22,79,2,16384,282,4000,0,0,1928.84,0,0.6,0,0,0,96442.72,964.44,68,2000,0,0.2,0,0.2,6750.84,0.9999703749348248,0.2,0,0,0,482.62,0,9,0,7233.08,0.0,0.0,0,0,,,6751.14,7233.06,,217,1.7523445811801652,33556361216,482.22,482.22,,,,0.1,,,64-1000000-4-oltp_read_only-0.6,190,88,"[0.81992943 0.01083924 0.00992679 0.01035883 0.01105693 0.01136511
 0.01067759 0.01009028 0.01099041 0.01009028 0.01009028 0.07458483]",10144884.98,10142552.57,6949.360000000001,5.0600000000000005,92.49799999967216
14,1GB,2,2,1,ON,1,1024,1,25,100,48MB,4000,478.42,95.29068181807688,1.9602272727269416,0,0,0.1045454545454525,0,0.5743181818179228,1.9104545454547,3.495565162137752,7031201792,201146351616,0,0,0.003521356480285,0,0,0,89.84702911429726,7583.32,62795,0,2741,0,38.82000000029803,0,0,5.833333333333333,5,6,5,5,151,0,0.0,0,0.36,0,0,0.0,0,0.0,0,0,200.76,0.0,100.56,0.0,0.0,196174.6,0.0,1028833280,16777216,8388608,193896.22,18970345.12,79,2,16384,282,4000,0,0,1895.44,0,0.62,0,0,0,94769.06,947.7,68,2000,0,0.2,0,0.2,6634.08,0.9999698535485388,0.2,0,0,0,474.28,0,9,0,7107.92,0.0,0.0,0,0,,,6634.400000000001,7107.9400000000005,,337,1.7505985403560742,33522925568,473.86,473.86,,,,,0.1,,64-1000000-4-oltp_read_only-0.6,190,88,"[0.81992943 0.01083924 0.00992679 0.01035883 0.01105693 0.01136511
 0.01067759 0.01009028 0.01099041 0.01009028 0.01009028 0.07458483]",9981133.5,9978796.84,6781.66,4.88,91.63200000021608
15,1GB,2,2,1,ON,1,1024,1,25,100,48MB,4000,1096.91,95.0790909091434,1.3854545454554053,0,0,0.1863636363636373,0,0.6699999999998867,2.44250000000261,3.507962328578828,7056138240,201146351616,0,0,0.0035209348215352,0,0,0,96.14683770901074,17581.2,62760,0,2776,0,44.020000003278255,0,0,5.166666666666667,5,6,5,5,151,0,204.82071444444443,0,1640.0997677777775,0,0,615.1301983333333,0,3275.943777777777,0,0,995.2287505555556,369.36018666666666,1107.9815888888888,0.0,0.0,454871.38,0.0,1028259840,16777216,8388608,449460.92,43981150.7,79,2,16384,402,4000,0,0,4394.900000000001,0,0.58,0,0,0,219748.0,2197.48,111,2000,0,0.2,0,0.2,15382.34,0.9999869982460632,0.2,0,0,0,1099.12,0,9,0,16481.08,0.0,0.0,0,0,,,15382.62,16481.08,,98,1.750623566299525,33523404800,1098.74,1098.74,,,,0.1,,,64-1000000-4-oltp_read_only-1.0,190,88,"[0.77383212 0.01324137 0.01185907 0.01363237 0.02049291 0.01441459
 0.01213396 0.01245309 0.01266027 0.01213396 0.01249711 0.09064918]",23108551.529999997,23106213.759999998,4865.9800000000005,4.1,78.91000000014901
16,1GB,2,2,1,ON,1,1024,1,25,100,48MB,4000,1118.01,95.11636363651438,1.3722727272727264,0,0,0.1902272727273167,0,0.6659090909087486,2.453181818181498,3.523222572552129,7086833664,201146351616,0,0,0.0035204373066371,0,0,0,96.31462138908084,17919.48,62515,0,3021,0,47.019999999552965,0,0,5.666666666666667,5,6,5,5,151,0,733.0950533333333,0,6072.736824444445,0,0,2272.8300400000003,0,11845.105964444449,0,0,3219.3424011111115,1325.6733833333335,3729.003940000001,0.0,0.0,463628.34,0.0,1024245760,16777216,8388608,458110.34,44827273.4,79,2,16384,282,4000,0,0,4479.5,0,0.6,0,0,0,223974.0,2239.74,68,2000,0,0.2,0,0.2,15678.3,0.9999872436776476,0.2,0,0,0,1120.26,0,9,0,16798.14,0.0,0.0,0,0,,,15678.6,16798.16,,218,1.7504913779828213,33520873472,1119.86,1119.86,,,,0.1,,,64-1000000-4-oltp_read_only-1.0,190,88,"[0.77383212 0.01324137 0.01185907 0.01363237 0.02049291 0.01441459
 0.01213396 0.01245309 0.01266027 0.01213396 0.01249711 0.09064918]",23540635.82,23538300.26,4831.04,5.5600000000000005,78.25
17,1GB,2,2,1,ON,1,1024,1,25,100,48MB,4000,1118.51,95.1486363637854,1.371818181816634,0,0,0.1959090909092027,0,0.6699999999992122,2.452500000000079,3.5117845167210646,7063826432,201146351616,0,0,0.003519935340287,0,0,0,96.3620509767392,17921.98,62529,0,3007,0,51.91999999806285,0,0,5.0,5,6,5,5,151,0,0.0,0,0.4,0,0,0.0,0,0.0,0,0,226.2,0.0,113.3,0.0,0.0,463696.7,0.0,1024475136,16777216,8388608,458177.82,44833435.9,79,2,16384,283,4000,0,0,4480.16,0,0.6,0,0,0,224004.0,2240.06,68,2000,0,0.2,0,0.2,15680.68,0.9999872456137664,0.2,0,0,0,1120.42,0,9,0,16800.7,0.0,0.0,0,0,,,15680.98,16800.7,,338,1.7505249598043782,33521516544,1120.02,1120.02,,,,,,0.1,64-1000000-4-oltp_read_only-1.0,190,88,"[0.77383212 0.01324137 0.01185907 0.01363237 0.02049291 0.01441459
 0.01213396 0.01245309 0.01266027 0.01213396 0.01249711 0.09064918]",23593781.080000002,23591442.0,4829.0,4.28,78.3859999999404
18,1GB,2,2,1,ON,1,1024,1,25,100,48MB,4000,360.46,95.66840909074314,2.157272727272172,0,0,0.063181818181824,0,0.6038636363637798,1.1872727272746246,3.5251672660395315,7090745344,201146351616,0,0,0.003519763318782,0,0,0,95.51507175503008,2229.1,65448,0,88,33672,34.62000000104308,0,0,6.0,5,6,5,5,151,0,373.68,0,2991.28,0,0,1121.82,0,5982.0,0,0,1762.6,673.4,1995.68,371.32,371.32,1113.94,742.64,1072300032,16777216,8388608,161594.98,69449.16,79,2,16384,401,4000,0,0,0.0,0,0.52,0,0,0,0.0,0.0,111,2000,0,0.18,0,0.18,1485.28,0.9998788254143496,0.18,0,0,0,0.34,0,9,0,3713.2,3713.24,0.0,0,0,371.32,371.32,,1856.62,742.64,99,1.7551618179428852,33610309632,,371.34,,,,,,,64-1000000-4-oltp_write_only-0.2,190,88,"[0.14076861 0.10432365 0.09591096 0.10433554 0.063229   0.08554122
 0.06455453 0.06418412 0.0823492  0.06390151 0.08010611 0.05079555]",232829.82,230501.74,1623.02,8955.02,98.84999999962749
19,1GB,2,2,1,ON,1,1024,1,25,100,48MB,4000,387.21,95.7356818182902,2.1031818181818505,0,0,0.0640909090908604,0,0.5929545454543707,1.2000000000009552,3.515987498247739,7072280576,201146351616,0,0,0.0035197497718956,0,0,0,95.63072755780058,2338.18,65453,0,83,34163,33.08000000193715,0,0,5.666666666666667,5,6,5,5,151,0,441.4872050000001,0,3740.7332233333336,0,0,1398.4870433333333,0,7183.521668333333,0,0,1998.8015833333327,801.3409933333335,2249.825565,389.46,389.46,1168.4,778.9200000000001,1072381952,16777216,8388608,169495.30000000002,72686.56,79,2,16384,282,4000,0,0,0.0,0,0.54,0,0,0,0.0,0.0,68,2000,0,0.18,0,0.18,1557.88,0.9998844717148248,0.18,0,0,0,0.36,0,9,0,3894.68,3894.6,0.0,0,0,,389.46,,1947.34,778.98,219,1.7540350087965728,33588731904,389.5,389.46,,,,,,,64-1000000-4-oltp_write_only-0.2,190,88,"[0.14076861 0.10432365 0.09591096 0.10433554 0.063229   0.08554122
 0.06455453 0.06418412 0.0823492  0.06390151 0.08010611 0.05079555]",245116.61,242770.2,1557.66,9015.06,98.8040000004694
20,1GB,2,2,1,ON,1,1024,1,25,100,48MB,4000,388.9,95.7315909088674,2.097954545454431,0,0,0.062045454545451,0,0.5979545454555625,1.1918181818172222,3.511344669817106,7062941696,201146351616,0,0,0.0035197167265452,0,0,0,95.67340610055034,2332.32,65452,0,84,33607,34.0,0,0,6.0,5,6,5,5,151,0,0.0,0,0.4,0,0,0.0,0,0.0,0,0,226.32,0.0,113.4,388.48,388.46,1165.46,776.98,1072365568,16777216,8388608,169072.6,72966.14,79,2,16384,282,4000,0,0,0.0,0,0.6,0,0,0,0.0,0.0,68,2000,0,0.2,0,0.2,1553.96,0.9998713131209142,0.2,0,0,0,0.4,0,9,0,3884.84,3884.76,0.0,0,0,388.48,388.48,,1942.42,777.0,339,1.7540352226935283,33588736000,388.5,,,,,,,,64-1000000-4-oltp_write_only-0.2,190,88,"[0.14076861 0.10432365 0.09591096 0.10433554 0.063229   0.08554122
 0.06455453 0.06418412 0.0823492  0.06390151 0.08010611 0.05079555]",244924.27,242583.24,1545.52,8978.76,98.78800000064076
21,1GB,2,2,1,ON,1,1024,1,25,100,48MB,4000,400.71,95.59999999983918,2.051136363637069,0,0,0.06477272727272,0,0.6422727272726908,1.2556818181839886,3.5248149812507137,7090036736,201146351616,0,0,0.0035197377303762,0,0,0,95.94240361614168,2462.5,65216,0,320,33406,24.08000000193715,0,0,5.833333333333333,5,6,5,5,151,0,406.6,0,3253.94,0,0,1220.22,0,6512.0,0,0,1845.16,732.28,2135.24,410.2,410.18,1230.6,820.4200000000001,1068498944,16777216,8388608,178519.34,76247.28,79,2,16384,387,4000,0,0,0.0,0,0.56,0,0,0,0.0,0.0,111,2000,0,0.18,0,0.18,1640.8,0.9998903094492316,0.18,0,0,0,0.38,0,9,0,4101.96,4101.96,0.0,0,0,410.2,410.2,,2050.98,820.4,102,1.757661631627938,33658179584,,410.18,,,,,,,64-1000000-4-oltp_write_only-0.6,190,88,"[0.12501794 0.05885062 0.07742879 0.0986337  0.07223215 0.08800724
 0.07141055 0.07179678 0.07650079 0.06676735 0.12888044 0.06447364]",257314.93,254975.71,1552.08,8800.08,98.7859999993816
22,1GB,2,2,1,ON,1,1024,1,25,100,48MB,4000,417.32,95.71522727278489,2.057727272728078,0,0,0.0645454545454087,0,0.6031818181820863,1.221363636363166,3.522821415885105,7086026752,201146351616,0,0,0.0035197064453903,0,0,0,96.05732901735068,2491.52,65172,0,364,34045,31.23999999836087,0,0,6.0,5,6,5,5,151,0,0.0,0,0.4,0,0,0.0,0,0.0,0,0,226.2,0.0,113.3,415.04,415.04,1245.14,830.12,1067778048,16777216,8388608,180618.04,77088.18000000001,79,2,16384,282,4000,0,0,0.0,0,0.54,0,0,0,0.0,0.0,68,2000,0,0.18,0,0.18,1660.16,0.9998915884698314,0.18,0,0,0,0.36,0,9,0,4150.4,4150.4,0.0,0,0,415.06,,,2075.18,830.08,222,1.7575409937466755,33655869440,415.02,415.02,,,,,,,64-1000000-4-oltp_write_only-0.6,190,88,"[0.12501794 0.05885062 0.07742879 0.0986337  0.07223215 0.08800724
 0.07141055 0.07179678 0.07650079 0.06676735 0.12888044 0.06447364]",261114.86000000002,258927.91,1504.94,8901.34,98.77799999993294
23,1GB,2,2,1,ON,1,1024,1,25,100,48MB,4000,417.27,95.6724999997426,2.0438636363648266,0,0,0.0654545454545711,0,0.6299999999999646,1.2175000000028766,3.514926571224777,7070146560,201146351616,0,0,0.0035197280398785,0,0,0,96.08689044401274,2500.62,65170,0,366,34239,24.5,0,0,5.5,5,6,5,5,151,0,101.15390999999998,0,806.7859799999999,0,0,302.21190999999993,0,1619.332,0,0,470.33987,180.81635,536.74335,416.5,416.5,1249.5,833.02,1067745280,16777216,8388608,181268.46,78280.44,79,2,16384,283,4000,0,0,0.0,0,0.68,0,0,0,0.0,0.0,68,2000,0,0.22,0,0.22,1666.02,0.999867966199347,0.22,0,0,0,0.46,0,9,0,4165.08,4165.0,0.0,0,0,,416.5,,2082.52,833.02,342,1.755693565767047,33620492288,416.54,416.5,,,,,,,64-1000000-4-oltp_write_only-0.6,190,88,"[0.12501794 0.05885062 0.07742879 0.0986337  0.07223215 0.08800724
 0.07141055 0.07179678 0.07650079 0.06676735 0.12888044 0.06447364]",261170.67,258835.97,1497.5,8927.86,98.84599999990314
24,1GB,2,2,1,ON,1,1024,1,25,100,48MB,4000,780.09,95.71022727243094,1.4468181818190071,0,0,0.0990909090908551,0,0.6909090909096924,1.652272727273974,3.5315776273990025,7103639552,201146351616,0,0,0.0035197221905173,0,0,0,97.93121048500856,4686.84,64574,283,679,36141,29.21999999880791,0,0,5.666666666666667,5,6,5,5,151,0,633.72,0,5070.5,0,0,1901.36,0,10142.06,0,0,2787.56,1140.9,3283.0,780.86,780.9,2342.66,1561.8,1057980416,16777216,8388608,339769.94,141156.58000000002,79,2,16384,373,4000,0,0,0.0,0,0.58,0,0,0,0.0,0.0,111,2000,0,0.2,0,0.2,3123.62,0.9999359758244714,0.2,0,0,0,0.38,0,9,0,7808.96,7808.96,0.0,0,0,780.9200000000001,,,3904.52,1561.8,95,1.7592923819945816,33689407488,780.9,780.9,,,,,,,64-1000000-4-oltp_write_only-1.0,190,88,"[0.0433034  0.04573173 0.05468799 0.1992347  0.0415929  0.13867483
 0.04250291 0.04729468 0.05728193 0.04105178 0.20649063 0.08215251]",485582.54,483225.19,1270.68,8609.8,98.25399999972431
25,1GB,2,2,1,ON,1,1024,1,25,100,48MB,4000,781.54,95.76886363623836,1.4049999999997635,0,0,0.100681818181817,0,0.6886363636369156,1.635454545455962,3.524204082772997,7088807936,201146351616,0,0,0.0035196062698577,0,0,0,98.0853201388535,4668.900000000001,64321,403,812,37021,25.640000000596043,0,0,5.5,5,6,5,5,151,0,0.0,0,0.44,0,0,0.0,0,0.0,0,0,251.76,0.0,126.14,777.9,777.9,2333.74,1555.82,1053835264,16777216,8388608,338462.88,140627.62,79,2,16384,282,4000,0,0,0.0,0,0.56,0,0,0,0.0,0.0,68,2000,0,0.2,0,0.2,3111.66,0.9999357297564802,0.2,0,0,0,0.36,0,9,0,7779.16,7779.08,0.0,0,0,777.9200000000001,,,3889.56,1555.84,215,1.7663011434404852,33823621120,777.94,777.9,,,,,,,64-1000000-4-oltp_write_only-1.0,190,88,"[0.0433034  0.04573173 0.05468799 0.1992347  0.0415929  0.13867483
 0.04250291 0.04729468 0.05728193 0.04105178 0.20649063 0.08215251]",486063.18,483722.86,1157.32,8880.32,98.11799999978392
26,1GB,2,2,1,ON,1,1024,1,25,100,48MB,4000,783.05,95.82204545454375,1.4206818181846566,0,0,0.0979545454544718,0,0.7013636363631846,1.5947727272727292,3.522277716239941,7084933120,201146351616,0,0,0.0035195175233709,0,0,0,98.12512778398586,4696.14,64698,0,838,37337,28.420000001788136,0,0,5.666666666666667,5,6,5,5,151,0,156.62542333333334,0,1253.0520583333334,0,0,469.7789266666667,0,2511.458,0,0,744.238455,281.662935,839.6592575000001,782.46,782.5,2347.38,1564.92,1060012032,16777216,8388608,340461.06,141452.54,79,2,16384,283,4000,0,0,0.0,0,0.6,0,0,0,0.0,0.0,68,2000,0,0.2,0,0.2,3129.9,0.9999361042778186,0.2,0,0,0,0.4,0,9,0,7824.64,7824.64,0.0,0,0,,782.5,,3912.38,1564.94,345,1.76452558483694,33789620224,782.48,782.48,,,,,,,64-1000000-4-oltp_write_only-1.0,190,88,"[0.0433034  0.04573173 0.05468799 0.1992347  0.0415929  0.13867483
 0.04250291 0.04729468 0.05728193 0.04105178 0.20649063 0.08215251]",486661.15,484310.91000000003,1156.72,8928.98,98.19799999985844
27,1GB,2,2,1,ON,1,1024,1,25,100,48MB,4000,75.23,95.11545454554089,2.4072727272719323,0,0,0.0993181818181677,0,0.6243181818181955,1.5227272727262595,3.518347602699976,7077027840,201146351616,0,0,0.00351933685089,0,0,0,84.17201136375864,6228.74,65047,409,80,5955,38.40000000223517,0,0,5.5,5,6,5,5,151,0,884.46,0,7075.32,0,0,2653.02,0,14152.0,0,0,3799.7,1591.72,4535.84,75.0,75.0,36001.06,150.0,1065730048,16777216,8388608,179544.9,3922628.0,79,2,16384,402,4000,0,0,300.0,0,0.68,0,0,0,14999.68,150.0,111,2000,0,0.22,0,0.22,6077.16,0.9999638001902136,0.22,0,0,0,75.46000000000001,0,9,0,6527.18,750.0,0.0,0,0,,,5777.5,6152.16,150.0,97,1.7531605980543374,33571987456,75.02,75.0,,,,,,,64-1000000-4-oltp_read_write_95-0.2,190,88,"[0.39003002 0.04500265 0.05630275 0.05869554 0.05816538 0.04435289
 0.03865576 0.03865576 0.03865576 0.0529598  0.05194468 0.12657901]",2379591.66,2377257.31,6281.16,2228.76,96.93999999947846
28,1GB,2,2,1,ON,1,1024,1,25,100,48MB,4000,75.42,95.0729545451362,2.4168181818196843,0,0,0.1043181818182013,0,0.6127272727271544,1.504318181814845,3.5137617914605954,7067803648,201146351616,0,0,0.0035192002328425,0,0,0,84.11132789555475,6257.32,65440,0,96,6567,39.21999999880791,0,0,5.833333333333333,5,6,5,5,151,0,0.0,0,0.44,0,0,0.0,0,0.0,0,0,251.52,0.0,125.94,75.36,75.36,36167.92,150.68,1072168960,16777216,8388608,180361.76,3940099.5,79,2,16384,283,4000,0,0,301.38,0,0.58,0,0,0,15068.0,150.68,68,2000,0,0.2,0,0.2,6105.28,0.9999672425427648,0.2,0,0,0,75.72,0,9,0,6557.42,753.52,0.0,0,0,,,5804.18,6180.64,150.68,217,1.751173709261622,33533939712,75.36,75.36,,,,,,,64-1000000-4-oltp_read_write_95-0.2,190,88,"[0.39003002 0.04500265 0.05630275 0.05869554 0.05816538 0.04435289
 0.03865576 0.03865576 0.03865576 0.0529598  0.05194468 0.12657901]",2382316.0300000003,2379977.2300000004,6286.9400000000005,2197.1,96.9320000000298
29,1GB,2,2,1,ON,1,1024,1,25,100,48MB,4000,76.16,95.0822727272964,2.400227272725963,0,0,0.1049999999999632,0,0.6154545454543938,1.528636363636286,3.509957930272705,7060152320,201146351616,0,0,0.0035189956707307,0,0,0,84.06787009353135,6350.62,65445,0,91,6833,36.9400000013411,0,0,5.666666666666667,5,6,5,5,151,0,204.24397222222223,0,1635.1384466666666,0,0,613.2111483333333,0,3267.903555555556,0,0,980.1428611111112,368.11838166666666,1098.8782116666666,76.48,76.48,36727.66,153.0,1072250880,16777216,8388608,183063.56,4000472.74,79,2,16384,282,4000,0,0,306.08,0,0.64,0,0,0,15304.0,153.04,68,2000,0,0.2,0,0.2,6196.1,0.9999677226732082,0.2,0,0,0,76.96000000000001,0,9,0,6655.06,764.88,0.0,0,0,,76.48,5890.4800000000005,6272.58,153.0,337,1.7514327384712258,33538899968,,76.48,,,,,,,64-1000000-4-oltp_read_write_95-0.2,190,88,"[0.39003002 0.04500265 0.05630275 0.05869554 0.05816538 0.04435289
 0.03865576 0.03865576 0.03865576 0.0529598  0.05194468 0.12657901]",2427421.46,2425081.8200000003,6410.38,2153.52,96.98400000017136
30,1GB,2,2,1,ON,1,1024,1,25,100,48MB,4000,84.44,94.9961363638497,2.33477272727368,0,0,0.1079545454545609,0,0.6638636363646553,1.607954545455372,3.5492733199701405,7139233792,201146351616,0,0,0.0035188768567092,0,0,0,85.85535868384117,6956.14,64780,0,756,7023,32.14000000059605,0,0,6.0,5,6,5,5,151,0,904.5635133333332,0,7446.002973333333,0,0,2787.965166666667,0,14588.965733333333,0,0,3977.003653333333,1635.4980333333333,4619.18922,83.76,83.76,40206.08,167.52,1061355520,16777216,8388608,200509.36,4379622.86,79,2,16384,386,4000,0,0,335.04,0,0.64,0,0,0,16752.0,167.52,111,2000,0,0.2,0,0.2,6787.08,0.9999705331148856,0.2,0,0,0,84.2,0,9,0,7289.7,837.72,0.0,0,0,,83.78,6452.360000000001,6870.860000000001,167.52,96,1.751420118551017,33538658304,,83.78,,,,,,,64-1000000-4-oltp_read_write_95-0.6,190,88,"[0.40881404 0.0386129  0.05766192 0.06457777 0.04392309 0.04104919
 0.04754535 0.03784064 0.04142888 0.03744807 0.04333838 0.13775978]",2655873.1100000003,2651127.16,5898.24,2302.2200000000003,96.20600000023842
31,1GB,2,2,1,ON,1,1024,1,25,100,48MB,4000,84.09,94.9979545450346,2.334318181819103,0,0,0.1084090909090129,0,0.6536363636365341,1.5686363636349574,3.53497218660685,7110467584,201146351616,0,0,0.0035186939219156,0,0,0,85.98815680444297,6982.5,64777,0,759,6425,31.40000000223517,0,0,5.666666666666667,5,6,5,5,151,0,0.0,0,0.44,0,0,0.0,0,0.0,0,0,251.76,0.0,126.14,84.16,84.16,40374.98,168.28,1061306368,16777216,8388608,201280.36,4398186.5200000005,79,2,16384,283,4000,0,0,336.5,0,0.58,0,0,0,16826.86,168.28,68,2000,0,0.2,0,0.2,6812.76,0.9999706441840258,0.2,0,0,0,84.52,0,9,0,7317.66,841.5600000000001,0.0,0,0,84.16,,6476.4400000000005,6896.92,168.28,216,1.751438513688941,33539010560,,84.16,,,,,,,64-1000000-4-oltp_read_write_95-0.6,190,88,"[0.40881404 0.0386129  0.05766192 0.06457777 0.04392309 0.04104919
 0.04754535 0.03784064 0.04142888 0.03744807 0.04333838 0.13775978]",2660735.71,2658394.64,5873.28,2323.04,96.09599999990314
32,1GB,2,2,1,ON,1,1024,1,25,100,48MB,4000,85.73,94.93704545468265,2.3434090909110727,0,0,0.1113636363636074,0,0.6356818181811679,1.5774999999986636,3.522082228727058,7084539904,201146351616,0,0,0.0035184976906407,0,0,0,86.041768258984,7125.34,64745,0,791,6691,38.519999999552965,0,0,5.666666666666667,5,6,5,5,151,0,481.34,0,3852.7,0,0,1444.82,0,7700.0,0,0,2196.78,867.28,2533.28,85.86,85.84,41206.42,171.70000000000002,1060782080,16777216,8388608,205393.08,4487961.76,79,2,16384,283,4000,0,0,343.40000000000003,0,0.62,0,0,0,17170.0,171.70000000000002,68,2000,0,0.2,0,0.2,6952.22,0.9999712330382802,0.2,0,0,0,86.26,0,9,0,7467.28,858.44,0.0,0,0,85.86,,6609.16,7038.06,171.68,336,1.7514374442041736,33538990080,85.84,,,,,,,,64-1000000-4-oltp_read_write_95-0.6,190,88,"[0.40881404 0.0386129  0.05766192 0.06457777 0.04392309 0.04104919
 0.04754535 0.03784064 0.04142888 0.03744807 0.04333838 0.13775978]",2728646.04,2726306.4699999997,5997.36,2345.0,96.70199999958275
33,1GB,2,2,1,ON,1,1024,1,25,100,48MB,4000,162.07,94.77863636380062,1.5843181818190772,0,0,0.1952272727272482,0,0.8595454545452853,2.3045454545476782,3.539110005629226,7118790656,201146351616,0,0,0.0035182047118432,0,0,0,93.73902401055226,13474.96,63992,0,1544,7130,36.11999999731778,0,0,5.833333333333333,5,6,5,5,151,0,304.3869866666667,0,2475.08688,0,0,927.8934,0,4948.06032,0,0,1358.8176,554.3759200000001,1565.1051200000002,162.32,162.32,77914.8,324.64,1048444928,16777216,8388608,388373.48,8482101.28,79,2,16384,372,4000,0,0,649.28,0,0.52,0,0,0,32464.0,324.64,111,2000,0,0.18,0,0.18,13149.16,0.9999863111000248,0.18,0,0,0,162.66,0,9,0,14123.12,1623.2,0.0,0,0,,,12500.14,13311.48,324.64,95,1.7525144153605288,33559613440,162.36,162.32,,,,,,,64-1000000-4-oltp_read_write_95-1.0,190,88,"[0.22084278 0.04350466 0.04931774 0.07329958 0.0450303  0.07162103
 0.05200891 0.04411866 0.0668089  0.0498541  0.07204533 0.211548  ]",5135888.71,5133553.03,3651.24,3078.6,88.8879999993369
34,1GB,2,2,1,ON,1,1024,1,25,100,48MB,4000,162.45,94.73045454538348,1.6436363636354685,0,0,0.1904545454545828,0,0.8393181818181934,2.2761363636370784,3.5276984220655123,7095836672,201146351616,0,0,0.0035177797809325,0,0,0,93.81353550205468,13474.72,64025,0,1511,6899,34.58000000193714,0,0,5.833333333333333,5,6,5,5,151,0,0.0,0,0.4,0,0,0.0,0,0.0,0,0,226.32,0.0,113.4,162.32,162.32,77914.40000000001,324.64,1048985600,16777216,8388608,388366.32,8482026.5,79,2,16384,282,4000,0,0,649.28,0,0.54,0,0,0,32464.0,324.64,68,2000,0,0.18,0,0.18,13148.68,0.9999863106003106,0.18,0,0,0,162.68,0,9,0,14122.7,1623.28,0.0,0,0,,,12499.68,13311.02,324.64,215,1.7523148495037555,33555791872,162.38,162.34,,,,,,,64-1000000-4-oltp_read_write_95-1.0,190,88,"[0.22084278 0.04350466 0.04931774 0.07329958 0.0450303  0.07162103
 0.05200891 0.04411866 0.0668089  0.0498541  0.07204533 0.211548  ]",5138462.140000002,5136142.610000002,3674.8000000000006,3078.7600000000007,89.22800000011922
35,1GB,2,2,1,ON,1,1024,1,25,100,48MB,4000,162.2,94.63863636341624,1.6393181818178546,0,0,0.1918181818180965,0,0.8629545454551739,2.2602272727240647,3.544323005972388,7129276416,201146351616,0,0,0.0035174325483539,0,0,0,93.81629914700456,13418.96,64030,0,1506,7154,34.71999999880791,0,0,5.666666666666667,5,6,5,5,151,0,912.56,0,7301.900000000001,0,0,2738.2000000000003,0,14624.0,0,0,3919.0,1642.9,4682.06,161.66,161.66,77588.8,323.32,1049067520,16777216,8388608,386761.58,8446899.84,79,2,16384,282,4000,0,0,646.5600000000001,0,0.52,0,0,0,32330.0,323.28000000000003,68,2000,0,0.18,0,0.18,13094.46,0.9999862539176334,0.18,0,0,0,161.98,0,9,0,14064.48,1616.6,0.0,0,0,,161.66,12448.08,13256.12,323.32,345,1.7522739951858046,33555009536,161.68,,,,,,,,64-1000000-4-oltp_read_write_95-1.0,190,88,"[0.22084278 0.04350466 0.04931774 0.07329958 0.0450303  0.07162103
 0.05200891 0.04411866 0.0668089  0.0498541  0.07204533 0.211548  ]",5108424.59,5106248.92,3645.26,3027.08,89.16199999954551
36,1GB,2,2,1,ON,1,1024,1,25,100,48MB,4000,161.62,95.09136363618414,2.3999999999999195,0,0,0.0729545454545566,0,0.6045454545452615,1.5515909090917457,3.550761875927506,7142227968,201146351616,0,0,0.0035173287591922,0,0,0,90.61294351621795,3578.62,65032,426,78,10142,34.439999997615814,0,0,5.833333333333333,5,6,5,5,151,0,0.0,0,0.36,0,0,0.0,0,0.0,0,0,200.76,0.0,100.56,162.6,162.6,68135.86,325.2,1065484288,16777216,8388608,141060.42,6596433.5200000005,79,2,16384,402,4000,0,0,650.48,0,0.62,0,0,0,32523.86,325.24,111,2000,0,0.2,0,0.2,3252.0,0.999938503167087,0.2,0,0,0,163.04,0,9,0,4227.58,1626.0,0.0,0,0,162.6,,2601.9,3414.6,325.22,94,1.7540698739998528,33589399552,,162.6,,,,,,,64-1000000-4-oltp_read_write_80-0.2,190,88,"[0.20068775 0.05773022 0.08921233 0.10306959 0.06244789 0.07395747
 0.06037735 0.06037735 0.07527546 0.06037735 0.07377631 0.08271094]",3535293.08,3532961.53,4223.6,4474.16,97.4199999999255
37,1GB,2,2,1,ON,1,1024,1,25,100,48MB,4000,161.83,95.08113636360082,2.4325000000003567,0,0,0.0736363636364103,0,0.5768181818183186,1.5375000000011088,3.553500737435911,7147737088,201146351616,0,0,0.0035173177284605,0,0,0,90.58501905705543,3537.24,64836,616,84,9762,35.78000000119209,0,0,6.0,5,6,5,5,151,0,145.20889166666666,0,1159.44274,0,0,434.4155916666666,0,2315.5913333333333,0,0,694.2656316666666,260.2618083333333,778.9930216666667,160.72,160.72,67336.66,321.44,1062273024,16777216,8388608,139423.02,6519074.140000001,79,2,16384,282,4000,0,0,642.84,0,0.58,0,0,0,32142.96,321.44,68,2000,0,0.2,0,0.2,3214.46,0.9999377850223664,0.2,0,0,0,161.1,0,9,0,4178.78,1607.2,0.0,0,0,160.72,,2571.84,3375.16,321.44,224,1.7540694462059414,33589391360,160.74,,,,,,,,64-1000000-4-oltp_read_write_80-0.2,190,88,"[0.20068775 0.05773022 0.08921233 0.10306959 0.06244789 0.07395747
 0.06037735 0.06037735 0.07527546 0.06037735 0.07377631 0.08271094]",3514021.8400000003,3511689.3600000003,4206.16,4439.02,97.58400000073016
38,1GB,2,2,1,ON,1,1024,1,25,100,48MB,4000,161.99,95.03113636344844,2.418409090908933,0,0,0.0777272727273673,0,0.5940909090906067,1.5543181818195952,3.5562477442573623,7153262592,201146351616,0,0,0.0035172834758229,0,0,0,90.55912895199818,3534.16,65156,296,84,9840,32.280000001192086,0,0,5.666666666666667,5,6,5,5,151,0,718.2009022222222,0,5952.639142222222,0,0,2227.6760088888886,0,11595.419213333333,0,0,3199.021546666667,1298.5237733333336,3673.596164444444,160.58,160.58,67279.78,321.16,1067515904,16777216,8388608,139308.88,6513451.08,79,2,16384,282,4000,0,0,642.32,0,0.62,0,0,0,32110.98,321.14,68,2000,0,0.2,0,0.2,3211.64,0.9999377303975292,0.2,0,0,0,161.0,0,9,0,4175.08,1605.76,0.0,0,0,,160.58,2569.64,3372.2000000000003,321.16,344,1.752303299068314,33555570688,160.58,,,,,,,,64-1000000-4-oltp_read_write_80-0.2,190,88,"[0.20068775 0.05773022 0.08921233 0.10306959 0.06244789 0.07395747
 0.06037735 0.06037735 0.07527546 0.06037735 0.07377631 0.08271094]",3518974.27,3516646.55,4208.9,4440.64,97.38999999966472
39,1GB,2,2,1,ON,1,1024,1,25,100,48MB,4000,177.41,95.05886363648725,2.354318181819213,0,0,0.0788636363636402,0,0.5920454545460115,1.5888636363634472,3.5417938862746468,7124189184,201146351616,0,0,0.0035172390033589,0,0,0,91.57190620848648,3880.0,64698,274,564,9583,37.10000000149012,0,0,5.833333333333333,5,6,5,5,151,0,0.0,0,0.4,0,0,0.0,0,0.0,0,0,226.2,0.0,113.3,176.3,176.3,73867.78,352.62,1060012032,16777216,8388608,152939.08000000002,7150732.86,79,2,16384,372,4000,0,0,705.2,0,0.62,0,0,0,35258.06,352.6,111,2000,0,0.2,0,0.2,3525.98,0.999943281398,0.2,0,0,0,176.72,0,9,0,4583.8,1763.04,0.0,0,0,176.3,,2821.08,3702.28,352.62,102,1.7540632431943148,33589272576,,176.3,,,,,,,64-1000000-4-oltp_read_write_80-0.6,190,88,"[0.18304677 0.06257293 0.08409051 0.10269173 0.06649994 0.07307165
 0.06625446 0.06625446 0.0724368  0.06625446 0.07912038 0.0777059 ]",3864785.19,3862481.42,3939.82,4656.46,97.81399999931456
40,1GB,2,2,1,ON,1,1024,1,25,100,48MB,4000,178.26,95.00272727236998,2.3693181818182447,0,0,0.0802272727272327,0,0.5759090909088408,1.614772727270612,3.547864180814869,7136399360,201146351616,0,0,0.003517185817049,0,0,0,91.64999907001624,3915.24,64933,0,603,10123,38.26000000163913,0,0,5.5,5,6,5,5,151,0,400.24,0,3203.84,0,0,1201.46,0,6416.0,0,0,1846.84,721.02,2117.58,177.9,177.9,74527.66,355.76,1063862272,16777216,8388608,154319.02,7214936.0,79,2,16384,283,4000,0,0,711.48,0,0.62,0,0,0,35572.48,355.74,68,2000,0,0.2,0,0.2,3557.96,0.9999437911729658,0.2,0,0,0,178.28,0,9,0,4625.3,1778.92,0.0,0,0,,177.9,2846.7200000000003,3735.84,355.76,222,1.7523009462018346,33555525632,177.92000000000002,,,,,,,,64-1000000-4-oltp_read_write_80-0.6,190,88,"[0.18304677 0.06257293 0.08409051 0.10269173 0.06649994 0.07307165
 0.06625446 0.06625446 0.0724368  0.06625446 0.07912038 0.0777059 ]",3893619.56,3891302.0100000002,3958.84,4607.56,97.65599999949336
41,1GB,2,2,1,ON,1,1024,1,25,100,48MB,4000,179.14,95.05931818205862,2.369999999999337,0,0,0.0811363636363324,0,0.5818181818184355,1.5981818181799925,3.530913784386556,7102304256,201146351616,0,0,0.0035170732500077,0,0,0,91.67493779867738,3933.78,64649,273,614,9942,38.82000000029803,0,0,5.833333333333333,5,6,5,5,151,0,0.0,0,0.4,0,0,0.0,0,0.0,0,0,226.32,0.0,113.4,178.74,178.74,74895.6,357.54,1059209216,16777216,8388608,155063.7,7250805.78,79,2,16384,283,4000,0,0,715.0,0,0.68,0,0,0,35751.5,357.52,68,2000,0,0.22,0,0.22,3574.9,0.999938463604019,0.22,0,0,0,179.22,0,9,0,4647.38,1787.52,0.0,0,0,178.78,178.74,2860.18,3753.64,357.54,342,1.752314421709844,33555783680,,,,,,,,,64-1000000-4-oltp_read_write_80-0.6,190,88,"[0.18304677 0.06257293 0.08409051 0.10269173 0.06649994 0.07307165
 0.06625446 0.06625446 0.0724368  0.06625446 0.07912038 0.0777059 ]",3905875.07,3903567.21,3948.2,4627.86,97.69199999980628
42,1GB,2,2,1,ON,1,1024,1,25,100,48MB,4000,337.02,94.77477272735403,1.7827272727271135,0,0,0.1238636363636432,0,0.7693181818182208,2.203636363637945,3.56220400441508,7165243392,201146351616,0,0,0.0035169236814535,0,0,0,96.45842596080053,7391.88,64138,0,1398,9787,23.719999998807907,0,0,5.833333333333333,5,6,5,5,151,0,0.0,0,0.4,0,0,0.0,0,0.0,0,0,226.08,0.0,113.2,335.92,335.92,140745.02,671.8000000000001,1050836992,16777216,8388608,291330.26,13620360.26,79,2,16384,372,4000,0,0,1343.64,0,0.6,0,0,0,67180.0,671.8000000000001,111,2000,0,0.2,0,0.2,6718.64,0.9999702329568796,0.2,0,0,0,336.3,0,9,0,8734.16,3359.16,0.0,0,0,335.92,,5375.28,7054.56,671.82,100,1.754067093339462,33589346304,335.94,,,,,,,,64-1000000-4-oltp_read_write_80-1.0,190,88,"[0.1339756  0.05707788 0.07135954 0.11453763 0.05970428 0.09077008
 0.0599986  0.05944732 0.07881948 0.05944732 0.08491157 0.12995069]",7355927.989999999,7353607.659999999,2540.3,5579.74,95.45000000018626
43,1GB,2,2,1,ON,1,1024,1,25,100,48MB,4000,344.54,94.788863636384,1.8634090909093084,0,0,0.1284090909090439,0,0.7336363636357169,2.167499999997404,3.5543010144417195,7149346816,201146351616,0,0,0.003516685170794,0,0,0,96.57897875947626,7620.7,64051,0,1485,10528,34.4400000013411,0,0,5.833333333333333,5,6,5,5,151,0,792.0,0,6335.12,0,0,2375.32,0,12662.0,0,0,3447.4,1425.06,4082.14,346.34000000000003,346.32,145121.62,692.6800000000001,1049411584,16777216,8388608,300352.78,14043898.74,79,2,16384,283,4000,0,0,1385.42,0,0.62,0,0,0,69268.0,692.6800000000001,68,2000,0,0.2,0,0.2,6926.64,0.9999711268052964,0.2,0,0,0,346.76,0,9,0,9004.58,3463.28,0.0,0,0,,,5541.64,7272.96,692.6800000000001,220,1.7540666655455617,33589338112,346.32,346.32,,,,,,,64-1000000-4-oltp_read_write_80-1.0,190,88,"[0.1339756  0.05707788 0.07135954 0.11453763 0.05970428 0.09077008
 0.0599986  0.05944732 0.07881948 0.05944732 0.08491157 0.12995069]",7578334.05,7576020.72,2577.2000000000003,5684.1,96.37600000016393
44,1GB,2,2,1,ON,1,1024,1,25,100,48MB,4000,341.64,94.89090909114616,1.89181818181864,0,0,0.1290909090909105,0,0.7072727272729057,2.122499999998994,3.559253364767727,7159308288,201146351616,0,0,0.0035165354245155,0,0,0,96.59865513022967,7483.360000000001,64043,0,1493,10158,38.23999999836087,0,0,6.0,5,6,5,5,151,0,0.0,0,0.36,0,0,0.0,0,0.0,0,0,200.88,0.0,100.66,340.06,340.06,142499.12,680.12,1049280512,16777216,8388608,294933.04,13789950.48,79,2,16384,283,4000,0,0,1360.38,0,0.62,0,0,0,68016.0,680.1800000000001,68,2000,0,0.2,0,0.2,6801.78,0.9999705967968152,0.2,0,0,0,340.52,0,9,0,8842.14,3400.6,0.0,0,0,,340.06,5441.84,7141.84,680.14,340,1.7540668794425174,33589342208,340.1,,,,,,,,64-1000000-4-oltp_read_write_80-1.0,190,88,"[0.1339756  0.05707788 0.07135954 0.11453763 0.05970428 0.09077008
 0.0599986  0.05944732 0.07881948 0.05944732 0.08491157 0.12995069]",7438086.04,7435912.92,2535.76,5609.12,96.52000000048427
45,1GB,2,2,1,ON,1,1024,1,25,100,48MB,4000,64.05,95.3506818185137,2.6013636363634265,0,0,0.0556818181818049,0,0.5429545454545374,1.132954545455639,3.559200420232983,7159201792,201146351616,0,0,0.0035164477193336,0,0,0,93.78616931622952,2063.7200000000003,65405,0,131,27241,37.160000000149005,0,0,6.0,5,6,5,5,151,0,163.0320388888889,0,1304.6851888888891,0,0,489.1740944444445,0,2612.255555555556,0,0,791.8838277777778,293.48886111111113,882.3770388888889,515.6800000000001,515.6800000000001,27195.84,515.54,1071595520,16777216,8388608,203295.68,2524532.86,79,2,16384,402,4000,0,0,257.78000000000003,0,0.6,0,0,0,12890.0,128.9,111,2000,0,0.2,0,0.2,1933.46,0.9998965692003764,0.2,0,0,0,64.86,0,9,0,3609.26,3222.6800000000003,0.0,0,0,515.64,515.66,386.9,1997.92,515.5600000000001,99,1.7548403308231264,33604153344,,,,,,,,,64-1000000-4-oltp_read_write_20-0.2,190,88,"[0.21253467 0.04521776 0.14128831 0.07867933 0.04486909 0.04890404
 0.05782173 0.05003467 0.09760771 0.06793659 0.09619859 0.0589075 ]",1467256.58,1464943.84,2313.68,7453.02,99.31199999991804
46,1GB,2,2,1,ON,1,1024,1,25,100,48MB,4000,66.91,95.3695454544134,2.5729545454551435,0,0,0.0584090909090894,0,0.5499999999987248,1.137499999999477,3.55433970467864,7149424640,201146351616,0,0,0.0035164466044718,0,0,0,93.66465184573704,2143.5,65417,2,117,28809,36.059999998658895,0,0,6.0,5,6,5,5,151,0,747.1233483333334,0,6034.453846666667,0,0,2262.9906066666667,0,12053.074565,0,0,3180.507316666667,1352.273528888889,3798.965821666666,535.42,535.46,28257.68,535.58,1071792128,16777216,8388608,211132.64,2622927.06,79,2,16384,283,4000,0,0,267.86,0,0.6,0,0,0,13394.82,133.96,68,2000,0,0.2,0,0.2,2008.18,0.9999004172517152,0.2,0,0,0,67.38,0,9,0,3748.52,3346.76,0.0,0,0,535.44,535.4,402.02,2075.12,535.62,219,1.7540681628242294,33589366784,,,,,,,,,64-1000000-4-oltp_read_write_20-0.2,190,88,"[0.21253467 0.04521776 0.14128831 0.07867933 0.04486909 0.04890404
 0.05782173 0.05003467 0.09760771 0.06793659 0.09619859 0.0589075 ]",1531846.04,1529538.6400000001,2270.2200000000003,7392.02,99.27400000020862
47,1GB,2,2,1,ON,1,1024,1,25,100,48MB,4000,67.17,95.28295454531064,2.58749999999816,0,0,0.054772727272742,0,0.5497727272716277,1.126136363636409,3.565217770238476,7171305472,201146351616,0,0,0.0035163970923131,0,0,0,93.6301344703026,2148.76,65419,0,117,28816,36.5,0,0,5.833333333333333,5,6,5,5,151,0,0.0,0,0.4,0,0,0.0,0,0.0,0,0,226.2,0.0,113.3,536.74,536.74,28326.72,536.88,1071824896,16777216,8388608,211655.82,2629796.44,79,2,16384,283,4000,0,0,268.52,0,0.68,0,0,0,13424.0,134.24,68,2000,0,0.22,0,0.22,2013.06,0.9998907255821348,0.22,0,0,0,67.58,0,9,0,3757.58,3354.88,0.0,0,0,536.76,536.74,403.0,2080.14,536.9,339,1.7540681628242294,33589366784,,,,,,,,,64-1000000-4-oltp_read_write_20-0.2,190,88,"[0.21253467 0.04521776 0.14128831 0.07867933 0.04486909 0.04890404
 0.05782173 0.05003467 0.09760771 0.06793659 0.09619859 0.0589075 ]",1535526.78,1533361.1,2287.38,7416.82,99.29000000003724
48,1GB,2,2,1,ON,1,1024,1,25,100,48MB,4000,71.7,95.23840909082948,2.600909090909846,0,0,0.0595454545454675,0,0.5752272727278349,1.1847727272712518,3.5668325785479027,7174553600,201146351616,0,0,0.0035163804898498,0,0,0,94.09105258220424,2315.26,65054,0,482,29393,37.059999998658895,0,0,5.666666666666667,5,6,5,5,151,0,362.98,0,2903.14,0,0,1088.44,0,5816.0,0,0,1694.74,652.78,1930.26,578.44,578.44,30519.3,578.5,1065844736,16777216,8388608,228067.38,2832502.74,79,2,16384,402,4000,0,0,289.28000000000003,0,0.58,0,0,0,14466.0,144.66,111,2000,0,0.2,0,0.2,2169.28,0.9999078120102514,0.2,0,0,0,72.7,0,9,0,4049.28,3615.4,0.0,0,0,578.42,578.44,434.16,2241.6,578.54,102,1.755817839896512,33622872064,,,,,,,,,64-1000000-4-oltp_read_write_20-0.6,190,88,"[0.18846241 0.04806461 0.13166681 0.07642637 0.05145223 0.05221288
 0.06622589 0.05796871 0.10111397 0.06754226 0.10590886 0.05295501]",1650889.65,1648569.59,2297.88,7493.04,99.3160000005737
49,1GB,2,2,1,ON,1,1024,1,25,100,48MB,4000,74.1,95.26590909080748,2.5900000000018064,0,0,0.0624999999999638,0,0.5745454545456505,1.1804545454556314,3.56767561844714,7176249344,201146351616,0,0,0.0035163872608304,0,0,0,94.17069402634922,2358.26,64991,0,545,31566,33.91999999806284,0,0,5.833333333333333,5,6,5,5,151,0,338.02787500000005,0,2912.7281416666665,0,0,1087.9883333333337,0,5520.5633333333335,0,0,1536.3114083333337,614.9839416666666,1718.606641666667,589.1800000000001,589.1800000000001,31080.38,589.28,1064812544,16777216,8388608,232301.86,2884155.04,79,2,16384,282,4000,0,0,294.6,0,0.58,0,0,0,14728.0,147.28,68,2000,0,0.2,0,0.2,2209.56,0.9999094924335676,0.2,0,0,0,74.02,0,9,0,4124.52,3682.6,0.0,0,0,589.1800000000001,589.1800000000001,442.22,2283.2200000000003,589.26,222,1.755817839896512,33622872064,,,,,,,,,64-1000000-4-oltp_read_write_20-0.6,190,88,"[0.18846241 0.04806461 0.13166681 0.07642637 0.05145223 0.05221288
 0.06622589 0.05796871 0.10111397 0.06754226 0.10590886 0.05295501]",1684099.42,1681772.32,2268.94,7456.18,99.33399999979883
50,1GB,2,2,1,ON,1,1024,1,25,100,48MB,4000,73.96,95.2934090909548,2.6070454545463413,0,0,0.0579545454545185,0,0.5577272727276181,1.1770454545472415,3.569375952543453,7179669504,201146351616,0,0,0.0035163569688453,0,0,0,94.19650459162824,2375.44,64982,0,554,31913,36.519999999552965,0,0,5.833333333333333,5,6,5,5,151,0,0.0,0,0.44,0,0,0.0,0,0.0,0,0,251.52,0.0,125.94,593.5600000000001,593.54,31304.1,593.46,1064665088,16777216,8388608,234005.94,2905231.04,79,2,16384,283,4000,0,0,296.72,0,0.68,0,0,0,14836.0,148.36,68,2000,0,0.22,0,0.22,2225.58,0.9999011591337946,0.22,0,0,0,74.64,0,9,0,4154.52,3709.52,0.0,0,0,593.54,593.5600000000001,445.4,2299.78,593.42,342,1.754426012425936,33596219392,,,,,,,,,64-1000000-4-oltp_read_write_20-0.6,190,88,"[0.18846241 0.04806461 0.13166681 0.07642637 0.05145223 0.05221288
 0.06622589 0.05796871 0.10111397 0.06754226 0.10590886 0.05295501]",1692090.58,1689770.19,2278.44,7499.6,99.33599999919534
51,1GB,2,2,1,ON,1,1024,1,25,100,48MB,4000,154.48,94.55295454541393,2.31090909090947,0,0,0.1020454545453649,0,0.7122727272723947,1.894545454546285,3.565653544485912,7172182016,201146351616,0,0,0.0035163232475711,0,0,0,97.15000845303692,4994.64,64508,0,1028,33264,38.67999999970198,0,0,5.666666666666667,5,6,5,5,151,0,685.12,0,5481.72,0,0,2055.58,0,10952.0,0,0,2991.46,1233.64,3536.28,1248.2,1248.2,65858.04000000001,1248.28,1056899072,16777216,8388608,492053.46,6105676.46,79,2,16384,371,4000,0,0,624.26,0,0.6,0,0,0,31212.0,312.12,111,2000,0,0.22,0,0.22,4681.18,0.9999530055111718,0.22,0,0,0,156.44,0,9,0,8737.880000000001,7801.48,0.11388,0,0,1248.18,1248.24,936.68,4837.22,1248.34,96,1.7593240387435705,33690013696,,,,,,,,,64-1000000-4-oltp_read_write_20-1.0,190,88,"[0.14080091 0.04309337 0.08152912 0.07953051 0.04566642 0.05635045
 0.06044564 0.07347672 0.11524963 0.05940015 0.17770749 0.06674959]",3549394.26,3547064.81,1948.54,7948.06,99.05200000014156
52,1GB,2,2,1,ON,1,1024,1,25,100,48MB,4000,160.7,94.66818181806327,2.294772727271383,0,0,0.1002272727272849,0,0.6936363636365361,1.8220454545443807,3.5550890734779728,7150931968,201146351616,0,0,0.0035162104665064,0,0,0,97.22945543440365,5155.4400000000005,64410,1,1125,34973,36.91999999806285,0,0,5.5,5,6,5,5,151,0,0.0,0,0.4,0,0,0.0,0,0.0,0,0,226.2,0.0,113.3,1288.32,1288.32,67971.46,1288.68,1055293440,16777216,8388608,507901.36,6301252.4,79,2,16384,283,4000,0,0,644.28,0,0.6,0,0,0,32214.0,322.14,68,2000,0,0.2,0,0.2,4831.82,0.9999586094428418,0.2,0,0,0,161.44,0,9,0,9019.18,8052.72,0.18,0,0,1288.32,1288.32,966.78,4992.86,1288.7,216,1.7605049638188763,33712627712,,,,,,,,,64-1000000-4-oltp_read_write_20-1.0,190,88,"[0.14080091 0.04309337 0.08152912 0.07953051 0.04566642 0.05635045
 0.06044564 0.07347672 0.11524963 0.05940015 0.17770749 0.06674959]",3667325.84,3664992.61,1883.2,7943.46,99.09999999962749
53,1GB,2,2,1,ON,1,1024,1,25,100,48MB,4000,161.23,94.67000000005248,2.273409090911372,0,0,0.1006818181818196,0,0.7043181818176832,1.8240909090896424,3.5586017397248355,7157997568,201146351616,0,0,0.003516168844709,0,0,0,97.240555159824,5187.82,64404,0,1132,34680,35.53999999910593,0,0,5.833333333333333,5,6,5,5,151,0,140.18097833333334,0,1120.8464066666668,0,0,420.14198833333336,0,2235.277666666667,0,0,709.1994758333334,252.02003916666663,771.3462091666667,1296.5,1296.48,68392.72,1296.8,1055195136,16777216,8388608,511100.64,6340563.04,79,2,16384,282,4000,0,0,648.26,0,0.58,0,0,0,32418.0,324.16,68,2000,0,0.2,0,0.2,4862.24,0.9999588683870648,0.2,0,0,0,162.48,0,9,0,9076.14,8103.72,0.06,0,0,1296.54,1296.5,972.68,5024.3,1296.8,336,1.764611143617978,33791258624,,,,,,,,,64-1000000-4-oltp_read_write_20-1.0,190,88,"[0.14080091 0.04309337 0.08152912 0.07953051 0.04566642 0.05635045
 0.06044564 0.07347672 0.11524963 0.05940015 0.17770749 0.06674959]",3688119.18,3685803.48,1869.06,7933.7,99.07199999969453
54,1GB,2,2,1,ON,1,1024,1,25,100,48MB,4000,19.36,95.3679545451464,2.5665909090894554,0,0,0.0538636363636752,0,0.5865909090911765,1.0684090909079378,3.568192845824953,7177289728,201146351616,0,0,0.0035161375572938,0,0,0,93.33008742088089,1982.38,65428,0,108,32618,27.56000000238419,0,0,5.666666666666667,5,6,5,5,151,0,1034.4764808333334,0,8483.488954166665,0,0,3176.80655,0,16664.079781666664,0,0,4504.989522083333,1868.2658033333328,5269.906135,485.44,485.42,9230.76,874.16,1071972352,16777216,8388608,234281.32,806074.8200000001,79,6,16384,385,4000,0,0,77.74,0,0.6,0,0,0,3888.0,38.88,111,2000,0,0.2,0,0.2,1942.18,0.9998970335361772,0.2,0,0,0,19.84,0,9,0,3826.0,3728.84,0.0,0,0,485.46,485.44,97.42,1961.58,874.16,99,1.759354626007792,33690599424,,,,,,,,,64-1000000-4-oltp_read_write_5-0.2,190,88,"[0.17503544 0.07637293 0.1759406  0.07696468 0.05756822 0.05799817
 0.05937401 0.06900492 0.07142849 0.05246764 0.07637519 0.0514697 ]",623813.4,621496.86,2055.16,8099.52,99.25
55,1GB,2,2,1,ON,1,1024,1,25,100,48MB,4000,20.37,95.4906818180514,2.547727272729047,0,0,0.0563636363636316,0,0.5513636363636362,1.0911363636332474,3.5601025136517563,7161016320,201146351616,0,0,0.0035161008649887,0,0,0,93.36995527252382,2078.96,65423,0,113,34264,35.85999999940396,0,0,5.833333333333333,5,6,5,5,151,0,0.0,0,0.44,0,0,0.0,0,0.0,0,0,251.76,0.0,126.14,509.06,509.06,9681.7,916.72,1071890432,16777216,8388608,245682.74,845405.0,79,6,16384,283,4000,0,0,81.54,0,0.62,0,0,0,4078.0,40.78,68,2000,0,0.2,0,0.2,2036.76,0.99990181446862,0.2,0,0,0,20.82,0,9,0,4012.32,3910.4,0.0,0,0,509.04,509.06,102.24,2057.14,916.74,219,1.7576201356191423,33657384960,,,,,,,,,64-1000000-4-oltp_read_write_5-0.2,190,88,"[0.17503544 0.07637293 0.1759406  0.07696468 0.05756822 0.05799817
 0.05937401 0.06900492 0.07142849 0.05246764 0.07637519 0.0514697 ]",656153.7400000001,653842.9500000001,1994.4,8045.92,99.07000000029804
56,1GB,2,2,1,ON,1,1024,1,25,100,48MB,4000,20.45,95.36977272738956,2.517954545454393,0,0,0.0604545454545938,0,0.5720454545456476,1.1115909090909784,3.5605097793035583,7161835520,201146351616,0,0,0.0035160941435742,0,0,0,93.3888775309675,2079.04,65422,0,114,34413,28.199999999254945,0,0,5.833333333333333,5,6,5,5,151,0,265.41111750000005,0,2123.7059425,0,0,796.2553,0,4240.2570000000005,0,0,1269.2458725,477.90681250000006,1424.9414375,509.58,509.56,9677.28,915.82,1071874048,16777216,8388608,245699.4,845313.52,79,6,16384,283,4000,0,0,81.5,0,0.66,0,0,0,4074.0,40.74,68,2000,0,0.22,0,0.22,2036.84,0.9998920012174408,0.22,0,0,0,20.8,0,9,0,4012.56,3910.68,0.0,0,0,509.54,509.58,102.22,2057.2200000000003,915.82,339,1.7576201356191423,33657384960,,,,,,,,,64-1000000-4-oltp_read_write_5-0.2,190,88,"[0.17503544 0.07637293 0.1759406  0.07696468 0.05756822 0.05799817
 0.05937401 0.06900492 0.07142849 0.05246764 0.07637519 0.0514697 ]",658042.39,655718.34,1992.32,8049.22,99.10400000028312
57,1GB,2,2,1,ON,1,1024,1,25,100,48MB,4000,21.75,95.37409090894192,2.6120454545458305,0,0,0.0611363636363758,0,0.576818181818259,1.1018181818193706,3.5615931059373622,7164014592,201146351616,0,0,0.0035160150517241,0,0,0,94.06526985968006,2242.94,65098,0,438,35418,36.560000002384186,0,0,6.0,5,6,5,5,151,0,205.5850333333333,0,1647.1392166666667,0,0,617.8479666666667,0,3294.80385,0,0,1000.7085833333332,371.0912833333333,1113.5470666666668,549.42,549.42,10440.04,988.74,1066565632,16777216,8388608,265077.04,911214.24,79,6,16384,372,4000,0,0,87.92,0,0.66,0,0,0,4394.0,43.96,111,2000,0,0.22,0,0.22,2197.48,0.9998998953451336,0.22,0,0,0,22.42,0,9,0,4329.04,4219.16,0.0,0,0,549.44,549.42,110.22,2219.46,988.72,101,1.755829604228909,33623097344,,,,,,,,,64-1000000-4-oltp_read_write_5-0.6,190,88,"[0.22416859 0.02104976 0.21436099 0.05712269 0.02879357 0.02955489
 0.03796059 0.05869503 0.10968601 0.07332191 0.08976686 0.0555191 ]",703443.66,701133.25,2032.26,8025.74,99.24799999967216
58,1GB,2,2,1,ON,1,1024,1,25,100,48MB,4000,22.57,95.31250000008464,2.580909090909981,0,0,0.0622727272727378,0,0.5793181818190656,1.1377272727260828,3.561743794228548,7164317696,201146351616,0,0,0.0035160129215579,0,0,0,94.13017754606796,2288.14,64998,0,538,36729,34.41999999806284,0,0,5.666666666666667,5,6,5,5,151,0,214.85156,0,1718.6705433333334,0,0,644.3519133333334,0,3447.0333333333338,0,0,1033.8869566666667,386.3921600000001,1158.5479033333334,560.58,560.58,10657.22,1008.44,1064927232,16777216,8388608,270406.42,929507.62,79,6,16384,281,4000,0,0,89.76,0,0.58,0,0,0,4488.0,44.88,68,2000,0,0.18,0,0.18,2241.8,0.9999197138243876,0.18,0,0,0,22.84,0,9,0,4416.28,4304.08,0.0,0,0,560.54,560.6,112.52,2264.24,1008.46,221,1.7576205634130426,33657393152,,,,,,,,,64-1000000-4-oltp_read_write_5-0.6,190,88,"[0.22416859 0.02104976 0.21436099 0.05712269 0.02879357 0.02955489
 0.03796059 0.05869503 0.10968601 0.07332191 0.08976686 0.0555191 ]",720170.8999999999,718000.1,1987.54,8008.58,99.16399999987334
59,1GB,2,2,1,ON,1,1024,1,25,100,48MB,4000,22.45,95.26068181781604,2.5959090909093,0,0,0.0611363636363661,0,0.5718181818176332,1.1515909090892675,3.5642321873611,7169323008,201146351616,0,0,0.0035159622872,0,0,0,94.14783472957834,2272.34,64995,0,541,37169,33.91999999806284,0,0,6.0,5,6,5,5,151,0,523.98,0,4193.36,0,0,1572.5,0,8384.0,0,0,2343.16,943.7,2733.28,556.6800000000001,556.72,10573.82,1001.84,1064878080,16777216,8388608,268586.2,922592.18,79,6,16384,283,4000,0,0,89.04,0,0.6,0,0,0,4452.0,44.52,68,2000,0,0.2,0,0.2,2226.56,0.999910183405486,0.2,0,0,0,22.66,0,9,0,4386.34,4275.04,0.0,0,0,556.72,556.7,111.6,2248.82,1001.84,341,1.7549462098146562,33606180864,,,,,,,,,64-1000000-4-oltp_read_write_5-0.6,190,88,"[0.22416859 0.02104976 0.21436099 0.05712269 0.02879357 0.02955489
 0.03796059 0.05869503 0.10968601 0.07332191 0.08976686 0.0555191 ]",718937.7,714059.02,2005.7,7972.56,99.29399999976158
60,1GB,2,2,1,ON,1,1024,1,25,100,48MB,4000,48.99,94.62227272733372,2.358636363635388,0,0,0.1056818181818822,0,0.7127272727273324,1.8713636363616448,3.580382306783605,7201808384,201146351616,0,0,0.0035158909632201,0,0,0,97.24425986330876,5143.16,64505,0,1031,39371,29.45999999716877,0,0,6.0,5,6,5,5,151,0,972.4043826666668,0,7989.487659333333,0,0,2991.788196666668,0,15683.473333333335,0,0,4300.912576,1757.7955946666668,4984.474669333333,1255.48,1255.48,24142.36,2274.4,1056849920,16777216,8388608,607608.14,2101076.74,79,6,16384,374,4000,0,0,203.58,0,0.64,0,0,0,10178.0,101.78,111,2000,0,0.2,0,0.2,5040.6,0.9999603237581336,0.2,0,0,0,51.32,0,9,0,9925.52,9671.04,2.28,0,0,1255.64,1255.48,254.84,5090.74,2274.98,103,1.7663832798702872,33825193984,,,,,,,,,64-1000000-4-oltp_read_write_5-1.0,190,88,"[0.13056157 0.04060632 0.12812473 0.05248679 0.04177739 0.04177739
 0.05198903 0.05664097 0.1158516  0.05513151 0.213055   0.07199769]",1617394.7,1615066.8,1785.28,8265.14,99.13200000021608
61,1GB,2,2,1,ON,1,1024,1,25,100,48MB,4000,50.88,94.6888636362485,2.3561363636356427,0,0,0.1068181818182545,0,0.7318181818177902,1.7409090909093263,3.580272345057608,7201587200,201146351616,0,0,0.0035157568865033,0,0,0,97.30449555641184,5201.4800000000005,64426,1,1109,41402,31.399999998509887,0,0,6.0,5,6,5,5,151,0,0.0,0,0.44,0,0,0.0,0,0.0,0,0,251.4,0.0,125.84,1269.06,1269.08,24438.02,2301.32,1055555584,16777216,8388608,614462.74,2126559.24,79,6,16384,282,4000,0,0,206.1,0,0.54,0,0,0,10306.0,103.06,68,2000,0,0.18,0,0.18,5097.900000000001,0.9999646925901516,0.18,0,0,0,51.9,0,9,0,10038.02,9780.4,2.34,0,0,1269.14,1269.06,257.9,5148.62,2302.06,223,1.7663856327367666,33825239040,,,,,,,,,64-1000000-4-oltp_read_write_5-1.0,190,88,"[0.13056157 0.04060632 0.12812473 0.05248679 0.04177739 0.04177739
 0.05198903 0.05664097 0.1158516  0.05513151 0.213055   0.07199769]",1641996.33,1639662.4500000002,1744.12,8249.36,99.04200000036508
62,1GB,2,2,1,ON,1,1024,1,25,100,48MB,4000,51.29,94.81999999995936,2.360681818181916,0,0,0.1077272727273013,0,0.6929545454553001,1.7165909090910776,3.5615096164787587,7163846656,201146351616,0,0,0.0035156214307641,0,0,0,97.29576183635488,5278.3,64431,1,1104,41735,40.099999997764826,0,0,5.5,5,6,5,5,151,0,190.55547916666663,0,1525.0286583333334,0,0,571.8223908333333,0,3048.8876666666665,0,0,946.2273558333334,343.1363216666667,1041.1249591666667,1288.98,1288.98,24737.66,2334.02,1055637504,16777216,8388608,623674.72,2152405.22,79,6,16384,283,4000,0,0,208.54,0,0.58,0,0,0,10428.0,104.28,68,2000,0,0.2,0,0.2,5173.32,0.9999613416010764,0.2,0,0,0,52.52,0,9,0,10187.5,9926.84,2.04,0,0,1289.2,1288.96,260.92,5224.76,2334.52,343,1.7659317434033484,33816547328,,,,,,,,,64-1000000-4-oltp_read_write_5-1.0,190,88,"[0.13056157 0.04060632 0.12812473 0.05248679 0.04177739 0.04177739
 0.05198903 0.05664097 0.1158516  0.05513151 0.213055   0.07199769]",1662911.1700000002,1660585.09,1761.02,8296.04,99.1480000000447
63,1GB,2,2,1,ON,1,1024,1,25,100,48MB,4000,240.48,94.51499999966477,1.8009090909070298,0,0,0.1279545454545292,0,0.6870454545459691,2.553181818180994,3.8994627270068207,7843627008,201146351616,0,0,0.0035155400797695,0,0,0,99.7757582783872,6965.62,59985,0,5551,15445,41.24000000208616,0,0,5.666666666666667,5,6,5,89,151,0,695.72,0,5569.68,0,0,2088.94,0,11144.0,0,0,3065.38,1253.96,3607.64,101.74,1383.48,11680.04,2720.4,982794240,16777216,8388608,1216382.1,1022628.02,51,2,16384,728,4000,0,0,10.56,0,0.68,0,0,0,0.0,0.0,87,2000,0,0.22,0,0.04,6583.9400000000005,0.9999939246474018,0.04,0,0,0,11.02,4,9,0,10231.24,7033.24,2.0,0,0,,1383.46,3177.26,,1805.24,312,1.284305536550212,24593690624,248.26,247.26,,,,,,,10-4-4-tpcc-nan,190,88,"[0.21566249 0.07915585 0.07673166 0.06902763 0.06664871 0.06664871
 0.06974981 0.06215075 0.08863031 0.066949   0.06680748 0.07183759]",1484496.1400000001,1482303.85,1845.6,7011.24,98.52799999993294
64,1GB,2,2,1,ON,1,1024,1,25,100,48MB,4000,224.72,94.62545454540206,1.786363636364371,0,0,0.1161363636363962,0,0.6618181818173374,2.538409090909723,3.8999962450106977,7844700160,201146351616,0,0,0.0035151662263936,0,0,0,99.42674515858144,6509.7,59704,345,5487,18046,40.620000001043074,0,0,6.0,5,6,5,89,151,0,0.0,0,0.44,0,0,0.0,0,0.0,0,0,251.52,0.0,125.94,98.42,1296.0,10785.86,2575.64,978190336,16777216,8388608,1138097.66,947306.92,51,2,16384,187,4000,0,0,9.48,0,0.6,0,0,0,0.0,0.0,41,2000,0,0.2,0,0.2,6163.04,0.999967549535634,0.2,0,0,0,9.88,4,9,0,9570.32,6580.64,1.88,0,0,,1296.0,2971.08,,1688.5,642,1.1364903362789949,21763117056,227.26,226.34,,,,,,,10-4-4-tpcc-nan,190,88,"[0.21566249 0.07915585 0.07673166 0.06902763 0.06664871 0.06664871
 0.06974981 0.06215075 0.08863031 0.066949   0.06680748 0.07183759]",1383112.09,1380791.26,1825.86,7020.02,98.2259999997914
65,1GB,2,2,1,ON,1,1024,1,25,100,48MB,4000,211.8,94.56000000022522,1.801363636363548,0,0,0.1136363636363914,0,0.6461363636362668,2.501590909091181,3.904270498026434,7853297664,201146351616,0,0,0.0035147661086095,0,0,0,99.16235841141764,6167.84,60423,0,5113,18239,38.45999999716878,0,0,5.5,5,6,5,89,151,0,0.0,0,0.36,0,0,0.0,0,0.0,0,0,200.64,0.0,100.46,93.32,1222.0,10407.52,2434.82,989970432,16777216,8388608,1078147.46,901917.06,51,2,16384,187,4000,0,0,9.46,0,0.58,0,0,0,0.0,0.0,41,2000,0,0.2,0,0.2,5832.96,0.9999657132669084,0.2,0,0,0,9.84,4,9,0,9064.24,6233.56,1.68,0,0,,1222.02,2812.44,,1602.58,972,1.139561682621404,21821931520,218.2,217.34,,,,,,,10-4-4-tpcc-nan,190,88,"[0.21566249 0.07915585 0.07673166 0.06902763 0.06664871 0.06664871
 0.06974981 0.06215075 0.08863031 0.066949   0.06680748 0.07183759]",1310828.66,1308492.13,1812.08,7014.72,98.17599999997763
66,1GB,2,2,1,ON,1,1024,1,25,100,48MB,4000,96.38,94.99749999988656,2.6361363636352784,0,0,0.0599999999999919,0,0.5029545454543927,1.555909090908813,4.31053224000425,8670478336,201146351616,0,0,0.0035153519437705,0,0,0,99.95819338938549,2659.32,64579,331,626,10356,37.859999999403946,0,0,5.833333333333333,5,6,5,89,151,0,230.81420333333327,0,2051.97438,0,0,764.7998750000002,0,3798.593833333333,0,0,1112.5497216666668,420.4294566666666,1177.5252066666665,38.74,532.02,4347.1,1043.02,1058062336,16777216,8388608,466259.48,389641.6,51,2,16384,1802,4000,0,0,3.78,0,0.54,0,0,0,0.0,0.0,87,2000,0,0.18,0,0.0,2517.46,1.0,0.0,0,0,0,4.14,4,9,0,3907.72,2685.68,0.72,0,0,,532.02,1214.52,,687.62,2485,4.196520032619633,80360873984,92.66,92.3,,,,,,,100-4-4-tpcc-nan,190,88,"[0.37395397 0.04895346 0.08939475 0.07806523 0.04722179 0.04811911
 0.04493351 0.04493351 0.06964582 0.05464774 0.04942405 0.05070706]",579767.52,577420.66,3268.06,5468.28,98.94000000040978
67,1GB,2,2,1,ON,1,1024,1,25,100,48MB,4000,112.58,95.03522727278656,2.424772727272026,0,0,0.0686363636363529,0,0.5240909090905929,1.6174999999996609,4.255954570005258,8560697344,201146351616,0,0,0.003515148653743,0,0,0,99.8793083057005,3177.6800000000003,64428,602,506,8815,36.03999999910592,0,0,6.0,5,6,5,89,151,0,0.0,0,0.36,0,0,0.0,0,0.0,0,0,201.0,0.0,100.76,46.94,636.48,5241.56,1243.92,1055588352,16777216,8388608,557388.78,463644.28,51,2,16384,185,4000,0,0,4.68,0,0.56,0,0,0,0.0,0.0,41,2000,0,0.18,0,0.18,3010.06,0.9999402041033274,0.18,0,0,0,5.0600000000000005,4,9,0,4671.9800000000005,3212.16,1.08,0,0,,636.48,1450.84,,822.6800000000001,2815,3.123438806248635,59812003840,109.78,109.26,,,,,,,100-4-4-tpcc-nan,190,88,"[0.37395397 0.04895346 0.08939475 0.07806523 0.04722179 0.04811911
 0.04493351 0.04493351 0.06964582 0.05464774 0.04942405 0.05070706]",680923.8900000001,678565.29,3571.7600000000007,5132.340000000001,97.71399999968708
68,1GB,2,2,1,ON,1,1024,1,25,100,48MB,4000,112.83,95.11568181834784,2.4627272727266143,0,0,0.0643181818182008,0,0.5059090909097368,1.6052272727269237,4.2499311110149876,8548581376,201146351616,0,0,0.0035149907318008,0,0,0,99.79501492683968,3070.7000000000003,64997,61,478,11081,35.660000000149,0,0,5.666666666666667,5,6,5,89,151,0,113.5,0,903.9375,0,0,338.40625,0,1800.0,0,0,525.0,202.4375,598.75,50.4,597.92,5601.1,1252.24,1064910848,16777216,8388608,540519.52,450153.34,51,2,16384,187,4000,0,0,5.58,0,0.66,0,0,0,0.0,0.0,41,2000,0,0.22,0,0.22,2899.88,0.9999241405468776,0.22,0,0,0,6.0200000000000005,4,9,0,4507.04,3097.28,1.08,0,0,,597.92,1399.38,,801.26,3155,3.12672404954365,59874914304,110.3,109.76,,,,,,,100-4-4-tpcc-nan,190,88,"[0.37395397 0.04895346 0.08939475 0.07806523 0.04722179 0.04811911
 0.04493351 0.04493351 0.06964582 0.05464774 0.04942405 0.05070706]",658174.4500000001,655832.0900000001,3722.3000000000006,4777.160000000001,97.84800000023098
