id,innodb_buffer_pool_size,innodb_read_io_threads,innodb_write_io_threads,innodb_flush_log_at_trx_commit,innodb_adaptive_hash_index,sync_binlog,innodb_lru_scan_depth,innodb_buffer_pool_instances,innodb_change_buffer_max_size,innodb_io_capacity,innodb_log_file_size,table_open_cache,tps,num_table,table_size,num_client,workload,skew
0,1GB,2,2,1,ON,1,1024,1,25,100,48MB,4000,241.89,64,1000000,4,oltp_read_only,0.2
1,2GB,2,2,1,ON,1,1024,1,25,100,48MB,4000,296.86,64,1000000,4,oltp_read_only,0.2
2,3GB,2,2,1,ON,1,1024,1,25,100,48MB,4000,339.36,64,1000000,4,oltp_read_only,0.2
3,4GB,2,2,1,ON,1,1024,1,25,100,48MB,4000,371.48,64,1000000,4,oltp_read_only,0.2
4,6GB,2,2,1,ON,1,1024,1,25,100,48MB,4000,430.08,64,1000000,4,oltp_read_only,0.2
5,8GB,2,2,1,ON,1,1024,1,25,100,48MB,4000,493.62,64,1000000,4,oltp_read_only,0.2
6,9GB,2,2,1,ON,1,1024,1,25,100,48MB,4000,541.07,64,1000000,4,oltp_read_only,0.2
7,12GB,2,2,1,ON,1,1024,1,25,100,48MB,4000,662.37,64,1000000,4,oltp_read_only,0.2
8,16GB,2,2,1,ON,1,1024,1,25,100,48MB,4000,724.56,64,1000000,4,oltp_read_only,0.2
9,18GB,2,2,1,ON,1,1024,1,25,100,48MB,4000,730.55,64,1000000,4,oltp_read_only,0.2
10,1GB,1,2,1,ON,1,1024,1,25,100,48MB,4000,301.67,64,1000000,4,oltp_read_only,0.2
11,1GB,2,2,1,ON,1,1024,1,25,100,48MB,4000,298.85,64,1000000,4,oltp_read_only,0.2
12,1GB,3,2,1,ON,1,1024,1,25,100,48MB,4000,298.1,64,1000000,4,oltp_read_only,0.2
13,1GB,7,2,1,ON,1,1024,1,25,100,48MB,4000,299.99,64,1000000,4,oltp_read_only,0.2
14,1GB,2,1,1,ON,1,1024,1,25,100,48MB,4000,298.74,64,1000000,4,oltp_read_only,0.2
15,1GB,2,2,1,ON,1,1024,1,25,100,48MB,4000,299.05,64,1000000,4,oltp_read_only,0.2
16,1GB,2,3,1,ON,1,1024,1,25,100,48MB,4000,298.99,64,1000000,4,oltp_read_only,0.2
17,1GB,2,7,1,ON,1,1024,1,25,100,48MB,4000,301.33,64,1000000,4,oltp_read_only,0.2
18,1GB,2,2,0,ON,1,1024,1,25,100,48MB,4000,294.93,64,1000000,4,oltp_read_only,0.2
19,1GB,2,2,1,ON,1,1024,1,25,100,48MB,4000,296.47,64,1000000,4,oltp_read_only,0.2
20,1GB,2,2,2,ON,1,1024,1,25,100,48MB,4000,301.47,64,1000000,4,oltp_read_only,0.2
21,1GB,2,2,1,ON,1,1024,1,25,100,48MB,4000,301.84,64,1000000,4,oltp_read_only,0.2
22,1GB,2,2,1,OFF,1,1024,1,25,100,48MB,4000,295.56,64,1000000,4,oltp_read_only,0.2
23,1GB,2,2,1,ON,0,1024,1,25,100,48MB,4000,300.47,64,1000000,4,oltp_read_only,0.2
24,1GB,2,2,1,ON,1,1024,1,25,100,48MB,4000,301.56,64,1000000,4,oltp_read_only,0.2
25,1GB,2,2,1,ON,1,100,1,25,100,48MB,4000,293.11,64,1000000,4,oltp_read_only,0.2
26,1GB,2,2,1,ON,1,1024,1,25,100,48MB,4000,299.48,64,1000000,4,oltp_read_only,0.2
27,1GB,2,2,1,ON,1,5000,1,25,100,48MB,4000,299.34,64,1000000,4,oltp_read_only,0.2
28,1GB,2,2,1,ON,1,10000,1,25,100,48MB,4000,301.58,64,1000000,4,oltp_read_only,0.2
29,1GB,2,2,1,ON,1,1024,1,25,100,48MB,4000,300.98,64,1000000,4,oltp_read_only,0.2
30,1GB,2,2,1,ON,1,1024,2,25,100,48MB,4000,298.26,64,1000000,4,oltp_read_only,0.2
31,1GB,2,2,1,ON,1,1024,4,25,100,48MB,4000,299.47,64,1000000,4,oltp_read_only,0.2
32,1GB,2,2,1,ON,1,1024,8,25,100,48MB,4000,302.15,64,1000000,4,oltp_read_only,0.2
33,1GB,2,2,1,ON,1,1024,1,0,100,48MB,4000,301.95,64,1000000,4,oltp_read_only,0.2
34,1GB,2,2,1,ON,1,1024,1,10,100,48MB,4000,303.43,64,1000000,4,oltp_read_only,0.2
35,1GB,2,2,1,ON,1,1024,1,25,100,48MB,4000,302.62,64,1000000,4,oltp_read_only,0.2
36,1GB,2,2,1,ON,1,1024,1,50,100,48MB,4000,301.61,64,1000000,4,oltp_read_only,0.2
37,1GB,2,2,1,ON,1,1024,1,25,100,48MB,4000,295.51,64,1000000,4,oltp_read_only,0.2
38,1GB,2,2,1,ON,1,1024,1,25,5000,48MB,4000,299.27,64,1000000,4,oltp_read_only,0.2
39,1GB,2,2,1,ON,1,1024,1,25,10000,48MB,4000,298.86,64,1000000,4,oltp_read_only,0.2
40,1GB,2,2,1,ON,1,1024,1,25,20000,48MB,4000,304.38,64,1000000,4,oltp_read_only,0.2
41,1GB,2,2,1,ON,1,1024,1,25,100,4MB,4000,300.42,64,1000000,4,oltp_read_only,0.2
42,1GB,2,2,1,ON,1,1024,1,25,100,48MB,4000,295.39,64,1000000,4,oltp_read_only,0.2
43,1GB,2,2,1,ON,1,1024,1,25,100,512MB,4000,295.55,64,1000000,4,oltp_read_only,0.2
44,1GB,2,2,1,ON,1,1024,1,25,100,5GB,4000,301.6,64,1000000,4,oltp_read_only,0.2
45,1GB,2,2,1,ON,1,1024,1,25,100,48MB,1,256.8,64,1000000,4,oltp_read_only,0.2
46,1GB,2,2,1,ON,1,1024,1,25,100,48MB,1000,297.9,64,1000000,4,oltp_read_only,0.2
47,1GB,2,2,1,ON,1,1024,1,25,100,48MB,2000,299.2,64,1000000,4,oltp_read_only,0.2
48,1GB,2,2,1,ON,1,1024,1,25,100,48MB,4000,298.81,64,1000000,4,oltp_read_only,0.2
49,1GB,2,2,1,ON,1,1024,1,25,100,48MB,4000,345.28,64,1000000,4,oltp_read_only,0.6
50,2GB,2,2,1,ON,1,1024,1,25,100,48MB,4000,386.78,64,1000000,4,oltp_read_only,0.6
51,3GB,2,2,1,ON,1,1024,1,25,100,48MB,4000,424.33,64,1000000,4,oltp_read_only,0.6
52,4GB,2,2,1,ON,1,1024,1,25,100,48MB,4000,467.13,64,1000000,4,oltp_read_only,0.6
53,6GB,2,2,1,ON,1,1024,1,25,100,48MB,4000,537.87,64,1000000,4,oltp_read_only,0.6
54,8GB,2,2,1,ON,1,1024,1,25,100,48MB,4000,606.43,64,1000000,4,oltp_read_only,0.6
55,9GB,2,2,1,ON,1,1024,1,25,100,48MB,4000,654.95,64,1000000,4,oltp_read_only,0.6
56,12GB,2,2,1,ON,1,1024,1,25,100,48MB,4000,736.94,64,1000000,4,oltp_read_only,0.6
57,16GB,2,2,1,ON,1,1024,1,25,100,48MB,4000,778.0,64,1000000,4,oltp_read_only,0.6
58,18GB,2,2,1,ON,1,1024,1,25,100,48MB,4000,779.35,64,1000000,4,oltp_read_only,0.6
59,1GB,1,2,1,ON,1,1024,1,25,100,48MB,4000,348.57,64,1000000,4,oltp_read_only,0.6
60,1GB,2,2,1,ON,1,1024,1,25,100,48MB,4000,349.12,64,1000000,4,oltp_read_only,0.6
61,1GB,3,2,1,ON,1,1024,1,25,100,48MB,4000,351.56,64,1000000,4,oltp_read_only,0.6
62,1GB,7,2,1,ON,1,1024,1,25,100,48MB,4000,350.69,64,1000000,4,oltp_read_only,0.6
63,1GB,2,1,1,ON,1,1024,1,25,100,48MB,4000,345.56,64,1000000,4,oltp_read_only,0.6
64,1GB,2,2,1,ON,1,1024,1,25,100,48MB,4000,352.92,64,1000000,4,oltp_read_only,0.6
65,1GB,2,3,1,ON,1,1024,1,25,100,48MB,4000,347.84,64,1000000,4,oltp_read_only,0.6
66,1GB,2,7,1,ON,1,1024,1,25,100,48MB,4000,349.71,64,1000000,4,oltp_read_only,0.6
67,1GB,2,2,0,ON,1,1024,1,25,100,48MB,4000,348.78,64,1000000,4,oltp_read_only,0.6
68,1GB,2,2,1,ON,1,1024,1,25,100,48MB,4000,355.98,64,1000000,4,oltp_read_only,0.6
69,1GB,2,2,2,ON,1,1024,1,25,100,48MB,4000,355.2,64,1000000,4,oltp_read_only,0.6
70,1GB,2,2,1,ON,1,1024,1,25,100,48MB,4000,351.02,64,1000000,4,oltp_read_only,0.6
71,1GB,2,2,1,OFF,1,1024,1,25,100,48MB,4000,357.8,64,1000000,4,oltp_read_only,0.6
72,1GB,2,2,1,ON,0,1024,1,25,100,48MB,4000,340.12,64,1000000,4,oltp_read_only,0.6
73,1GB,2,2,1,ON,1,1024,1,25,100,48MB,4000,356.45,64,1000000,4,oltp_read_only,0.6
74,1GB,2,2,1,ON,1,100,1,25,100,48MB,4000,348.62,64,1000000,4,oltp_read_only,0.6
75,1GB,2,2,1,ON,1,1024,1,25,100,48MB,4000,347.64,64,1000000,4,oltp_read_only,0.6
76,1GB,2,2,1,ON,1,5000,1,25,100,48MB,4000,352.3,64,1000000,4,oltp_read_only,0.6
77,1GB,2,2,1,ON,1,10000,1,25,100,48MB,4000,358.5,64,1000000,4,oltp_read_only,0.6
78,1GB,2,2,1,ON,1,1024,1,25,100,48MB,4000,348.17,64,1000000,4,oltp_read_only,0.6
79,1GB,2,2,1,ON,1,1024,2,25,100,48MB,4000,347.72,64,1000000,4,oltp_read_only,0.6
80,1GB,2,2,1,ON,1,1024,4,25,100,48MB,4000,342.55,64,1000000,4,oltp_read_only,0.6
81,1GB,2,2,1,ON,1,1024,8,25,100,48MB,4000,349.43,64,1000000,4,oltp_read_only,0.6
82,1GB,2,2,1,ON,1,1024,1,0,100,48MB,4000,355.6,64,1000000,4,oltp_read_only,0.6
83,1GB,2,2,1,ON,1,1024,1,10,100,48MB,4000,359.24,64,1000000,4,oltp_read_only,0.6
84,1GB,2,2,1,ON,1,1024,1,25,100,48MB,4000,359.63,64,1000000,4,oltp_read_only,0.6
85,1GB,2,2,1,ON,1,1024,1,50,100,48MB,4000,354.86,64,1000000,4,oltp_read_only,0.6
86,1GB,2,2,1,ON,1,1024,1,25,100,48MB,4000,349.67,64,1000000,4,oltp_read_only,0.6
87,1GB,2,2,1,ON,1,1024,1,25,5000,48MB,4000,358.77,64,1000000,4,oltp_read_only,0.6
88,1GB,2,2,1,ON,1,1024,1,25,10000,48MB,4000,358.94,64,1000000,4,oltp_read_only,0.6
89,1GB,2,2,1,ON,1,1024,1,25,20000,48MB,4000,362.38,64,1000000,4,oltp_read_only,0.6
90,1GB,2,2,1,ON,1,1024,1,25,100,4MB,4000,344.97,64,1000000,4,oltp_read_only,0.6
91,1GB,2,2,1,ON,1,1024,1,25,100,48MB,4000,349.66,64,1000000,4,oltp_read_only,0.6
92,1GB,2,2,1,ON,1,1024,1,25,100,512MB,4000,346.55,64,1000000,4,oltp_read_only,0.6
93,1GB,2,2,1,ON,1,1024,1,25,100,5GB,4000,350.05,64,1000000,4,oltp_read_only,0.6
94,1GB,2,2,1,ON,1,1024,1,25,100,48MB,1,292.24,64,1000000,4,oltp_read_only,0.6
95,1GB,2,2,1,ON,1,1024,1,25,100,48MB,1000,349.49,64,1000000,4,oltp_read_only,0.6
96,1GB,2,2,1,ON,1,1024,1,25,100,48MB,2000,358.46,64,1000000,4,oltp_read_only,0.6
97,1GB,2,2,1,ON,1,1024,1,25,100,48MB,4000,354.72,64,1000000,4,oltp_read_only,0.6
98,1GB,2,2,1,ON,1,1024,1,25,100,48MB,4000,717.72,64,1000000,4,oltp_read_only,1.0
99,2GB,2,2,1,ON,1,1024,1,25,100,48MB,4000,807.09,64,1000000,4,oltp_read_only,1.0
100,3GB,2,2,1,ON,1,1024,1,25,100,48MB,4000,872.91,64,1000000,4,oltp_read_only,1.0
101,4GB,2,2,1,ON,1,1024,1,25,100,48MB,4000,915.58,64,1000000,4,oltp_read_only,1.0
102,6GB,2,2,1,ON,1,1024,1,25,100,48MB,4000,980.59,64,1000000,4,oltp_read_only,1.0
103,8GB,2,2,1,ON,1,1024,1,25,100,48MB,4000,1017.74,64,1000000,4,oltp_read_only,1.0
104,9GB,2,2,1,ON,1,1024,1,25,100,48MB,4000,1021.71,64,1000000,4,oltp_read_only,1.0
105,12GB,2,2,1,ON,1,1024,1,25,100,48MB,4000,1026.83,64,1000000,4,oltp_read_only,1.0
106,16GB,2,2,1,ON,1,1024,1,25,100,48MB,4000,1010.47,64,1000000,4,oltp_read_only,1.0
107,18GB,2,2,1,ON,1,1024,1,25,100,48MB,4000,1023.05,64,1000000,4,oltp_read_only,1.0
108,1GB,1,2,1,ON,1,1024,1,25,100,48MB,4000,728.23,64,1000000,4,oltp_read_only,1.0
109,1GB,2,2,1,ON,1,1024,1,25,100,48MB,4000,727.89,64,1000000,4,oltp_read_only,1.0
110,1GB,3,2,1,ON,1,1024,1,25,100,48MB,4000,732.45,64,1000000,4,oltp_read_only,1.0
111,1GB,7,2,1,ON,1,1024,1,25,100,48MB,4000,732.41,64,1000000,4,oltp_read_only,1.0
112,1GB,2,1,1,ON,1,1024,1,25,100,48MB,4000,732.73,64,1000000,4,oltp_read_only,1.0
113,1GB,2,2,1,ON,1,1024,1,25,100,48MB,4000,729.84,64,1000000,4,oltp_read_only,1.0
114,1GB,2,3,1,ON,1,1024,1,25,100,48MB,4000,724.28,64,1000000,4,oltp_read_only,1.0
115,1GB,2,7,1,ON,1,1024,1,25,100,48MB,4000,729.79,64,1000000,4,oltp_read_only,1.0
116,1GB,2,2,0,ON,1,1024,1,25,100,48MB,4000,735.23,64,1000000,4,oltp_read_only,1.0
117,1GB,2,2,1,ON,1,1024,1,25,100,48MB,4000,741.52,64,1000000,4,oltp_read_only,1.0
118,1GB,2,2,2,ON,1,1024,1,25,100,48MB,4000,741.54,64,1000000,4,oltp_read_only,1.0
119,1GB,2,2,1,ON,1,1024,1,25,100,48MB,4000,729.75,64,1000000,4,oltp_read_only,1.0
120,1GB,2,2,1,OFF,1,1024,1,25,100,48MB,4000,740.98,64,1000000,4,oltp_read_only,1.0
121,1GB,2,2,1,ON,0,1024,1,25,100,48MB,4000,733.3,64,1000000,4,oltp_read_only,1.0
122,1GB,2,2,1,ON,1,1024,1,25,100,48MB,4000,737.7,64,1000000,4,oltp_read_only,1.0
123,1GB,2,2,1,ON,1,100,1,25,100,48MB,4000,728.15,64,1000000,4,oltp_read_only,1.0
124,1GB,2,2,1,ON,1,1024,1,25,100,48MB,4000,736.02,64,1000000,4,oltp_read_only,1.0
125,1GB,2,2,1,ON,1,5000,1,25,100,48MB,4000,736.14,64,1000000,4,oltp_read_only,1.0
126,1GB,2,2,1,ON,1,10000,1,25,100,48MB,4000,740.91,64,1000000,4,oltp_read_only,1.0
127,1GB,2,2,1,ON,1,1024,1,25,100,48MB,4000,729.2,64,1000000,4,oltp_read_only,1.0
128,1GB,2,2,1,ON,1,1024,2,25,100,48MB,4000,734.99,64,1000000,4,oltp_read_only,1.0
129,1GB,2,2,1,ON,1,1024,4,25,100,48MB,4000,728.82,64,1000000,4,oltp_read_only,1.0
130,1GB,2,2,1,ON,1,1024,8,25,100,48MB,4000,730.96,64,1000000,4,oltp_read_only,1.0
131,1GB,2,2,1,ON,1,1024,1,0,100,48MB,4000,728.48,64,1000000,4,oltp_read_only,1.0
132,1GB,2,2,1,ON,1,1024,1,10,100,48MB,4000,743.2,64,1000000,4,oltp_read_only,1.0
133,1GB,2,2,1,ON,1,1024,1,25,100,48MB,4000,739.35,64,1000000,4,oltp_read_only,1.0
134,1GB,2,2,1,ON,1,1024,1,50,100,48MB,4000,746.9,64,1000000,4,oltp_read_only,1.0
135,1GB,2,2,1,ON,1,1024,1,25,100,48MB,4000,724.55,64,1000000,4,oltp_read_only,1.0
136,1GB,2,2,1,ON,1,1024,1,25,5000,48MB,4000,736.49,64,1000000,4,oltp_read_only,1.0
137,1GB,2,2,1,ON,1,1024,1,25,10000,48MB,4000,736.54,64,1000000,4,oltp_read_only,1.0
138,1GB,2,2,1,ON,1,1024,1,25,20000,48MB,4000,727.92,64,1000000,4,oltp_read_only,1.0
139,1GB,2,2,1,ON,1,1024,1,25,100,4MB,4000,721.88,64,1000000,4,oltp_read_only,1.0
140,1GB,2,2,1,ON,1,1024,1,25,100,48MB,4000,717.1,64,1000000,4,oltp_read_only,1.0
141,1GB,2,2,1,ON,1,1024,1,25,100,512MB,4000,726.62,64,1000000,4,oltp_read_only,1.0
142,1GB,2,2,1,ON,1,1024,1,25,100,5GB,4000,729.93,64,1000000,4,oltp_read_only,1.0
143,1GB,2,2,1,ON,1,1024,1,25,100,48MB,1,513.24,64,1000000,4,oltp_read_only,1.0
144,1GB,2,2,1,ON,1,1024,1,25,100,48MB,1000,707.79,64,1000000,4,oltp_read_only,1.0
145,1GB,2,2,1,ON,1,1024,1,25,100,48MB,2000,725.62,64,1000000,4,oltp_read_only,1.0
146,1GB,2,2,1,ON,1,1024,1,25,100,48MB,4000,727.3,64,1000000,4,oltp_read_only,1.0
147,1GB,2,2,1,ON,1,1024,1,25,100,48MB,4000,103.75,64,1000000,4,oltp_write_only,0.2
148,2GB,2,2,1,ON,1,1024,1,25,100,48MB,4000,116.35,64,1000000,4,oltp_write_only,0.2
149,3GB,2,2,1,ON,1,1024,1,25,100,48MB,4000,125.56,64,1000000,4,oltp_write_only,0.2
150,4GB,2,2,1,ON,1,1024,1,25,100,48MB,4000,131.64,64,1000000,4,oltp_write_only,0.2
151,6GB,2,2,1,ON,1,1024,1,25,100,48MB,4000,137.42,64,1000000,4,oltp_write_only,0.2
152,8GB,2,2,1,ON,1,1024,1,25,100,48MB,4000,142.39,64,1000000,4,oltp_write_only,0.2
153,9GB,2,2,1,ON,1,1024,1,25,100,48MB,4000,147.82,64,1000000,4,oltp_write_only,0.2
154,12GB,2,2,1,ON,1,1024,1,25,100,48MB,4000,151.36,64,1000000,4,oltp_write_only,0.2
155,16GB,2,2,1,ON,1,1024,1,25,100,48MB,4000,154.2,64,1000000,4,oltp_write_only,0.2
156,18GB,2,2,1,ON,1,1024,1,25,100,48MB,4000,157.92,64,1000000,4,oltp_write_only,0.2
157,1GB,1,2,1,ON,1,1024,1,25,100,48MB,4000,174.73,64,1000000,4,oltp_write_only,0.2
158,1GB,2,2,1,ON,1,1024,1,25,100,48MB,4000,177.65,64,1000000,4,oltp_write_only,0.2
159,1GB,3,2,1,ON,1,1024,1,25,100,48MB,4000,180.44,64,1000000,4,oltp_write_only,0.2
160,1GB,7,2,1,ON,1,1024,1,25,100,48MB,4000,183.2,64,1000000,4,oltp_write_only,0.2
161,1GB,2,1,1,ON,1,1024,1,25,100,48MB,4000,132.26,64,1000000,4,oltp_write_only,0.2
162,1GB,2,2,1,ON,1,1024,1,25,100,48MB,4000,183.65,64,1000000,4,oltp_write_only,0.2
163,1GB,2,3,1,ON,1,1024,1,25,100,48MB,4000,210.76,64,1000000,4,oltp_write_only,0.2
164,1GB,2,7,1,ON,1,1024,1,25,100,48MB,4000,292.08,64,1000000,4,oltp_write_only,0.2
165,1GB,2,2,0,ON,1,1024,1,25,100,48MB,4000,207.29,64,1000000,4,oltp_write_only,0.2
166,1GB,2,2,1,ON,1,1024,1,25,100,48MB,4000,188.54,64,1000000,4,oltp_write_only,0.2
167,1GB,2,2,2,ON,1,1024,1,25,100,48MB,4000,223.51,64,1000000,4,oltp_write_only,0.2
168,1GB,2,2,1,ON,1,1024,1,25,100,48MB,4000,188.74,64,1000000,4,oltp_write_only,0.2
169,1GB,2,2,1,OFF,1,1024,1,25,100,48MB,4000,188.2,64,1000000,4,oltp_write_only,0.2
170,1GB,2,2,1,ON,0,1024,1,25,100,48MB,4000,194.5,64,1000000,4,oltp_write_only,0.2
171,1GB,2,2,1,ON,1,1024,1,25,100,48MB,4000,188.01,64,1000000,4,oltp_write_only,0.2
172,1GB,2,2,1,ON,1,100,1,25,100,48MB,4000,188.87,64,1000000,4,oltp_write_only,0.2
173,1GB,2,2,1,ON,1,1024,1,25,100,48MB,4000,184.82,64,1000000,4,oltp_write_only,0.2
174,1GB,2,2,1,ON,1,5000,1,25,100,48MB,4000,193.91,64,1000000,4,oltp_write_only,0.2
175,1GB,2,2,1,ON,1,10000,1,25,100,48MB,4000,194.39,64,1000000,4,oltp_write_only,0.2
176,1GB,2,2,1,ON,1,1024,1,25,100,48MB,4000,187.28,64,1000000,4,oltp_write_only,0.2
177,1GB,2,2,1,ON,1,1024,2,25,100,48MB,4000,197.08,64,1000000,4,oltp_write_only,0.2
178,1GB,2,2,1,ON,1,1024,4,25,100,48MB,4000,213.51,64,1000000,4,oltp_write_only,0.2
179,1GB,2,2,1,ON,1,1024,8,25,100,48MB,4000,239.08,64,1000000,4,oltp_write_only,0.2
180,1GB,2,2,1,ON,1,1024,1,0,100,48MB,4000,156.05,64,1000000,4,oltp_write_only,0.2
181,1GB,2,2,1,ON,1,1024,1,10,100,48MB,4000,184.3,64,1000000,4,oltp_write_only,0.2
182,1GB,2,2,1,ON,1,1024,1,25,100,48MB,4000,186.68,64,1000000,4,oltp_write_only,0.2
183,1GB,2,2,1,ON,1,1024,1,50,100,48MB,4000,189.0,64,1000000,4,oltp_write_only,0.2
184,1GB,2,2,1,ON,1,1024,1,25,100,48MB,4000,188.35,64,1000000,4,oltp_write_only,0.2
185,1GB,2,2,1,ON,1,1024,1,25,5000,48MB,4000,178.79,64,1000000,4,oltp_write_only,0.2
186,1GB,2,2,1,ON,1,1024,1,25,10000,48MB,4000,176.16,64,1000000,4,oltp_write_only,0.2
187,1GB,2,2,1,ON,1,1024,1,25,20000,48MB,4000,171.74,64,1000000,4,oltp_write_only,0.2
188,1GB,2,2,1,ON,1,1024,1,25,100,4MB,4000,122.21,64,1000000,4,oltp_write_only,0.2
189,1GB,2,2,1,ON,1,1024,1,25,100,48MB,4000,186.62,64,1000000,4,oltp_write_only,0.2
190,1GB,2,2,1,ON,1,1024,1,25,100,512MB,4000,195.13,64,1000000,4,oltp_write_only,0.2
191,1GB,2,2,1,ON,1,1024,1,25,100,5GB,4000,204.65,64,1000000,4,oltp_write_only,0.2
192,1GB,2,2,1,ON,1,1024,1,25,100,48MB,1,187.37,64,1000000,4,oltp_write_only,0.2
193,1GB,2,2,1,ON,1,1024,1,25,100,48MB,1000,191.55,64,1000000,4,oltp_write_only,0.2
194,1GB,2,2,1,ON,1,1024,1,25,100,48MB,2000,187.01,64,1000000,4,oltp_write_only,0.2
195,1GB,2,2,1,ON,1,1024,1,25,100,48MB,4000,188.13,64,1000000,4,oltp_write_only,0.2
196,1GB,2,2,1,ON,1,1024,1,25,100,48MB,4000,203.16,64,1000000,4,oltp_write_only,0.6
197,2GB,2,2,1,ON,1,1024,1,25,100,48MB,4000,248.03,64,1000000,4,oltp_write_only,0.6
198,3GB,2,2,1,ON,1,1024,1,25,100,48MB,4000,253.8,64,1000000,4,oltp_write_only,0.6
199,4GB,2,2,1,ON,1,1024,1,25,100,48MB,4000,257.4,64,1000000,4,oltp_write_only,0.6
200,6GB,2,2,1,ON,1,1024,1,25,100,48MB,4000,263.23,64,1000000,4,oltp_write_only,0.6
201,8GB,2,2,1,ON,1,1024,1,25,100,48MB,4000,268.09,64,1000000,4,oltp_write_only,0.6
202,9GB,2,2,1,ON,1,1024,1,25,100,48MB,4000,268.31,64,1000000,4,oltp_write_only,0.6
203,12GB,2,2,1,ON,1,1024,1,25,100,48MB,4000,273.68,64,1000000,4,oltp_write_only,0.6
204,16GB,2,2,1,ON,1,1024,1,25,100,48MB,4000,276.03,64,1000000,4,oltp_write_only,0.6
205,18GB,2,2,1,ON,1,1024,1,25,100,48MB,4000,280.42,64,1000000,4,oltp_write_only,0.6
206,1GB,1,2,1,ON,1,1024,1,25,100,48MB,4000,205.47,64,1000000,4,oltp_write_only,0.6
207,1GB,2,2,1,ON,1,1024,1,25,100,48MB,4000,202.95,64,1000000,4,oltp_write_only,0.6
208,1GB,3,2,1,ON,1,1024,1,25,100,48MB,4000,203.03,64,1000000,4,oltp_write_only,0.6
209,1GB,7,2,1,ON,1,1024,1,25,100,48MB,4000,206.16,64,1000000,4,oltp_write_only,0.6
210,1GB,2,1,1,ON,1,1024,1,25,100,48MB,4000,191.83,64,1000000,4,oltp_write_only,0.6
211,1GB,2,2,1,ON,1,1024,1,25,100,48MB,4000,206.53,64,1000000,4,oltp_write_only,0.6
212,1GB,2,3,1,ON,1,1024,1,25,100,48MB,4000,229.09,64,1000000,4,oltp_write_only,0.6
213,1GB,2,7,1,ON,1,1024,1,25,100,48MB,4000,302.6,64,1000000,4,oltp_write_only,0.6
214,1GB,2,2,0,ON,1,1024,1,25,100,48MB,4000,242.33,64,1000000,4,oltp_write_only,0.6
215,1GB,2,2,1,ON,1,1024,1,25,100,48MB,4000,204.06,64,1000000,4,oltp_write_only,0.6
216,1GB,2,2,2,ON,1,1024,1,25,100,48MB,4000,251.78,64,1000000,4,oltp_write_only,0.6
217,1GB,2,2,1,ON,1,1024,1,25,100,48MB,4000,203.84,64,1000000,4,oltp_write_only,0.6
218,1GB,2,2,1,OFF,1,1024,1,25,100,48MB,4000,203.33,64,1000000,4,oltp_write_only,0.6
219,1GB,2,2,1,ON,0,1024,1,25,100,48MB,4000,216.68,64,1000000,4,oltp_write_only,0.6
220,1GB,2,2,1,ON,1,1024,1,25,100,48MB,4000,204.31,64,1000000,4,oltp_write_only,0.6
221,1GB,2,2,1,ON,1,100,1,25,100,48MB,4000,207.55,64,1000000,4,oltp_write_only,0.6
222,1GB,2,2,1,ON,1,1024,1,25,100,48MB,4000,206.77,64,1000000,4,oltp_write_only,0.6
223,1GB,2,2,1,ON,1,5000,1,25,100,48MB,4000,217.15,64,1000000,4,oltp_write_only,0.6
224,1GB,2,2,1,ON,1,10000,1,25,100,48MB,4000,226.2,64,1000000,4,oltp_write_only,0.6
225,1GB,2,2,1,ON,1,1024,1,25,100,48MB,4000,209.01,64,1000000,4,oltp_write_only,0.6
226,1GB,2,2,1,ON,1,1024,2,25,100,48MB,4000,225.77,64,1000000,4,oltp_write_only,0.6
227,1GB,2,2,1,ON,1,1024,4,25,100,48MB,4000,259.16,64,1000000,4,oltp_write_only,0.6
228,1GB,2,2,1,ON,1,1024,8,25,100,48MB,4000,276.52,64,1000000,4,oltp_write_only,0.6
229,1GB,2,2,1,ON,1,1024,1,0,100,48MB,4000,180.21,64,1000000,4,oltp_write_only,0.6
230,1GB,2,2,1,ON,1,1024,1,10,100,48MB,4000,206.55,64,1000000,4,oltp_write_only,0.6
231,1GB,2,2,1,ON,1,1024,1,25,100,48MB,4000,205.33,64,1000000,4,oltp_write_only,0.6
232,1GB,2,2,1,ON,1,1024,1,50,100,48MB,4000,207.21,64,1000000,4,oltp_write_only,0.6
233,1GB,2,2,1,ON,1,1024,1,25,100,48MB,4000,209.52,64,1000000,4,oltp_write_only,0.6
234,1GB,2,2,1,ON,1,1024,1,25,5000,48MB,4000,203.89,64,1000000,4,oltp_write_only,0.6
235,1GB,2,2,1,ON,1,1024,1,25,10000,48MB,4000,201.24,64,1000000,4,oltp_write_only,0.6
236,1GB,2,2,1,ON,1,1024,1,25,20000,48MB,4000,195.97,64,1000000,4,oltp_write_only,0.6
237,1GB,2,2,1,ON,1,1024,1,25,100,4MB,4000,152.5,64,1000000,4,oltp_write_only,0.6
238,1GB,2,2,1,ON,1,1024,1,25,100,48MB,4000,212.13,64,1000000,4,oltp_write_only,0.6
239,1GB,2,2,1,ON,1,1024,1,25,100,512MB,4000,225.96,64,1000000,4,oltp_write_only,0.6
240,1GB,2,2,1,ON,1,1024,1,25,100,5GB,4000,233.35,64,1000000,4,oltp_write_only,0.6
241,1GB,2,2,1,ON,1,1024,1,25,100,48MB,1,206.83,64,1000000,4,oltp_write_only,0.6
242,1GB,2,2,1,ON,1,1024,1,25,100,48MB,1000,209.72,64,1000000,4,oltp_write_only,0.6
243,1GB,2,2,1,ON,1,1024,1,25,100,48MB,2000,209.95,64,1000000,4,oltp_write_only,0.6
244,1GB,2,2,1,ON,1,1024,1,25,100,48MB,4000,212.18,64,1000000,4,oltp_write_only,0.6
245,1GB,2,2,1,ON,1,1024,1,25,100,48MB,4000,368.62,64,1000000,4,oltp_write_only,1.0
246,2GB,2,2,1,ON,1,1024,1,25,100,48MB,4000,394.3,64,1000000,4,oltp_write_only,1.0
247,3GB,2,2,1,ON,1,1024,1,25,100,48MB,4000,395.89,64,1000000,4,oltp_write_only,1.0
248,4GB,2,2,1,ON,1,1024,1,25,100,48MB,4000,393.45,64,1000000,4,oltp_write_only,1.0
249,6GB,2,2,1,ON,1,1024,1,25,100,48MB,4000,394.3,64,1000000,4,oltp_write_only,1.0
250,8GB,2,2,1,ON,1,1024,1,25,100,48MB,4000,398.44,64,1000000,4,oltp_write_only,1.0
251,9GB,2,2,1,ON,1,1024,1,25,100,48MB,4000,395.74,64,1000000,4,oltp_write_only,1.0
252,12GB,2,2,1,ON,1,1024,1,25,100,48MB,4000,394.63,64,1000000,4,oltp_write_only,1.0
253,16GB,2,2,1,ON,1,1024,1,25,100,48MB,4000,395.48,64,1000000,4,oltp_write_only,1.0
254,18GB,2,2,1,ON,1,1024,1,25,100,48MB,4000,394.31,64,1000000,4,oltp_write_only,1.0
255,1GB,1,2,1,ON,1,1024,1,25,100,48MB,4000,389.28,64,1000000,4,oltp_write_only,1.0
256,1GB,2,2,1,ON,1,1024,1,25,100,48MB,4000,391.28,64,1000000,4,oltp_write_only,1.0
257,1GB,3,2,1,ON,1,1024,1,25,100,48MB,4000,389.87,64,1000000,4,oltp_write_only,1.0
258,1GB,7,2,1,ON,1,1024,1,25,100,48MB,4000,380.79,64,1000000,4,oltp_write_only,1.0
259,1GB,2,1,1,ON,1,1024,1,25,100,48MB,4000,335.17,64,1000000,4,oltp_write_only,1.0
260,1GB,2,2,1,ON,1,1024,1,25,100,48MB,4000,386.51,64,1000000,4,oltp_write_only,1.0
261,1GB,2,3,1,ON,1,1024,1,25,100,48MB,4000,384.35,64,1000000,4,oltp_write_only,1.0
262,1GB,2,7,1,ON,1,1024,1,25,100,48MB,4000,399.13,64,1000000,4,oltp_write_only,1.0
263,1GB,2,2,0,ON,1,1024,1,25,100,48MB,4000,490.62,64,1000000,4,oltp_write_only,1.0
264,1GB,2,2,1,ON,1,1024,1,25,100,48MB,4000,398.19,64,1000000,4,oltp_write_only,1.0
265,1GB,2,2,2,ON,1,1024,1,25,100,48MB,4000,467.11,64,1000000,4,oltp_write_only,1.0
266,1GB,2,2,1,ON,1,1024,1,25,100,48MB,4000,391.4,64,1000000,4,oltp_write_only,1.0
267,1GB,2,2,1,OFF,1,1024,1,25,100,48MB,4000,402.6,64,1000000,4,oltp_write_only,1.0
268,1GB,2,2,1,ON,0,1024,1,25,100,48MB,4000,457.1,64,1000000,4,oltp_write_only,1.0
269,1GB,2,2,1,ON,1,1024,1,25,100,48MB,4000,401.34,64,1000000,4,oltp_write_only,1.0
270,1GB,2,2,1,ON,1,100,1,25,100,48MB,4000,382.4,64,1000000,4,oltp_write_only,1.0
271,1GB,2,2,1,ON,1,1024,1,25,100,48MB,4000,400.18,64,1000000,4,oltp_write_only,1.0
272,1GB,2,2,1,ON,1,5000,1,25,100,48MB,4000,393.6,64,1000000,4,oltp_write_only,1.0
273,1GB,2,2,1,ON,1,10000,1,25,100,48MB,4000,387.86,64,1000000,4,oltp_write_only,1.0
274,1GB,2,2,1,ON,1,1024,1,25,100,48MB,4000,390.23,64,1000000,4,oltp_write_only,1.0
275,1GB,2,2,1,ON,1,1024,2,25,100,48MB,4000,364.08,64,1000000,4,oltp_write_only,1.0
276,1GB,2,2,1,ON,1,1024,4,25,100,48MB,4000,373.44,64,1000000,4,oltp_write_only,1.0
277,1GB,2,2,1,ON,1,1024,8,25,100,48MB,4000,369.2,64,1000000,4,oltp_write_only,1.0
278,1GB,2,2,1,ON,1,1024,1,0,100,48MB,4000,363.41,64,1000000,4,oltp_write_only,1.0
279,1GB,2,2,1,ON,1,1024,1,10,100,48MB,4000,404.52,64,1000000,4,oltp_write_only,1.0
280,1GB,2,2,1,ON,1,1024,1,25,100,48MB,4000,405.87,64,1000000,4,oltp_write_only,1.0
281,1GB,2,2,1,ON,1,1024,1,50,100,48MB,4000,404.45,64,1000000,4,oltp_write_only,1.0
282,1GB,2,2,1,ON,1,1024,1,25,100,48MB,4000,389.09,64,1000000,4,oltp_write_only,1.0
283,1GB,2,2,1,ON,1,1024,1,25,5000,48MB,4000,377.63,64,1000000,4,oltp_write_only,1.0
284,1GB,2,2,1,ON,1,1024,1,25,10000,48MB,4000,391.22,64,1000000,4,oltp_write_only,1.0
285,1GB,2,2,1,ON,1,1024,1,25,20000,48MB,4000,386.99,64,1000000,4,oltp_write_only,1.0
286,1GB,2,2,1,ON,1,1024,1,25,100,4MB,4000,241.42,64,1000000,4,oltp_write_only,1.0
287,1GB,2,2,1,ON,1,1024,1,25,100,48MB,4000,394.05,64,1000000,4,oltp_write_only,1.0
288,1GB,2,2,1,ON,1,1024,1,25,100,512MB,4000,395.43,64,1000000,4,oltp_write_only,1.0
289,1GB,2,2,1,ON,1,1024,1,25,100,5GB,4000,395.89,64,1000000,4,oltp_write_only,1.0
290,1GB,2,2,1,ON,1,1024,1,25,100,48MB,1,355.27,64,1000000,4,oltp_write_only,1.0
291,1GB,2,2,1,ON,1,1024,1,25,100,48MB,1000,407.79,64,1000000,4,oltp_write_only,1.0
292,1GB,2,2,1,ON,1,1024,1,25,100,48MB,2000,408.3,64,1000000,4,oltp_write_only,1.0
293,1GB,2,2,1,ON,1,1024,1,25,100,48MB,4000,402.45,64,1000000,4,oltp_write_only,1.0
294,1GB,2,2,1,ON,1,1024,1,25,100,48MB,4000,50.17,64,1000000,4,oltp_read_write_95,0.2
295,2GB,2,2,1,ON,1,1024,1,25,100,48MB,4000,54.65,64,1000000,4,oltp_read_write_95,0.2
296,3GB,2,2,1,ON,1,1024,1,25,100,48MB,4000,59.48,64,1000000,4,oltp_read_write_95,0.2
297,4GB,2,2,1,ON,1,1024,1,25,100,48MB,4000,64.38,64,1000000,4,oltp_read_write_95,0.2
298,6GB,2,2,1,ON,1,1024,1,25,100,48MB,4000,72.6,64,1000000,4,oltp_read_write_95,0.2
299,8GB,2,2,1,ON,1,1024,1,25,100,48MB,4000,85.4,64,1000000,4,oltp_read_write_95,0.2
300,9GB,2,2,1,ON,1,1024,1,25,100,48MB,4000,89.5,64,1000000,4,oltp_read_write_95,0.2
301,12GB,2,2,1,ON,1,1024,1,25,100,48MB,4000,97.19,64,1000000,4,oltp_read_write_95,0.2
302,16GB,2,2,1,ON,1,1024,1,25,100,48MB,4000,97.81,64,1000000,4,oltp_read_write_95,0.2
303,18GB,2,2,1,ON,1,1024,1,25,100,48MB,4000,97.37,64,1000000,4,oltp_read_write_95,0.2
304,1GB,1,2,1,ON,1,1024,1,25,100,48MB,4000,51.49,64,1000000,4,oltp_read_write_95,0.2
305,1GB,2,2,1,ON,1,1024,1,25,100,48MB,4000,51.61,64,1000000,4,oltp_read_write_95,0.2
306,1GB,3,2,1,ON,1,1024,1,25,100,48MB,4000,51.93,64,1000000,4,oltp_read_write_95,0.2
307,1GB,7,2,1,ON,1,1024,1,25,100,48MB,4000,51.64,64,1000000,4,oltp_read_write_95,0.2
308,1GB,2,1,1,ON,1,1024,1,25,100,48MB,4000,47.42,64,1000000,4,oltp_read_write_95,0.2
309,1GB,2,2,1,ON,1,1024,1,25,100,48MB,4000,51.53,64,1000000,4,oltp_read_write_95,0.2
310,1GB,2,3,1,ON,1,1024,1,25,100,48MB,4000,53.1,64,1000000,4,oltp_read_write_95,0.2
311,1GB,2,7,1,ON,1,1024,1,25,100,48MB,4000,55.55,64,1000000,4,oltp_read_write_95,0.2
312,1GB,2,2,0,ON,1,1024,1,25,100,48MB,4000,55.5,64,1000000,4,oltp_read_write_95,0.2
313,1GB,2,2,1,ON,1,1024,1,25,100,48MB,4000,51.65,64,1000000,4,oltp_read_write_95,0.2
314,1GB,2,2,2,ON,1,1024,1,25,100,48MB,4000,55.31,64,1000000,4,oltp_read_write_95,0.2
315,1GB,2,2,1,ON,1,1024,1,25,100,48MB,4000,52.07,64,1000000,4,oltp_read_write_95,0.2
316,1GB,2,2,1,OFF,1,1024,1,25,100,48MB,4000,51.41,64,1000000,4,oltp_read_write_95,0.2
317,1GB,2,2,1,ON,0,1024,1,25,100,48MB,4000,53.35,64,1000000,4,oltp_read_write_95,0.2
318,1GB,2,2,1,ON,1,1024,1,25,100,48MB,4000,52.23,64,1000000,4,oltp_read_write_95,0.2
319,1GB,2,2,1,ON,1,100,1,25,100,48MB,4000,51.39,64,1000000,4,oltp_read_write_95,0.2
320,1GB,2,2,1,ON,1,1024,1,25,100,48MB,4000,51.72,64,1000000,4,oltp_read_write_95,0.2
321,1GB,2,2,1,ON,1,5000,1,25,100,48MB,4000,51.37,64,1000000,4,oltp_read_write_95,0.2
322,1GB,2,2,1,ON,1,10000,1,25,100,48MB,4000,51.28,64,1000000,4,oltp_read_write_95,0.2
323,1GB,2,2,1,ON,1,1024,1,25,100,48MB,4000,51.67,64,1000000,4,oltp_read_write_95,0.2
324,1GB,2,2,1,ON,1,1024,2,25,100,48MB,4000,54.36,64,1000000,4,oltp_read_write_95,0.2
325,1GB,2,2,1,ON,1,1024,4,25,100,48MB,4000,57.11,64,1000000,4,oltp_read_write_95,0.2
326,1GB,2,2,1,ON,1,1024,8,25,100,48MB,4000,57.28,64,1000000,4,oltp_read_write_95,0.2
327,1GB,2,2,1,ON,1,1024,1,0,100,48MB,4000,48.11,64,1000000,4,oltp_read_write_95,0.2
328,1GB,2,2,1,ON,1,1024,1,10,100,48MB,4000,51.18,64,1000000,4,oltp_read_write_95,0.2
329,1GB,2,2,1,ON,1,1024,1,25,100,48MB,4000,51.92,64,1000000,4,oltp_read_write_95,0.2
330,1GB,2,2,1,ON,1,1024,1,50,100,48MB,4000,52.27,64,1000000,4,oltp_read_write_95,0.2
331,1GB,2,2,1,ON,1,1024,1,25,100,48MB,4000,51.73,64,1000000,4,oltp_read_write_95,0.2
332,1GB,2,2,1,ON,1,1024,1,25,5000,48MB,4000,49.75,64,1000000,4,oltp_read_write_95,0.2
333,1GB,2,2,1,ON,1,1024,1,25,10000,48MB,4000,49.95,64,1000000,4,oltp_read_write_95,0.2
334,1GB,2,2,1,ON,1,1024,1,25,20000,48MB,4000,50.29,64,1000000,4,oltp_read_write_95,0.2
335,1GB,2,2,1,ON,1,1024,1,25,100,4MB,4000,56.82,64,1000000,4,oltp_read_write_95,0.2
336,1GB,2,2,1,ON,1,1024,1,25,100,48MB,4000,51.92,64,1000000,4,oltp_read_write_95,0.2
337,1GB,2,2,1,ON,1,1024,1,25,100,512MB,4000,51.42,64,1000000,4,oltp_read_write_95,0.2
338,1GB,2,2,1,ON,1,1024,1,25,100,5GB,4000,51.83,64,1000000,4,oltp_read_write_95,0.2
339,1GB,2,2,1,ON,1,1024,1,25,100,48MB,1,45.28,64,1000000,4,oltp_read_write_95,0.2
340,1GB,2,2,1,ON,1,1024,1,25,100,48MB,1000,51.81,64,1000000,4,oltp_read_write_95,0.2
341,1GB,2,2,1,ON,1,1024,1,25,100,48MB,2000,51.33,64,1000000,4,oltp_read_write_95,0.2
342,1GB,2,2,1,ON,1,1024,1,25,100,48MB,4000,51.84,64,1000000,4,oltp_read_write_95,0.2
343,1GB,2,2,1,ON,1,1024,1,25,100,48MB,4000,58.5,64,1000000,4,oltp_read_write_95,0.6
344,2GB,2,2,1,ON,1,1024,1,25,100,48MB,4000,65.69,64,1000000,4,oltp_read_write_95,0.6
345,3GB,2,2,1,ON,1,1024,1,25,100,48MB,4000,71.17,64,1000000,4,oltp_read_write_95,0.6
346,4GB,2,2,1,ON,1,1024,1,25,100,48MB,4000,76.61,64,1000000,4,oltp_read_write_95,0.6
347,6GB,2,2,1,ON,1,1024,1,25,100,48MB,4000,93.56,64,1000000,4,oltp_read_write_95,0.6
348,8GB,2,2,1,ON,1,1024,1,25,100,48MB,4000,101.05,64,1000000,4,oltp_read_write_95,0.6
349,9GB,2,2,1,ON,1,1024,1,25,100,48MB,4000,104.22,64,1000000,4,oltp_read_write_95,0.6
350,12GB,2,2,1,ON,1,1024,1,25,100,48MB,4000,107.45,64,1000000,4,oltp_read_write_95,0.6
351,16GB,2,2,1,ON,1,1024,1,25,100,48MB,4000,106.96,64,1000000,4,oltp_read_write_95,0.6
352,18GB,2,2,1,ON,1,1024,1,25,100,48MB,4000,107.82,64,1000000,4,oltp_read_write_95,0.6
353,1GB,1,2,1,ON,1,1024,1,25,100,48MB,4000,58.75,64,1000000,4,oltp_read_write_95,0.6
354,1GB,2,2,1,ON,1,1024,1,25,100,48MB,4000,58.66,64,1000000,4,oltp_read_write_95,0.6
355,1GB,3,2,1,ON,1,1024,1,25,100,48MB,4000,58.73,64,1000000,4,oltp_read_write_95,0.6
356,1GB,7,2,1,ON,1,1024,1,25,100,48MB,4000,58.33,64,1000000,4,oltp_read_write_95,0.6
357,1GB,2,1,1,ON,1,1024,1,25,100,48MB,4000,54.55,64,1000000,4,oltp_read_write_95,0.6
358,1GB,2,2,1,ON,1,1024,1,25,100,48MB,4000,58.13,64,1000000,4,oltp_read_write_95,0.6
359,1GB,2,3,1,ON,1,1024,1,25,100,48MB,4000,59.4,64,1000000,4,oltp_read_write_95,0.6
360,1GB,2,7,1,ON,1,1024,1,25,100,48MB,4000,62.61,64,1000000,4,oltp_read_write_95,0.6
361,1GB,2,2,0,ON,1,1024,1,25,100,48MB,4000,61.57,64,1000000,4,oltp_read_write_95,0.6
362,1GB,2,2,1,ON,1,1024,1,25,100,48MB,4000,59.38,64,1000000,4,oltp_read_write_95,0.6
363,1GB,2,2,2,ON,1,1024,1,25,100,48MB,4000,63.22,64,1000000,4,oltp_read_write_95,0.6
364,1GB,2,2,1,ON,1,1024,1,25,100,48MB,4000,58.68,64,1000000,4,oltp_read_write_95,0.6
365,1GB,2,2,1,OFF,1,1024,1,25,100,48MB,4000,58.85,64,1000000,4,oltp_read_write_95,0.6
366,1GB,2,2,1,ON,0,1024,1,25,100,48MB,4000,59.75,64,1000000,4,oltp_read_write_95,0.6
367,1GB,2,2,1,ON,1,1024,1,25,100,48MB,4000,59.08,64,1000000,4,oltp_read_write_95,0.6
368,1GB,2,2,1,ON,1,100,1,25,100,48MB,4000,58.9,64,1000000,4,oltp_read_write_95,0.6
369,1GB,2,2,1,ON,1,1024,1,25,100,48MB,4000,58.86,64,1000000,4,oltp_read_write_95,0.6
370,1GB,2,2,1,ON,1,5000,1,25,100,48MB,4000,57.48,64,1000000,4,oltp_read_write_95,0.6
371,1GB,2,2,1,ON,1,10000,1,25,100,48MB,4000,56.52,64,1000000,4,oltp_read_write_95,0.6
372,1GB,2,2,1,ON,1,1024,1,25,100,48MB,4000,58.43,64,1000000,4,oltp_read_write_95,0.6
373,1GB,2,2,1,ON,1,1024,2,25,100,48MB,4000,62.6,64,1000000,4,oltp_read_write_95,0.6
374,1GB,2,2,1,ON,1,1024,4,25,100,48MB,4000,63.36,64,1000000,4,oltp_read_write_95,0.6
375,1GB,2,2,1,ON,1,1024,8,25,100,48MB,4000,64.34,64,1000000,4,oltp_read_write_95,0.6
376,1GB,2,2,1,ON,1,1024,1,0,100,48MB,4000,54.58,64,1000000,4,oltp_read_write_95,0.6
377,1GB,2,2,1,ON,1,1024,1,10,100,48MB,4000,58.37,64,1000000,4,oltp_read_write_95,0.6
378,1GB,2,2,1,ON,1,1024,1,25,100,48MB,4000,59.27,64,1000000,4,oltp_read_write_95,0.6
379,1GB,2,2,1,ON,1,1024,1,50,100,48MB,4000,59.0,64,1000000,4,oltp_read_write_95,0.6
380,1GB,2,2,1,ON,1,1024,1,25,100,48MB,4000,58.05,64,1000000,4,oltp_read_write_95,0.6
381,1GB,2,2,1,ON,1,1024,1,25,5000,48MB,4000,57.13,64,1000000,4,oltp_read_write_95,0.6
382,1GB,2,2,1,ON,1,1024,1,25,10000,48MB,4000,57.42,64,1000000,4,oltp_read_write_95,0.6
383,1GB,2,2,1,ON,1,1024,1,25,20000,48MB,4000,56.32,64,1000000,4,oltp_read_write_95,0.6
384,1GB,2,2,1,ON,1,1024,1,25,100,4MB,4000,64.43,64,1000000,4,oltp_read_write_95,0.6
385,1GB,2,2,1,ON,1,1024,1,25,100,48MB,4000,59.34,64,1000000,4,oltp_read_write_95,0.6
386,1GB,2,2,1,ON,1,1024,1,25,100,512MB,4000,58.1,64,1000000,4,oltp_read_write_95,0.6
387,1GB,2,2,1,ON,1,1024,1,25,100,5GB,4000,58.01,64,1000000,4,oltp_read_write_95,0.6
388,1GB,2,2,1,ON,1,1024,1,25,100,48MB,1,50.51,64,1000000,4,oltp_read_write_95,0.6
389,1GB,2,2,1,ON,1,1024,1,25,100,48MB,1000,58.36,64,1000000,4,oltp_read_write_95,0.6
390,1GB,2,2,1,ON,1,1024,1,25,100,48MB,2000,58.57,64,1000000,4,oltp_read_write_95,0.6
391,1GB,2,2,1,ON,1,1024,1,25,100,48MB,4000,58.93,64,1000000,4,oltp_read_write_95,0.6
392,1GB,2,2,1,ON,1,1024,1,25,100,48MB,4000,114.77,64,1000000,4,oltp_read_write_95,1.0
393,2GB,2,2,1,ON,1,1024,1,25,100,48MB,4000,127.81,64,1000000,4,oltp_read_write_95,1.0
394,3GB,2,2,1,ON,1,1024,1,25,100,48MB,4000,140.06,64,1000000,4,oltp_read_write_95,1.0
395,4GB,2,2,1,ON,1,1024,1,25,100,48MB,4000,146.5,64,1000000,4,oltp_read_write_95,1.0
396,6GB,2,2,1,ON,1,1024,1,25,100,48MB,4000,151.85,64,1000000,4,oltp_read_write_95,1.0
397,8GB,2,2,1,ON,1,1024,1,25,100,48MB,4000,152.53,64,1000000,4,oltp_read_write_95,1.0
398,9GB,2,2,1,ON,1,1024,1,25,100,48MB,4000,154.44,64,1000000,4,oltp_read_write_95,1.0
399,12GB,2,2,1,ON,1,1024,1,25,100,48MB,4000,153.71,64,1000000,4,oltp_read_write_95,1.0
400,16GB,2,2,1,ON,1,1024,1,25,100,48MB,4000,151.89,64,1000000,4,oltp_read_write_95,1.0
401,18GB,2,2,1,ON,1,1024,1,25,100,48MB,4000,153.03,64,1000000,4,oltp_read_write_95,1.0
402,1GB,1,2,1,ON,1,1024,1,25,100,48MB,4000,115.96,64,1000000,4,oltp_read_write_95,1.0
403,1GB,2,2,1,ON,1,1024,1,25,100,48MB,4000,117.26,64,1000000,4,oltp_read_write_95,1.0
404,1GB,3,2,1,ON,1,1024,1,25,100,48MB,4000,115.22,64,1000000,4,oltp_read_write_95,1.0
405,1GB,7,2,1,ON,1,1024,1,25,100,48MB,4000,115.74,64,1000000,4,oltp_read_write_95,1.0
406,1GB,2,1,1,ON,1,1024,1,25,100,48MB,4000,109.77,64,1000000,4,oltp_read_write_95,1.0
407,1GB,2,2,1,ON,1,1024,1,25,100,48MB,4000,116.06,64,1000000,4,oltp_read_write_95,1.0
408,1GB,2,3,1,ON,1,1024,1,25,100,48MB,4000,119.0,64,1000000,4,oltp_read_write_95,1.0
409,1GB,2,7,1,ON,1,1024,1,25,100,48MB,4000,122.26,64,1000000,4,oltp_read_write_95,1.0
410,1GB,2,2,0,ON,1,1024,1,25,100,48MB,4000,130.25,64,1000000,4,oltp_read_write_95,1.0
411,1GB,2,2,1,ON,1,1024,1,25,100,48MB,4000,117.29,64,1000000,4,oltp_read_write_95,1.0
412,1GB,2,2,2,ON,1,1024,1,25,100,48MB,4000,131.26,64,1000000,4,oltp_read_write_95,1.0
413,1GB,2,2,1,ON,1,1024,1,25,100,48MB,4000,115.44,64,1000000,4,oltp_read_write_95,1.0
414,1GB,2,2,1,OFF,1,1024,1,25,100,48MB,4000,117.03,64,1000000,4,oltp_read_write_95,1.0
415,1GB,2,2,1,ON,0,1024,1,25,100,48MB,4000,121.74,64,1000000,4,oltp_read_write_95,1.0
416,1GB,2,2,1,ON,1,1024,1,25,100,48MB,4000,116.43,64,1000000,4,oltp_read_write_95,1.0
417,1GB,2,2,1,ON,1,100,1,25,100,48MB,4000,115.98,64,1000000,4,oltp_read_write_95,1.0
418,1GB,2,2,1,ON,1,1024,1,25,100,48MB,4000,116.92,64,1000000,4,oltp_read_write_95,1.0
419,1GB,2,2,1,ON,1,5000,1,25,100,48MB,4000,116.98,64,1000000,4,oltp_read_write_95,1.0
420,1GB,2,2,1,ON,1,10000,1,25,100,48MB,4000,116.31,64,1000000,4,oltp_read_write_95,1.0
421,1GB,2,2,1,ON,1,1024,1,25,100,48MB,4000,115.54,64,1000000,4,oltp_read_write_95,1.0
422,1GB,2,2,1,ON,1,1024,2,25,100,48MB,4000,118.89,64,1000000,4,oltp_read_write_95,1.0
423,1GB,2,2,1,ON,1,1024,4,25,100,48MB,4000,122.61,64,1000000,4,oltp_read_write_95,1.0
424,1GB,2,2,1,ON,1,1024,8,25,100,48MB,4000,123.29,64,1000000,4,oltp_read_write_95,1.0
425,1GB,2,2,1,ON,1,1024,1,0,100,48MB,4000,109.26,64,1000000,4,oltp_read_write_95,1.0
426,1GB,2,2,1,ON,1,1024,1,10,100,48MB,4000,115.85,64,1000000,4,oltp_read_write_95,1.0
427,1GB,2,2,1,ON,1,1024,1,25,100,48MB,4000,117.58,64,1000000,4,oltp_read_write_95,1.0
428,1GB,2,2,1,ON,1,1024,1,50,100,48MB,4000,117.65,64,1000000,4,oltp_read_write_95,1.0
429,1GB,2,2,1,ON,1,1024,1,25,100,48MB,4000,116.45,64,1000000,4,oltp_read_write_95,1.0
430,1GB,2,2,1,ON,1,1024,1,25,5000,48MB,4000,112.53,64,1000000,4,oltp_read_write_95,1.0
431,1GB,2,2,1,ON,1,1024,1,25,10000,48MB,4000,110.23,64,1000000,4,oltp_read_write_95,1.0
432,1GB,2,2,1,ON,1,1024,1,25,20000,48MB,4000,111.1,64,1000000,4,oltp_read_write_95,1.0
433,1GB,2,2,1,ON,1,1024,1,25,100,4MB,4000,119.07,64,1000000,4,oltp_read_write_95,1.0
434,1GB,2,2,1,ON,1,1024,1,25,100,48MB,4000,116.93,64,1000000,4,oltp_read_write_95,1.0
435,1GB,2,2,1,ON,1,1024,1,25,100,512MB,4000,116.42,64,1000000,4,oltp_read_write_95,1.0
436,1GB,2,2,1,ON,1,1024,1,25,100,5GB,4000,114.72,64,1000000,4,oltp_read_write_95,1.0
437,1GB,2,2,1,ON,1,1024,1,25,100,48MB,1,87.8,64,1000000,4,oltp_read_write_95,1.0
438,1GB,2,2,1,ON,1,1024,1,25,100,48MB,1000,117.22,64,1000000,4,oltp_read_write_95,1.0
439,1GB,2,2,1,ON,1,1024,1,25,100,48MB,2000,115.98,64,1000000,4,oltp_read_write_95,1.0
440,1GB,2,2,1,ON,1,1024,1,25,100,48MB,4000,117.76,64,1000000,4,oltp_read_write_95,1.0
441,1GB,2,2,1,ON,1,1024,1,25,100,48MB,4000,115.91,64,1000000,4,oltp_read_write_80,0.2
442,2GB,2,2,1,ON,1,1024,1,25,100,48MB,4000,124.38,64,1000000,4,oltp_read_write_80,0.2
443,3GB,2,2,1,ON,1,1024,1,25,100,48MB,4000,141.33,64,1000000,4,oltp_read_write_80,0.2
444,4GB,2,2,1,ON,1,1024,1,25,100,48MB,4000,153.04,64,1000000,4,oltp_read_write_80,0.2
445,6GB,2,2,1,ON,1,1024,1,25,100,48MB,4000,168.0,64,1000000,4,oltp_read_write_80,0.2
446,8GB,2,2,1,ON,1,1024,1,25,100,48MB,4000,174.88,64,1000000,4,oltp_read_write_80,0.2
447,9GB,2,2,1,ON,1,1024,1,25,100,48MB,4000,176.36,64,1000000,4,oltp_read_write_80,0.2
448,12GB,2,2,1,ON,1,1024,1,25,100,48MB,4000,179.12,64,1000000,4,oltp_read_write_80,0.2
449,16GB,2,2,1,ON,1,1024,1,25,100,48MB,4000,179.03,64,1000000,4,oltp_read_write_80,0.2
450,18GB,2,2,1,ON,1,1024,1,25,100,48MB,4000,181.11,64,1000000,4,oltp_read_write_80,0.2
451,1GB,1,2,1,ON,1,1024,1,25,100,48MB,4000,114.85,64,1000000,4,oltp_read_write_80,0.2
452,1GB,2,2,1,ON,1,1024,1,25,100,48MB,4000,116.46,64,1000000,4,oltp_read_write_80,0.2
453,1GB,3,2,1,ON,1,1024,1,25,100,48MB,4000,117.61,64,1000000,4,oltp_read_write_80,0.2
454,1GB,7,2,1,ON,1,1024,1,25,100,48MB,4000,118.3,64,1000000,4,oltp_read_write_80,0.2
455,1GB,2,1,1,ON,1,1024,1,25,100,48MB,4000,102.41,64,1000000,4,oltp_read_write_80,0.2
456,1GB,2,2,1,ON,1,1024,1,25,100,48MB,4000,117.32,64,1000000,4,oltp_read_write_80,0.2
457,1GB,2,3,1,ON,1,1024,1,25,100,48MB,4000,124.29,64,1000000,4,oltp_read_write_80,0.2
458,1GB,2,7,1,ON,1,1024,1,25,100,48MB,4000,135.98,64,1000000,4,oltp_read_write_80,0.2
459,1GB,2,2,0,ON,1,1024,1,25,100,48MB,4000,135.13,64,1000000,4,oltp_read_write_80,0.2
460,1GB,2,2,1,ON,1,1024,1,25,100,48MB,4000,118.55,64,1000000,4,oltp_read_write_80,0.2
461,1GB,2,2,2,ON,1,1024,1,25,100,48MB,4000,136.17,64,1000000,4,oltp_read_write_80,0.2
462,1GB,2,2,1,ON,1,1024,1,25,100,48MB,4000,118.44,64,1000000,4,oltp_read_write_80,0.2
463,1GB,2,2,1,OFF,1,1024,1,25,100,48MB,4000,117.82,64,1000000,4,oltp_read_write_80,0.2
464,1GB,2,2,1,ON,0,1024,1,25,100,48MB,4000,124.76,64,1000000,4,oltp_read_write_80,0.2
465,1GB,2,2,1,ON,1,1024,1,25,100,48MB,4000,119.47,64,1000000,4,oltp_read_write_80,0.2
466,1GB,2,2,1,ON,1,100,1,25,100,48MB,4000,111.02,64,1000000,4,oltp_read_write_80,0.2
467,1GB,2,2,1,ON,1,1024,1,25,100,48MB,4000,119.42,64,1000000,4,oltp_read_write_80,0.2
468,1GB,2,2,1,ON,1,5000,1,25,100,48MB,4000,123.48,64,1000000,4,oltp_read_write_80,0.2
469,1GB,2,2,1,ON,1,10000,1,25,100,48MB,4000,124.84,64,1000000,4,oltp_read_write_80,0.2
470,1GB,2,2,1,ON,1,1024,1,25,100,48MB,4000,117.29,64,1000000,4,oltp_read_write_80,0.2
471,1GB,2,2,1,ON,1,1024,2,25,100,48MB,4000,125.32,64,1000000,4,oltp_read_write_80,0.2
472,1GB,2,2,1,ON,1,1024,4,25,100,48MB,4000,135.13,64,1000000,4,oltp_read_write_80,0.2
473,1GB,2,2,1,ON,1,1024,8,25,100,48MB,4000,135.94,64,1000000,4,oltp_read_write_80,0.2
474,1GB,2,2,1,ON,1,1024,1,0,100,48MB,4000,101.03,64,1000000,4,oltp_read_write_80,0.2
475,1GB,2,2,1,ON,1,1024,1,10,100,48MB,4000,115.85,64,1000000,4,oltp_read_write_80,0.2
476,1GB,2,2,1,ON,1,1024,1,25,100,48MB,4000,119.47,64,1000000,4,oltp_read_write_80,0.2
477,1GB,2,2,1,ON,1,1024,1,50,100,48MB,4000,117.59,64,1000000,4,oltp_read_write_80,0.2
478,1GB,2,2,1,ON,1,1024,1,25,100,48MB,4000,116.57,64,1000000,4,oltp_read_write_80,0.2
479,1GB,2,2,1,ON,1,1024,1,25,5000,48MB,4000,106.36,64,1000000,4,oltp_read_write_80,0.2
480,1GB,2,2,1,ON,1,1024,1,25,10000,48MB,4000,106.69,64,1000000,4,oltp_read_write_80,0.2
481,1GB,2,2,1,ON,1,1024,1,25,20000,48MB,4000,107.57,64,1000000,4,oltp_read_write_80,0.2
482,1GB,2,2,1,ON,1,1024,1,25,100,4MB,4000,127.82,64,1000000,4,oltp_read_write_80,0.2
483,1GB,2,2,1,ON,1,1024,1,25,100,48MB,4000,116.46,64,1000000,4,oltp_read_write_80,0.2
484,1GB,2,2,1,ON,1,1024,1,25,100,512MB,4000,115.1,64,1000000,4,oltp_read_write_80,0.2
485,1GB,2,2,1,ON,1,1024,1,25,100,5GB,4000,115.52,64,1000000,4,oltp_read_write_80,0.2
486,1GB,2,2,1,ON,1,1024,1,25,100,48MB,1,106.86,64,1000000,4,oltp_read_write_80,0.2
487,1GB,2,2,1,ON,1,1024,1,25,100,48MB,1000,118.56,64,1000000,4,oltp_read_write_80,0.2
488,1GB,2,2,1,ON,1,1024,1,25,100,48MB,2000,117.8,64,1000000,4,oltp_read_write_80,0.2
489,1GB,2,2,1,ON,1,1024,1,25,100,48MB,4000,117.9,64,1000000,4,oltp_read_write_80,0.2
490,1GB,2,2,1,ON,1,1024,1,25,100,48MB,4000,128.18,64,1000000,4,oltp_read_write_80,0.6
491,2GB,2,2,1,ON,1,1024,1,25,100,48MB,4000,139.55,64,1000000,4,oltp_read_write_80,0.6
492,3GB,2,2,1,ON,1,1024,1,25,100,48MB,4000,160.81,64,1000000,4,oltp_read_write_80,0.6
493,4GB,2,2,1,ON,1,1024,1,25,100,48MB,4000,174.94,64,1000000,4,oltp_read_write_80,0.6
494,6GB,2,2,1,ON,1,1024,1,25,100,48MB,4000,184.37,64,1000000,4,oltp_read_write_80,0.6
495,8GB,2,2,1,ON,1,1024,1,25,100,48MB,4000,191.46,64,1000000,4,oltp_read_write_80,0.6
496,9GB,2,2,1,ON,1,1024,1,25,100,48MB,4000,194.45,64,1000000,4,oltp_read_write_80,0.6
497,12GB,2,2,1,ON,1,1024,1,25,100,48MB,4000,194.99,64,1000000,4,oltp_read_write_80,0.6
498,16GB,2,2,1,ON,1,1024,1,25,100,48MB,4000,193.06,64,1000000,4,oltp_read_write_80,0.6
499,18GB,2,2,1,ON,1,1024,1,25,100,48MB,4000,192.75,64,1000000,4,oltp_read_write_80,0.6
500,1GB,1,2,1,ON,1,1024,1,25,100,48MB,4000,127.96,64,1000000,4,oltp_read_write_80,0.6
501,1GB,2,2,1,ON,1,1024,1,25,100,48MB,4000,128.1,64,1000000,4,oltp_read_write_80,0.6
502,1GB,3,2,1,ON,1,1024,1,25,100,48MB,4000,125.86,64,1000000,4,oltp_read_write_80,0.6
503,1GB,7,2,1,ON,1,1024,1,25,100,48MB,4000,127.03,64,1000000,4,oltp_read_write_80,0.6
504,1GB,2,1,1,ON,1,1024,1,25,100,48MB,4000,112.85,64,1000000,4,oltp_read_write_80,0.6
505,1GB,2,2,1,ON,1,1024,1,25,100,48MB,4000,128.21,64,1000000,4,oltp_read_write_80,0.6
506,1GB,2,3,1,ON,1,1024,1,25,100,48MB,4000,136.39,64,1000000,4,oltp_read_write_80,0.6
507,1GB,2,7,1,ON,1,1024,1,25,100,48MB,4000,147.47,64,1000000,4,oltp_read_write_80,0.6
508,1GB,2,2,0,ON,1,1024,1,25,100,48MB,4000,149.59,64,1000000,4,oltp_read_write_80,0.6
509,1GB,2,2,1,ON,1,1024,1,25,100,48MB,4000,130.67,64,1000000,4,oltp_read_write_80,0.6
510,1GB,2,2,2,ON,1,1024,1,25,100,48MB,4000,150.98,64,1000000,4,oltp_read_write_80,0.6
511,1GB,2,2,1,ON,1,1024,1,25,100,48MB,4000,127.29,64,1000000,4,oltp_read_write_80,0.6
512,1GB,2,2,1,OFF,1,1024,1,25,100,48MB,4000,129.79,64,1000000,4,oltp_read_write_80,0.6
513,1GB,2,2,1,ON,0,1024,1,25,100,48MB,4000,135.76,64,1000000,4,oltp_read_write_80,0.6
514,1GB,2,2,1,ON,1,1024,1,25,100,48MB,4000,130.47,64,1000000,4,oltp_read_write_80,0.6
515,1GB,2,2,1,ON,1,100,1,25,100,48MB,4000,124.92,64,1000000,4,oltp_read_write_80,0.6
516,1GB,2,2,1,ON,1,1024,1,25,100,48MB,4000,129.27,64,1000000,4,oltp_read_write_80,0.6
517,1GB,2,2,1,ON,1,5000,1,25,100,48MB,4000,133.75,64,1000000,4,oltp_read_write_80,0.6
518,1GB,2,2,1,ON,1,10000,1,25,100,48MB,4000,134.04,64,1000000,4,oltp_read_write_80,0.6
519,1GB,2,2,1,ON,1,1024,1,25,100,48MB,4000,127.13,64,1000000,4,oltp_read_write_80,0.6
520,1GB,2,2,1,ON,1,1024,2,25,100,48MB,4000,139.6,64,1000000,4,oltp_read_write_80,0.6
521,1GB,2,2,1,ON,1,1024,4,25,100,48MB,4000,147.22,64,1000000,4,oltp_read_write_80,0.6
522,1GB,2,2,1,ON,1,1024,8,25,100,48MB,4000,148.15,64,1000000,4,oltp_read_write_80,0.6
523,1GB,2,2,1,ON,1,1024,1,0,100,48MB,4000,108.94,64,1000000,4,oltp_read_write_80,0.6
524,1GB,2,2,1,ON,1,1024,1,10,100,48MB,4000,130.09,64,1000000,4,oltp_read_write_80,0.6
525,1GB,2,2,1,ON,1,1024,1,25,100,48MB,4000,130.84,64,1000000,4,oltp_read_write_80,0.6
526,1GB,2,2,1,ON,1,1024,1,50,100,48MB,4000,129.91,64,1000000,4,oltp_read_write_80,0.6
527,1GB,2,2,1,ON,1,1024,1,25,100,48MB,4000,127.48,64,1000000,4,oltp_read_write_80,0.6
528,1GB,2,2,1,ON,1,1024,1,25,5000,48MB,4000,117.13,64,1000000,4,oltp_read_write_80,0.6
529,1GB,2,2,1,ON,1,1024,1,25,10000,48MB,4000,120.44,64,1000000,4,oltp_read_write_80,0.6
530,1GB,2,2,1,ON,1,1024,1,25,20000,48MB,4000,121.06,64,1000000,4,oltp_read_write_80,0.6
531,1GB,2,2,1,ON,1,1024,1,25,100,4MB,4000,139.76,64,1000000,4,oltp_read_write_80,0.6
532,1GB,2,2,1,ON,1,1024,1,25,100,48MB,4000,127.04,64,1000000,4,oltp_read_write_80,0.6
533,1GB,2,2,1,ON,1,1024,1,25,100,512MB,4000,126.35,64,1000000,4,oltp_read_write_80,0.6
534,1GB,2,2,1,ON,1,1024,1,25,100,5GB,4000,126.03,64,1000000,4,oltp_read_write_80,0.6
535,1GB,2,2,1,ON,1,1024,1,25,100,48MB,1,117.18,64,1000000,4,oltp_read_write_80,0.6
536,1GB,2,2,1,ON,1,1024,1,25,100,48MB,1000,130.91,64,1000000,4,oltp_read_write_80,0.6
537,1GB,2,2,1,ON,1,1024,1,25,100,48MB,2000,130.49,64,1000000,4,oltp_read_write_80,0.6
538,1GB,2,2,1,ON,1,1024,1,25,100,48MB,4000,129.64,64,1000000,4,oltp_read_write_80,0.6
539,1GB,2,2,1,ON,1,1024,1,25,100,48MB,4000,221.5,64,1000000,4,oltp_read_write_80,1.0
540,2GB,2,2,1,ON,1,1024,1,25,100,48MB,4000,246.01,64,1000000,4,oltp_read_write_80,1.0
541,3GB,2,2,1,ON,1,1024,1,25,100,48MB,4000,252.54,64,1000000,4,oltp_read_write_80,1.0
542,4GB,2,2,1,ON,1,1024,1,25,100,48MB,4000,255.06,64,1000000,4,oltp_read_write_80,1.0
543,6GB,2,2,1,ON,1,1024,1,25,100,48MB,4000,256.24,64,1000000,4,oltp_read_write_80,1.0
544,8GB,2,2,1,ON,1,1024,1,25,100,48MB,4000,259.15,64,1000000,4,oltp_read_write_80,1.0
545,9GB,2,2,1,ON,1,1024,1,25,100,48MB,4000,250.82,64,1000000,4,oltp_read_write_80,1.0
546,12GB,2,2,1,ON,1,1024,1,25,100,48MB,4000,257.88,64,1000000,4,oltp_read_write_80,1.0
547,16GB,2,2,1,ON,1,1024,1,25,100,48MB,4000,260.66,64,1000000,4,oltp_read_write_80,1.0
548,18GB,2,2,1,ON,1,1024,1,25,100,48MB,4000,258.5,64,1000000,4,oltp_read_write_80,1.0
549,1GB,1,2,1,ON,1,1024,1,25,100,48MB,4000,223.17,64,1000000,4,oltp_read_write_80,1.0
550,1GB,2,2,1,ON,1,1024,1,25,100,48MB,4000,220.22,64,1000000,4,oltp_read_write_80,1.0
551,1GB,3,2,1,ON,1,1024,1,25,100,48MB,4000,219.23,64,1000000,4,oltp_read_write_80,1.0
552,1GB,7,2,1,ON,1,1024,1,25,100,48MB,4000,222.18,64,1000000,4,oltp_read_write_80,1.0
553,1GB,2,1,1,ON,1,1024,1,25,100,48MB,4000,197.33,64,1000000,4,oltp_read_write_80,1.0
554,1GB,2,2,1,ON,1,1024,1,25,100,48MB,4000,222.32,64,1000000,4,oltp_read_write_80,1.0
555,1GB,2,3,1,ON,1,1024,1,25,100,48MB,4000,227.05,64,1000000,4,oltp_read_write_80,1.0
556,1GB,2,7,1,ON,1,1024,1,25,100,48MB,4000,239.31,64,1000000,4,oltp_read_write_80,1.0
557,1GB,2,2,0,ON,1,1024,1,25,100,48MB,4000,275.14,64,1000000,4,oltp_read_write_80,1.0
558,1GB,2,2,1,ON,1,1024,1,25,100,48MB,4000,222.48,64,1000000,4,oltp_read_write_80,1.0
559,1GB,2,2,2,ON,1,1024,1,25,100,48MB,4000,277.72,64,1000000,4,oltp_read_write_80,1.0
560,1GB,2,2,1,ON,1,1024,1,25,100,48MB,4000,220.2,64,1000000,4,oltp_read_write_80,1.0
561,1GB,2,2,1,OFF,1,1024,1,25,100,48MB,4000,222.46,64,1000000,4,oltp_read_write_80,1.0
562,1GB,2,2,1,ON,0,1024,1,25,100,48MB,4000,247.52,64,1000000,4,oltp_read_write_80,1.0
563,1GB,2,2,1,ON,1,1024,1,25,100,48MB,4000,223.41,64,1000000,4,oltp_read_write_80,1.0
564,1GB,2,2,1,ON,1,100,1,25,100,48MB,4000,214.57,64,1000000,4,oltp_read_write_80,1.0
565,1GB,2,2,1,ON,1,1024,1,25,100,48MB,4000,221.06,64,1000000,4,oltp_read_write_80,1.0
566,1GB,2,2,1,ON,1,5000,1,25,100,48MB,4000,221.84,64,1000000,4,oltp_read_write_80,1.0
567,1GB,2,2,1,ON,1,10000,1,25,100,48MB,4000,220.88,64,1000000,4,oltp_read_write_80,1.0
568,1GB,2,2,1,ON,1,1024,1,25,100,48MB,4000,222.34,64,1000000,4,oltp_read_write_80,1.0
569,1GB,2,2,1,ON,1,1024,2,25,100,48MB,4000,227.2,64,1000000,4,oltp_read_write_80,1.0
570,1GB,2,2,1,ON,1,1024,4,25,100,48MB,4000,237.89,64,1000000,4,oltp_read_write_80,1.0
571,1GB,2,2,1,ON,1,1024,8,25,100,48MB,4000,235.54,64,1000000,4,oltp_read_write_80,1.0
572,1GB,2,2,1,ON,1,1024,1,0,100,48MB,4000,196.73,64,1000000,4,oltp_read_write_80,1.0
573,1GB,2,2,1,ON,1,1024,1,10,100,48MB,4000,219.48,64,1000000,4,oltp_read_write_80,1.0
574,1GB,2,2,1,ON,1,1024,1,25,100,48MB,4000,220.31,64,1000000,4,oltp_read_write_80,1.0
575,1GB,2,2,1,ON,1,1024,1,50,100,48MB,4000,222.31,64,1000000,4,oltp_read_write_80,1.0
576,1GB,2,2,1,ON,1,1024,1,25,100,48MB,4000,218.82,64,1000000,4,oltp_read_write_80,1.0
577,1GB,2,2,1,ON,1,1024,1,25,5000,48MB,4000,218.59,64,1000000,4,oltp_read_write_80,1.0
578,1GB,2,2,1,ON,1,1024,1,25,10000,48MB,4000,223.23,64,1000000,4,oltp_read_write_80,1.0
579,1GB,2,2,1,ON,1,1024,1,25,20000,48MB,4000,221.76,64,1000000,4,oltp_read_write_80,1.0
580,1GB,2,2,1,ON,1,1024,1,25,100,4MB,4000,219.76,64,1000000,4,oltp_read_write_80,1.0
581,1GB,2,2,1,ON,1,1024,1,25,100,48MB,4000,220.74,64,1000000,4,oltp_read_write_80,1.0
582,1GB,2,2,1,ON,1,1024,1,25,100,512MB,4000,225.62,64,1000000,4,oltp_read_write_80,1.0
583,1GB,2,2,1,ON,1,1024,1,25,100,5GB,4000,229.37,64,1000000,4,oltp_read_write_80,1.0
584,1GB,2,2,1,ON,1,1024,1,25,100,48MB,1,190.11,64,1000000,4,oltp_read_write_80,1.0
585,1GB,2,2,1,ON,1,1024,1,25,100,48MB,1000,222.53,64,1000000,4,oltp_read_write_80,1.0
586,1GB,2,2,1,ON,1,1024,1,25,100,48MB,2000,223.1,64,1000000,4,oltp_read_write_80,1.0
587,1GB,2,2,1,ON,1,1024,1,25,100,48MB,4000,221.62,64,1000000,4,oltp_read_write_80,1.0
588,1GB,2,2,1,ON,1,1024,1,25,100,48MB,4000,59.27,64,1000000,4,oltp_read_write_50,0.2
589,2GB,2,2,1,ON,1,1024,1,25,100,48MB,4000,62.84,64,1000000,4,oltp_read_write_50,0.2
590,3GB,2,2,1,ON,1,1024,1,25,100,48MB,4000,71.63,64,1000000,4,oltp_read_write_50,0.2
591,4GB,2,2,1,ON,1,1024,1,25,100,48MB,4000,83.03,64,1000000,4,oltp_read_write_50,0.2
592,6GB,2,2,1,ON,1,1024,1,25,100,48MB,4000,104.05,64,1000000,4,oltp_read_write_50,0.2
593,8GB,2,2,1,ON,1,1024,1,25,100,48MB,4000,110.86,64,1000000,4,oltp_read_write_50,0.2
594,9GB,2,2,1,ON,1,1024,1,25,100,48MB,4000,111.93,64,1000000,4,oltp_read_write_50,0.2
595,12GB,2,2,1,ON,1,1024,1,25,100,48MB,4000,30.51,64,1000000,4,oltp_read_write_50,0.2
596,16GB,2,2,1,ON,1,1024,1,25,100,48MB,4000,33.35,64,1000000,4,oltp_read_write_50,0.2
597,18GB,2,2,1,ON,1,1024,1,25,100,48MB,4000,35.33,64,1000000,4,oltp_read_write_50,0.2
598,1GB,1,2,1,ON,1,1024,1,25,100,48MB,4000,39.85,64,1000000,4,oltp_read_write_50,0.2
599,1GB,2,2,1,ON,1,1024,1,25,100,48MB,4000,41.06,64,1000000,4,oltp_read_write_50,0.2
600,1GB,3,2,1,ON,1,1024,1,25,100,48MB,4000,42.89,64,1000000,4,oltp_read_write_50,0.2
601,1GB,7,2,1,ON,1,1024,1,25,100,48MB,4000,43.23,64,1000000,4,oltp_read_write_50,0.2
602,1GB,2,1,1,ON,1,1024,1,25,100,48MB,4000,40.63,64,1000000,4,oltp_read_write_50,0.2
603,1GB,2,2,1,ON,1,1024,1,25,100,48MB,4000,44.64,64,1000000,4,oltp_read_write_50,0.2
604,1GB,2,3,1,ON,1,1024,1,25,100,48MB,4000,50.64,64,1000000,4,oltp_read_write_50,0.2
605,1GB,2,7,1,ON,1,1024,1,25,100,48MB,4000,77.88,64,1000000,4,oltp_read_write_50,0.2
606,1GB,2,2,0,ON,1,1024,1,25,100,48MB,4000,49.72,64,1000000,4,oltp_read_write_50,0.2
607,1GB,2,2,1,ON,1,1024,1,25,100,48MB,4000,48.41,64,1000000,4,oltp_read_write_50,0.2
608,1GB,2,2,2,ON,1,1024,1,25,100,48MB,4000,53.28,64,1000000,4,oltp_read_write_50,0.2
609,1GB,2,2,1,ON,1,1024,1,25,100,48MB,4000,46.55,64,1000000,4,oltp_read_write_50,0.2
610,1GB,2,2,1,OFF,1,1024,1,25,100,48MB,4000,49.18,64,1000000,4,oltp_read_write_50,0.2
611,1GB,2,2,1,ON,0,1024,1,25,100,48MB,4000,46.74,64,1000000,4,oltp_read_write_50,0.2
612,1GB,2,2,1,ON,1,1024,1,25,100,48MB,4000,48.24,64,1000000,4,oltp_read_write_50,0.2
613,1GB,2,2,1,ON,1,100,1,25,100,48MB,4000,48.39,64,1000000,4,oltp_read_write_50,0.2
614,1GB,2,2,1,ON,1,1024,1,25,100,48MB,4000,49.19,64,1000000,4,oltp_read_write_50,0.2
615,1GB,2,2,1,ON,1,5000,1,25,100,48MB,4000,51.14,64,1000000,4,oltp_read_write_50,0.2
616,1GB,2,2,1,ON,1,10000,1,25,100,48MB,4000,52.07,64,1000000,4,oltp_read_write_50,0.2
617,1GB,2,2,1,ON,1,1024,1,25,100,48MB,4000,47.13,64,1000000,4,oltp_read_write_50,0.2
618,1GB,2,2,1,ON,1,1024,2,25,100,48MB,4000,50.9,64,1000000,4,oltp_read_write_50,0.2
619,1GB,2,2,1,ON,1,1024,4,25,100,48MB,4000,53.48,64,1000000,4,oltp_read_write_50,0.2
620,1GB,2,2,1,ON,1,1024,8,25,100,48MB,4000,55.96,64,1000000,4,oltp_read_write_50,0.2
621,1GB,2,2,1,ON,1,1024,1,0,100,48MB,4000,42.53,64,1000000,4,oltp_read_write_50,0.2
622,1GB,2,2,1,ON,1,1024,1,10,100,48MB,4000,48.48,64,1000000,4,oltp_read_write_50,0.2
623,1GB,2,2,1,ON,1,1024,1,25,100,48MB,4000,49.8,64,1000000,4,oltp_read_write_50,0.2
624,1GB,2,2,1,ON,1,1024,1,50,100,48MB,4000,49.99,64,1000000,4,oltp_read_write_50,0.2
625,1GB,2,2,1,ON,1,1024,1,25,100,48MB,4000,47.77,64,1000000,4,oltp_read_write_50,0.2
626,1GB,2,2,1,ON,1,1024,1,25,5000,48MB,4000,47.45,64,1000000,4,oltp_read_write_50,0.2
627,1GB,2,2,1,ON,1,1024,1,25,10000,48MB,4000,47.06,64,1000000,4,oltp_read_write_50,0.2
628,1GB,2,2,1,ON,1,1024,1,25,20000,48MB,4000,47.27,64,1000000,4,oltp_read_write_50,0.2
629,1GB,2,2,1,ON,1,1024,1,25,100,4MB,4000,36.22,64,1000000,4,oltp_read_write_50,0.2
630,1GB,2,2,1,ON,1,1024,1,25,100,48MB,4000,46.12,64,1000000,4,oltp_read_write_50,0.2
631,1GB,2,2,1,ON,1,1024,1,25,100,512MB,4000,52.45,64,1000000,4,oltp_read_write_50,0.2
632,1GB,2,2,1,ON,1,1024,1,25,100,5GB,4000,52.1,64,1000000,4,oltp_read_write_50,0.2
633,1GB,2,2,1,ON,1,1024,1,25,100,48MB,1,46.18,64,1000000,4,oltp_read_write_50,0.2
634,1GB,2,2,1,ON,1,1024,1,25,100,48MB,1000,49.82,64,1000000,4,oltp_read_write_50,0.2
635,1GB,2,2,1,ON,1,1024,1,25,100,48MB,2000,50.45,64,1000000,4,oltp_read_write_50,0.2
636,1GB,2,2,1,ON,1,1024,1,25,100,48MB,4000,50.13,64,1000000,4,oltp_read_write_50,0.2
637,1GB,2,2,1,ON,1,1024,1,25,100,48MB,4000,53.02,64,1000000,4,oltp_read_write_50,0.6
638,2GB,2,2,1,ON,1,1024,1,25,100,48MB,4000,61.53,64,1000000,4,oltp_read_write_50,0.6
639,3GB,2,2,1,ON,1,1024,1,25,100,48MB,4000,74.54,64,1000000,4,oltp_read_write_50,0.6
640,4GB,2,2,1,ON,1,1024,1,25,100,48MB,4000,76.6,64,1000000,4,oltp_read_write_50,0.6
641,6GB,2,2,1,ON,1,1024,1,25,100,48MB,4000,78.63,64,1000000,4,oltp_read_write_50,0.6
642,8GB,2,2,1,ON,1,1024,1,25,100,48MB,4000,81.37,64,1000000,4,oltp_read_write_50,0.6
643,9GB,2,2,1,ON,1,1024,1,25,100,48MB,4000,82.15,64,1000000,4,oltp_read_write_50,0.6
644,12GB,2,2,1,ON,1,1024,1,25,100,48MB,4000,83.12,64,1000000,4,oltp_read_write_50,0.6
645,16GB,2,2,1,ON,1,1024,1,25,100,48MB,4000,85.41,64,1000000,4,oltp_read_write_50,0.6
646,18GB,2,2,1,ON,1,1024,1,25,100,48MB,4000,86.1,64,1000000,4,oltp_read_write_50,0.6
647,1GB,1,2,1,ON,1,1024,1,25,100,48MB,4000,54.16,64,1000000,4,oltp_read_write_50,0.6
648,1GB,2,2,1,ON,1,1024,1,25,100,48MB,4000,53.77,64,1000000,4,oltp_read_write_50,0.6
649,1GB,3,2,1,ON,1,1024,1,25,100,48MB,4000,54.07,64,1000000,4,oltp_read_write_50,0.6
650,1GB,7,2,1,ON,1,1024,1,25,100,48MB,4000,54.45,64,1000000,4,oltp_read_write_50,0.6
651,1GB,2,1,1,ON,1,1024,1,25,100,48MB,4000,51.64,64,1000000,4,oltp_read_write_50,0.6
652,1GB,2,2,1,ON,1,1024,1,25,100,48MB,4000,53.56,64,1000000,4,oltp_read_write_50,0.6
653,1GB,2,3,1,ON,1,1024,1,25,100,48MB,4000,60.36,64,1000000,4,oltp_read_write_50,0.6
654,1GB,2,7,1,ON,1,1024,1,25,100,48MB,4000,79.28,64,1000000,4,oltp_read_write_50,0.6
655,1GB,2,2,0,ON,1,1024,1,25,100,48MB,4000,59.84,64,1000000,4,oltp_read_write_50,0.6
656,1GB,2,2,1,ON,1,1024,1,25,100,48MB,4000,57.24,64,1000000,4,oltp_read_write_50,0.6
657,1GB,2,2,2,ON,1,1024,1,25,100,48MB,4000,63.14,64,1000000,4,oltp_read_write_50,0.6
658,1GB,2,2,1,ON,1,1024,1,25,100,48MB,4000,55.07,64,1000000,4,oltp_read_write_50,0.6
659,1GB,2,2,1,OFF,1,1024,1,25,100,48MB,4000,58.11,64,1000000,4,oltp_read_write_50,0.6
660,1GB,2,2,1,ON,0,1024,1,25,100,48MB,4000,55.86,64,1000000,4,oltp_read_write_50,0.6
661,1GB,2,2,1,ON,1,1024,1,25,100,48MB,4000,56.78,64,1000000,4,oltp_read_write_50,0.6
662,1GB,2,2,1,ON,1,100,1,25,100,48MB,4000,53.8,64,1000000,4,oltp_read_write_50,0.6
663,1GB,2,2,1,ON,1,1024,1,25,100,48MB,4000,57.35,64,1000000,4,oltp_read_write_50,0.6
664,1GB,2,2,1,ON,1,5000,1,25,100,48MB,4000,60.0,64,1000000,4,oltp_read_write_50,0.6
665,1GB,2,2,1,ON,1,10000,1,25,100,48MB,4000,61.08,64,1000000,4,oltp_read_write_50,0.6
666,1GB,2,2,1,ON,1,1024,1,25,100,48MB,4000,54.79,64,1000000,4,oltp_read_write_50,0.6
667,1GB,2,2,1,ON,1,1024,2,25,100,48MB,4000,61.76,64,1000000,4,oltp_read_write_50,0.6
668,1GB,2,2,1,ON,1,1024,4,25,100,48MB,4000,69.2,64,1000000,4,oltp_read_write_50,0.6
669,1GB,2,2,1,ON,1,1024,8,25,100,48MB,4000,67.42,64,1000000,4,oltp_read_write_50,0.6
670,1GB,2,2,1,ON,1,1024,1,0,100,48MB,4000,49.36,64,1000000,4,oltp_read_write_50,0.6
671,1GB,2,2,1,ON,1,1024,1,10,100,48MB,4000,58.29,64,1000000,4,oltp_read_write_50,0.6
672,1GB,2,2,1,ON,1,1024,1,25,100,48MB,4000,58.11,64,1000000,4,oltp_read_write_50,0.6
673,1GB,2,2,1,ON,1,1024,1,50,100,48MB,4000,57.95,64,1000000,4,oltp_read_write_50,0.6
674,1GB,2,2,1,ON,1,1024,1,25,100,48MB,4000,55.16,64,1000000,4,oltp_read_write_50,0.6
675,1GB,2,2,1,ON,1,1024,1,25,5000,48MB,4000,54.91,64,1000000,4,oltp_read_write_50,0.6
676,1GB,2,2,1,ON,1,1024,1,25,10000,48MB,4000,55.6,64,1000000,4,oltp_read_write_50,0.6
677,1GB,2,2,1,ON,1,1024,1,25,20000,48MB,4000,54.47,64,1000000,4,oltp_read_write_50,0.6
678,1GB,2,2,1,ON,1,1024,1,25,100,4MB,4000,44.44,64,1000000,4,oltp_read_write_50,0.6
679,1GB,2,2,1,ON,1,1024,1,25,100,48MB,4000,55.16,64,1000000,4,oltp_read_write_50,0.6
680,1GB,2,2,1,ON,1,1024,1,25,100,512MB,4000,62.59,64,1000000,4,oltp_read_write_50,0.6
681,1GB,2,2,1,ON,1,1024,1,25,100,5GB,4000,62.1,64,1000000,4,oltp_read_write_50,0.6
682,1GB,2,2,1,ON,1,1024,1,25,100,48MB,1,53.5,64,1000000,4,oltp_read_write_50,0.6
683,1GB,2,2,1,ON,1,1024,1,25,100,48MB,1000,58.0,64,1000000,4,oltp_read_write_50,0.6
684,1GB,2,2,1,ON,1,1024,1,25,100,48MB,2000,59.54,64,1000000,4,oltp_read_write_50,0.6
685,1GB,2,2,1,ON,1,1024,1,25,100,48MB,4000,59.03,64,1000000,4,oltp_read_write_50,0.6
686,1GB,2,2,1,ON,1,1024,1,25,100,48MB,4000,113.54,64,1000000,4,oltp_read_write_50,1.0
687,2GB,2,2,1,ON,1,1024,1,25,100,48MB,4000,146.29,64,1000000,4,oltp_read_write_50,1.0
688,3GB,2,2,1,ON,1,1024,1,25,100,48MB,4000,167.86,64,1000000,4,oltp_read_write_50,1.0
689,4GB,2,2,1,ON,1,1024,1,25,100,48MB,4000,172.12,64,1000000,4,oltp_read_write_50,1.0
690,6GB,2,2,1,ON,1,1024,1,25,100,48MB,4000,178.74,64,1000000,4,oltp_read_write_50,1.0
691,8GB,2,2,1,ON,1,1024,1,25,100,48MB,4000,179.53,64,1000000,4,oltp_read_write_50,1.0
692,9GB,2,2,1,ON,1,1024,1,25,100,48MB,4000,181.1,64,1000000,4,oltp_read_write_50,1.0
693,12GB,2,2,1,ON,1,1024,1,25,100,48MB,4000,182.52,64,1000000,4,oltp_read_write_50,1.0
694,16GB,2,2,1,ON,1,1024,1,25,100,48MB,4000,181.41,64,1000000,4,oltp_read_write_50,1.0
695,18GB,2,2,1,ON,1,1024,1,25,100,48MB,4000,178.21,64,1000000,4,oltp_read_write_50,1.0
696,1GB,1,2,1,ON,1,1024,1,25,100,48MB,4000,116.9,64,1000000,4,oltp_read_write_50,1.0
697,1GB,2,2,1,ON,1,1024,1,25,100,48MB,4000,118.12,64,1000000,4,oltp_read_write_50,1.0
698,1GB,3,2,1,ON,1,1024,1,25,100,48MB,4000,118.08,64,1000000,4,oltp_read_write_50,1.0
699,1GB,7,2,1,ON,1,1024,1,25,100,48MB,4000,118.53,64,1000000,4,oltp_read_write_50,1.0
700,1GB,2,1,1,ON,1,1024,1,25,100,48MB,4000,113.93,64,1000000,4,oltp_read_write_50,1.0
701,1GB,2,2,1,ON,1,1024,1,25,100,48MB,4000,117.59,64,1000000,4,oltp_read_write_50,1.0
702,1GB,2,3,1,ON,1,1024,1,25,100,48MB,4000,135.81,64,1000000,4,oltp_read_write_50,1.0
703,1GB,2,7,1,ON,1,1024,1,25,100,48MB,4000,177.54,64,1000000,4,oltp_read_write_50,1.0
704,1GB,2,2,0,ON,1,1024,1,25,100,48MB,4000,143.71,64,1000000,4,oltp_read_write_50,1.0
705,1GB,2,2,1,ON,1,1024,1,25,100,48MB,4000,123.73,64,1000000,4,oltp_read_write_50,1.0
706,1GB,2,2,2,ON,1,1024,1,25,100,48MB,4000,147.87,64,1000000,4,oltp_read_write_50,1.0
707,1GB,2,2,1,ON,1,1024,1,25,100,48MB,4000,119.07,64,1000000,4,oltp_read_write_50,1.0
708,1GB,2,2,1,OFF,1,1024,1,25,100,48MB,4000,125.87,64,1000000,4,oltp_read_write_50,1.0
709,1GB,2,2,1,ON,0,1024,1,25,100,48MB,4000,128.69,64,1000000,4,oltp_read_write_50,1.0
710,1GB,2,2,1,ON,1,1024,1,25,100,48MB,4000,124.59,64,1000000,4,oltp_read_write_50,1.0
711,1GB,2,2,1,ON,1,100,1,25,100,48MB,4000,120.31,64,1000000,4,oltp_read_write_50,1.0
712,1GB,2,2,1,ON,1,1024,1,25,100,48MB,4000,127.29,64,1000000,4,oltp_read_write_50,1.0
713,1GB,2,2,1,ON,1,5000,1,25,100,48MB,4000,131.4,64,1000000,4,oltp_read_write_50,1.0
714,1GB,2,2,1,ON,1,10000,1,25,100,48MB,4000,135.21,64,1000000,4,oltp_read_write_50,1.0
715,1GB,2,2,1,ON,1,1024,1,25,100,48MB,4000,121.94,64,1000000,4,oltp_read_write_50,1.0
716,1GB,2,2,1,ON,1,1024,2,25,100,48MB,4000,130.15,64,1000000,4,oltp_read_write_50,1.0
717,1GB,2,2,1,ON,1,1024,4,25,100,48MB,4000,160.27,64,1000000,4,oltp_read_write_50,1.0
718,1GB,2,2,1,ON,1,1024,8,25,100,48MB,4000,159.3,64,1000000,4,oltp_read_write_50,1.0
719,1GB,2,2,1,ON,1,1024,1,0,100,48MB,4000,105.42,64,1000000,4,oltp_read_write_50,1.0
720,1GB,2,2,1,ON,1,1024,1,10,100,48MB,4000,124.93,64,1000000,4,oltp_read_write_50,1.0
721,1GB,2,2,1,ON,1,1024,1,25,100,48MB,4000,125.0,64,1000000,4,oltp_read_write_50,1.0
722,1GB,2,2,1,ON,1,1024,1,50,100,48MB,4000,126.33,64,1000000,4,oltp_read_write_50,1.0
723,1GB,2,2,1,ON,1,1024,1,25,100,48MB,4000,123.65,64,1000000,4,oltp_read_write_50,1.0
724,1GB,2,2,1,ON,1,1024,1,25,5000,48MB,4000,120.55,64,1000000,4,oltp_read_write_50,1.0
725,1GB,2,2,1,ON,1,1024,1,25,10000,48MB,4000,121.19,64,1000000,4,oltp_read_write_50,1.0
726,1GB,2,2,1,ON,1,1024,1,25,20000,48MB,4000,118.7,64,1000000,4,oltp_read_write_50,1.0
727,1GB,2,2,1,ON,1,1024,1,25,100,4MB,4000,78.54,64,1000000,4,oltp_read_write_50,1.0
728,1GB,2,2,1,ON,1,1024,1,25,100,48MB,4000,116.06,64,1000000,4,oltp_read_write_50,1.0
729,1GB,2,2,1,ON,1,1024,1,25,100,512MB,4000,139.06,64,1000000,4,oltp_read_write_50,1.0
730,1GB,2,2,1,ON,1,1024,1,25,100,5GB,4000,138.06,64,1000000,4,oltp_read_write_50,1.0
731,1GB,2,2,1,ON,1,1024,1,25,100,48MB,1,115.75,64,1000000,4,oltp_read_write_50,1.0
732,1GB,2,2,1,ON,1,1024,1,25,100,48MB,1000,126.24,64,1000000,4,oltp_read_write_50,1.0
733,1GB,2,2,1,ON,1,1024,1,25,100,48MB,2000,128.14,64,1000000,4,oltp_read_write_50,1.0
734,1GB,2,2,1,ON,1,1024,1,25,100,48MB,4000,128.71,64,1000000,4,oltp_read_write_50,1.0
735,1GB,2,2,1,ON,1,1024,1,25,100,48MB,4000,40.82,64,1000000,4,oltp_read_write_20,0.2
736,2GB,2,2,1,ON,1,1024,1,25,100,48MB,4000,47.78,64,1000000,4,oltp_read_write_20,0.2
737,3GB,2,2,1,ON,1,1024,1,25,100,48MB,4000,59.17,64,1000000,4,oltp_read_write_20,0.2
738,4GB,2,2,1,ON,1,1024,1,25,100,48MB,4000,62.62,64,1000000,4,oltp_read_write_20,0.2
739,6GB,2,2,1,ON,1,1024,1,25,100,48MB,4000,66.69,64,1000000,4,oltp_read_write_20,0.2
740,8GB,2,2,1,ON,1,1024,1,25,100,48MB,4000,19.62,64,1000000,4,oltp_read_write_20,0.2
741,9GB,2,2,1,ON,1,1024,1,25,100,48MB,4000,20.93,64,1000000,4,oltp_read_write_20,0.2
742,12GB,2,2,1,ON,1,1024,1,25,100,48MB,4000,22.83,64,1000000,4,oltp_read_write_20,0.2
743,16GB,2,2,1,ON,1,1024,1,25,100,48MB,4000,24.2,64,1000000,4,oltp_read_write_20,0.2
744,18GB,2,2,1,ON,1,1024,1,25,100,48MB,4000,25.61,64,1000000,4,oltp_read_write_20,0.2
745,1GB,1,2,1,ON,1,1024,1,25,100,48MB,4000,30.02,64,1000000,4,oltp_read_write_20,0.2
746,1GB,2,2,1,ON,1,1024,1,25,100,48MB,4000,31.16,64,1000000,4,oltp_read_write_20,0.2
747,1GB,3,2,1,ON,1,1024,1,25,100,48MB,4000,32.09,64,1000000,4,oltp_read_write_20,0.2
748,1GB,7,2,1,ON,1,1024,1,25,100,48MB,4000,32.36,64,1000000,4,oltp_read_write_20,0.2
749,1GB,2,1,1,ON,1,1024,1,25,100,48MB,4000,25.47,64,1000000,4,oltp_read_write_20,0.2
750,1GB,2,2,1,ON,1,1024,1,25,100,48MB,4000,33.08,64,1000000,4,oltp_read_write_20,0.2
751,1GB,2,3,1,ON,1,1024,1,25,100,48MB,4000,35.29,64,1000000,4,oltp_read_write_20,0.2
752,1GB,2,7,1,ON,1,1024,1,25,100,48MB,4000,50.16,64,1000000,4,oltp_read_write_20,0.2
753,1GB,2,2,0,ON,1,1024,1,25,100,48MB,4000,37.83,64,1000000,4,oltp_read_write_20,0.2
754,1GB,2,2,1,ON,1,1024,1,25,100,48MB,4000,36.64,64,1000000,4,oltp_read_write_20,0.2
755,1GB,2,2,2,ON,1,1024,1,25,100,48MB,4000,39.87,64,1000000,4,oltp_read_write_20,0.2
756,1GB,2,2,1,ON,1,1024,1,25,100,48MB,4000,35.4,64,1000000,4,oltp_read_write_20,0.2
757,1GB,2,2,1,OFF,1,1024,1,25,100,48MB,4000,37.54,64,1000000,4,oltp_read_write_20,0.2
758,1GB,2,2,1,ON,0,1024,1,25,100,48MB,4000,35.87,64,1000000,4,oltp_read_write_20,0.2
759,1GB,2,2,1,ON,1,1024,1,25,100,48MB,4000,37.17,64,1000000,4,oltp_read_write_20,0.2
760,1GB,2,2,1,ON,1,100,1,25,100,48MB,4000,34.46,64,1000000,4,oltp_read_write_20,0.2
761,1GB,2,2,1,ON,1,1024,1,25,100,48MB,4000,37.8,64,1000000,4,oltp_read_write_20,0.2
762,1GB,2,2,1,ON,1,5000,1,25,100,48MB,4000,38.54,64,1000000,4,oltp_read_write_20,0.2
763,1GB,2,2,1,ON,1,10000,1,25,100,48MB,4000,39.42,64,1000000,4,oltp_read_write_20,0.2
764,1GB,2,2,1,ON,1,1024,1,25,100,48MB,4000,35.53,64,1000000,4,oltp_read_write_20,0.2
765,1GB,2,2,1,ON,1,1024,2,25,100,48MB,4000,37.55,64,1000000,4,oltp_read_write_20,0.2
766,1GB,2,2,1,ON,1,1024,4,25,100,48MB,4000,41.01,64,1000000,4,oltp_read_write_20,0.2
767,1GB,2,2,1,ON,1,1024,8,25,100,48MB,4000,43.18,64,1000000,4,oltp_read_write_20,0.2
768,1GB,2,2,1,ON,1,1024,1,0,100,48MB,4000,31.29,64,1000000,4,oltp_read_write_20,0.2
769,1GB,2,2,1,ON,1,1024,1,10,100,48MB,4000,36.8,64,1000000,4,oltp_read_write_20,0.2
770,1GB,2,2,1,ON,1,1024,1,25,100,48MB,4000,38.06,64,1000000,4,oltp_read_write_20,0.2
771,1GB,2,2,1,ON,1,1024,1,50,100,48MB,4000,37.89,64,1000000,4,oltp_read_write_20,0.2
772,1GB,2,2,1,ON,1,1024,1,25,100,48MB,4000,35.86,64,1000000,4,oltp_read_write_20,0.2
773,1GB,2,2,1,ON,1,1024,1,25,5000,48MB,4000,36.58,64,1000000,4,oltp_read_write_20,0.2
774,1GB,2,2,1,ON,1,1024,1,25,10000,48MB,4000,36.32,64,1000000,4,oltp_read_write_20,0.2
775,1GB,2,2,1,ON,1,1024,1,25,20000,48MB,4000,36.42,64,1000000,4,oltp_read_write_20,0.2
776,1GB,2,2,1,ON,1,1024,1,25,100,4MB,4000,23.16,64,1000000,4,oltp_read_write_20,0.2
777,1GB,2,2,1,ON,1,1024,1,25,100,48MB,4000,35.85,64,1000000,4,oltp_read_write_20,0.2
778,1GB,2,2,1,ON,1,1024,1,25,100,512MB,4000,39.08,64,1000000,4,oltp_read_write_20,0.2
779,1GB,2,2,1,ON,1,1024,1,25,100,5GB,4000,40.45,64,1000000,4,oltp_read_write_20,0.2
780,1GB,2,2,1,ON,1,1024,1,25,100,48MB,1,33.58,64,1000000,4,oltp_read_write_20,0.2
781,1GB,2,2,1,ON,1,1024,1,25,100,48MB,1000,37.96,64,1000000,4,oltp_read_write_20,0.2
782,1GB,2,2,1,ON,1,1024,1,25,100,48MB,2000,37.96,64,1000000,4,oltp_read_write_20,0.2
783,1GB,2,2,1,ON,1,1024,1,25,100,48MB,4000,38.53,64,1000000,4,oltp_read_write_20,0.2
784,1GB,2,2,1,ON,1,1024,1,25,100,48MB,4000,39.93,64,1000000,4,oltp_read_write_20,0.6
785,2GB,2,2,1,ON,1,1024,1,25,100,48MB,4000,46.72,64,1000000,4,oltp_read_write_20,0.6
786,3GB,2,2,1,ON,1,1024,1,25,100,48MB,4000,48.22,64,1000000,4,oltp_read_write_20,0.6
787,4GB,2,2,1,ON,1,1024,1,25,100,48MB,4000,48.31,64,1000000,4,oltp_read_write_20,0.6
788,6GB,2,2,1,ON,1,1024,1,25,100,48MB,4000,50.08,64,1000000,4,oltp_read_write_20,0.6
789,8GB,2,2,1,ON,1,1024,1,25,100,48MB,4000,51.55,64,1000000,4,oltp_read_write_20,0.6
790,9GB,2,2,1,ON,1,1024,1,25,100,48MB,4000,52.37,64,1000000,4,oltp_read_write_20,0.6
791,12GB,2,2,1,ON,1,1024,1,25,100,48MB,4000,54.03,64,1000000,4,oltp_read_write_20,0.6
792,16GB,2,2,1,ON,1,1024,1,25,100,48MB,4000,54.91,64,1000000,4,oltp_read_write_20,0.6
793,18GB,2,2,1,ON,1,1024,1,25,100,48MB,4000,55.23,64,1000000,4,oltp_read_write_20,0.6
794,1GB,1,2,1,ON,1,1024,1,25,100,48MB,4000,40.56,64,1000000,4,oltp_read_write_20,0.6
795,1GB,2,2,1,ON,1,1024,1,25,100,48MB,4000,40.66,64,1000000,4,oltp_read_write_20,0.6
796,1GB,3,2,1,ON,1,1024,1,25,100,48MB,4000,40.75,64,1000000,4,oltp_read_write_20,0.6
797,1GB,7,2,1,ON,1,1024,1,25,100,48MB,4000,41.43,64,1000000,4,oltp_read_write_20,0.6
798,1GB,2,1,1,ON,1,1024,1,25,100,48MB,4000,40.56,64,1000000,4,oltp_read_write_20,0.6
799,1GB,2,2,1,ON,1,1024,1,25,100,48MB,4000,41.08,64,1000000,4,oltp_read_write_20,0.6
800,1GB,2,3,1,ON,1,1024,1,25,100,48MB,4000,43.76,64,1000000,4,oltp_read_write_20,0.6
801,1GB,2,7,1,ON,1,1024,1,25,100,48MB,4000,59.91,64,1000000,4,oltp_read_write_20,0.6
802,1GB,2,2,0,ON,1,1024,1,25,100,48MB,4000,45.65,64,1000000,4,oltp_read_write_20,0.6
803,1GB,2,2,1,ON,1,1024,1,25,100,48MB,4000,43.66,64,1000000,4,oltp_read_write_20,0.6
804,1GB,2,2,2,ON,1,1024,1,25,100,48MB,4000,48.2,64,1000000,4,oltp_read_write_20,0.6
805,1GB,2,2,1,ON,1,1024,1,25,100,48MB,4000,41.82,64,1000000,4,oltp_read_write_20,0.6
806,1GB,2,2,1,OFF,1,1024,1,25,100,48MB,4000,44.32,64,1000000,4,oltp_read_write_20,0.6
807,1GB,2,2,1,ON,0,1024,1,25,100,48MB,4000,42.98,64,1000000,4,oltp_read_write_20,0.6
808,1GB,2,2,1,ON,1,1024,1,25,100,48MB,4000,44.14,64,1000000,4,oltp_read_write_20,0.6
809,1GB,2,2,1,ON,1,100,1,25,100,48MB,4000,41.01,64,1000000,4,oltp_read_write_20,0.6
810,1GB,2,2,1,ON,1,1024,1,25,100,48MB,4000,44.48,64,1000000,4,oltp_read_write_20,0.6
811,1GB,2,2,1,ON,1,5000,1,25,100,48MB,4000,46.22,64,1000000,4,oltp_read_write_20,0.6
812,1GB,2,2,1,ON,1,10000,1,25,100,48MB,4000,47.22,64,1000000,4,oltp_read_write_20,0.6
813,1GB,2,2,1,ON,1,1024,1,25,100,48MB,4000,42.69,64,1000000,4,oltp_read_write_20,0.6
814,1GB,2,2,1,ON,1,1024,2,25,100,48MB,4000,45.68,64,1000000,4,oltp_read_write_20,0.6
815,1GB,2,2,1,ON,1,1024,4,25,100,48MB,4000,48.04,64,1000000,4,oltp_read_write_20,0.6
816,1GB,2,2,1,ON,1,1024,8,25,100,48MB,4000,52.51,64,1000000,4,oltp_read_write_20,0.6
817,1GB,2,2,1,ON,1,1024,1,0,100,48MB,4000,36.61,64,1000000,4,oltp_read_write_20,0.6
818,1GB,2,2,1,ON,1,1024,1,10,100,48MB,4000,45.37,64,1000000,4,oltp_read_write_20,0.6
819,1GB,2,2,1,ON,1,1024,1,25,100,48MB,4000,45.28,64,1000000,4,oltp_read_write_20,0.6
820,1GB,2,2,1,ON,1,1024,1,50,100,48MB,4000,45.03,64,1000000,4,oltp_read_write_20,0.6
821,1GB,2,2,1,ON,1,1024,1,25,100,48MB,4000,42.42,64,1000000,4,oltp_read_write_20,0.6
822,1GB,2,2,1,ON,1,1024,1,25,5000,48MB,4000,41.87,64,1000000,4,oltp_read_write_20,0.6
823,1GB,2,2,1,ON,1,1024,1,25,10000,48MB,4000,42.57,64,1000000,4,oltp_read_write_20,0.6
824,1GB,2,2,1,ON,1,1024,1,25,20000,48MB,4000,42.49,64,1000000,4,oltp_read_write_20,0.6
825,1GB,2,2,1,ON,1,1024,1,25,100,4MB,4000,29.99,64,1000000,4,oltp_read_write_20,0.6
826,1GB,2,2,1,ON,1,1024,1,25,100,48MB,4000,42.91,64,1000000,4,oltp_read_write_20,0.6
827,1GB,2,2,1,ON,1,1024,1,25,100,512MB,4000,48.87,64,1000000,4,oltp_read_write_20,0.6
828,1GB,2,2,1,ON,1,1024,1,25,100,5GB,4000,48.5,64,1000000,4,oltp_read_write_20,0.6
829,1GB,2,2,1,ON,1,1024,1,25,100,48MB,1,42.16,64,1000000,4,oltp_read_write_20,0.6
830,1GB,2,2,1,ON,1,1024,1,25,100,48MB,1000,47.1,64,1000000,4,oltp_read_write_20,0.6
831,1GB,2,2,1,ON,1,1024,1,25,100,48MB,2000,48.03,64,1000000,4,oltp_read_write_20,0.6
832,1GB,2,2,1,ON,1,1024,1,25,100,48MB,4000,47.96,64,1000000,4,oltp_read_write_20,0.6
833,1GB,2,2,1,ON,1,1024,1,25,100,48MB,4000,95.72,64,1000000,4,oltp_read_write_20,1.0
834,2GB,2,2,1,ON,1,1024,1,25,100,48MB,4000,116.19,64,1000000,4,oltp_read_write_20,1.0
835,3GB,2,2,1,ON,1,1024,1,25,100,48MB,4000,114.74,64,1000000,4,oltp_read_write_20,1.0
836,4GB,2,2,1,ON,1,1024,1,25,100,48MB,4000,115.48,64,1000000,4,oltp_read_write_20,1.0
837,6GB,2,2,1,ON,1,1024,1,25,100,48MB,4000,115.41,64,1000000,4,oltp_read_write_20,1.0
838,8GB,2,2,1,ON,1,1024,1,25,100,48MB,4000,116.12,64,1000000,4,oltp_read_write_20,1.0
839,9GB,2,2,1,ON,1,1024,1,25,100,48MB,4000,117.49,64,1000000,4,oltp_read_write_20,1.0
840,12GB,2,2,1,ON,1,1024,1,25,100,48MB,4000,117.5,64,1000000,4,oltp_read_write_20,1.0
841,16GB,2,2,1,ON,1,1024,1,25,100,48MB,4000,118.32,64,1000000,4,oltp_read_write_20,1.0
842,18GB,2,2,1,ON,1,1024,1,25,100,48MB,4000,117.51,64,1000000,4,oltp_read_write_20,1.0
843,1GB,1,2,1,ON,1,1024,1,25,100,48MB,4000,95.91,64,1000000,4,oltp_read_write_20,1.0
844,1GB,2,2,1,ON,1,1024,1,25,100,48MB,4000,96.98,64,1000000,4,oltp_read_write_20,1.0
845,1GB,3,2,1,ON,1,1024,1,25,100,48MB,4000,97.03,64,1000000,4,oltp_read_write_20,1.0
846,1GB,7,2,1,ON,1,1024,1,25,100,48MB,4000,96.62,64,1000000,4,oltp_read_write_20,1.0
847,1GB,2,1,1,ON,1,1024,1,25,100,48MB,4000,92.39,64,1000000,4,oltp_read_write_20,1.0
848,1GB,2,2,1,ON,1,1024,1,25,100,48MB,4000,99.07,64,1000000,4,oltp_read_write_20,1.0
849,1GB,2,3,1,ON,1,1024,1,25,100,48MB,4000,101.7,64,1000000,4,oltp_read_write_20,1.0
850,1GB,2,7,1,ON,1,1024,1,25,100,48MB,4000,157.67,64,1000000,4,oltp_read_write_20,1.0
851,1GB,2,2,0,ON,1,1024,1,25,100,48MB,4000,117.13,64,1000000,4,oltp_read_write_20,1.0
852,1GB,2,2,1,ON,1,1024,1,25,100,48MB,4000,104.38,64,1000000,4,oltp_read_write_20,1.0
853,1GB,2,2,2,ON,1,1024,1,25,100,48MB,4000,122.6,64,1000000,4,oltp_read_write_20,1.0
854,1GB,2,2,1,ON,1,1024,1,25,100,48MB,4000,98.14,64,1000000,4,oltp_read_write_20,1.0
855,1GB,2,2,1,OFF,1,1024,1,25,100,48MB,4000,104.27,64,1000000,4,oltp_read_write_20,1.0
856,1GB,2,2,1,ON,0,1024,1,25,100,48MB,4000,106.44,64,1000000,4,oltp_read_write_20,1.0
857,1GB,2,2,1,ON,1,1024,1,25,100,48MB,4000,104.28,64,1000000,4,oltp_read_write_20,1.0
858,1GB,2,2,1,ON,1,100,1,25,100,48MB,4000,98.06,64,1000000,4,oltp_read_write_20,1.0
859,1GB,2,2,1,ON,1,1024,1,25,100,48MB,4000,104.86,64,1000000,4,oltp_read_write_20,1.0
860,1GB,2,2,1,ON,1,5000,1,25,100,48MB,4000,107.29,64,1000000,4,oltp_read_write_20,1.0
861,1GB,2,2,1,ON,1,10000,1,25,100,48MB,4000,110.49,64,1000000,4,oltp_read_write_20,1.0
862,1GB,2,2,1,ON,1,1024,1,25,100,48MB,4000,99.84,64,1000000,4,oltp_read_write_20,1.0
863,1GB,2,2,1,ON,1,1024,2,25,100,48MB,4000,106.45,64,1000000,4,oltp_read_write_20,1.0
864,1GB,2,2,1,ON,1,1024,4,25,100,48MB,4000,116.9,64,1000000,4,oltp_read_write_20,1.0
865,1GB,2,2,1,ON,1,1024,8,25,100,48MB,4000,129.73,64,1000000,4,oltp_read_write_20,1.0
866,1GB,2,2,1,ON,1,1024,1,0,100,48MB,4000,80.77,64,1000000,4,oltp_read_write_20,1.0
867,1GB,2,2,1,ON,1,1024,1,10,100,48MB,4000,101.43,64,1000000,4,oltp_read_write_20,1.0
868,1GB,2,2,1,ON,1,1024,1,25,100,48MB,4000,103.02,64,1000000,4,oltp_read_write_20,1.0
869,1GB,2,2,1,ON,1,1024,1,50,100,48MB,4000,104.02,64,1000000,4,oltp_read_write_20,1.0
870,1GB,2,2,1,ON,1,1024,1,25,100,48MB,4000,101.02,64,1000000,4,oltp_read_write_20,1.0
871,1GB,2,2,1,ON,1,1024,1,25,5000,48MB,4000,97.9,64,1000000,4,oltp_read_write_20,1.0
872,1GB,2,2,1,ON,1,1024,1,25,10000,48MB,4000,99.06,64,1000000,4,oltp_read_write_20,1.0
873,1GB,2,2,1,ON,1,1024,1,25,20000,48MB,4000,99.3,64,1000000,4,oltp_read_write_20,1.0
874,1GB,2,2,1,ON,1,1024,1,25,100,4MB,4000,49.56,64,1000000,4,oltp_read_write_20,1.0
875,1GB,2,2,1,ON,1,1024,1,25,100,48MB,4000,99.22,64,1000000,4,oltp_read_write_20,1.0
876,1GB,2,2,1,ON,1,1024,1,25,100,512MB,4000,108.78,64,1000000,4,oltp_read_write_20,1.0
877,1GB,2,2,1,ON,1,1024,1,25,100,5GB,4000,113.88,64,1000000,4,oltp_read_write_20,1.0
878,1GB,2,2,1,ON,1,1024,1,25,100,48MB,1,94.18,64,1000000,4,oltp_read_write_20,1.0
879,1GB,2,2,1,ON,1,1024,1,25,100,48MB,1000,105.8,64,1000000,4,oltp_read_write_20,1.0
880,1GB,2,2,1,ON,1,1024,1,25,100,48MB,2000,107.07,64,1000000,4,oltp_read_write_20,1.0
881,1GB,2,2,1,ON,1,1024,1,25,100,48MB,4000,104.95,64,1000000,4,oltp_read_write_20,1.0
882,1GB,2,2,1,ON,1,1024,1,25,100,48MB,4000,12.27,64,1000000,4,oltp_read_write_5,0.2
883,2GB,2,2,1,ON,1,1024,1,25,100,48MB,4000,12.52,64,1000000,4,oltp_read_write_5,0.2
884,3GB,2,2,1,ON,1,1024,1,25,100,48MB,4000,14.19,64,1000000,4,oltp_read_write_5,0.2
885,4GB,2,2,1,ON,1,1024,1,25,100,48MB,4000,16.06,64,1000000,4,oltp_read_write_5,0.2
886,6GB,2,2,1,ON,1,1024,1,25,100,48MB,4000,15.9,64,1000000,4,oltp_read_write_5,0.2
887,8GB,2,2,1,ON,1,1024,1,25,100,48MB,4000,5.78,64,1000000,4,oltp_read_write_5,0.2
888,9GB,2,2,1,ON,1,1024,1,25,100,48MB,4000,6.12,64,1000000,4,oltp_read_write_5,0.2
889,12GB,2,2,1,ON,1,1024,1,25,100,48MB,4000,6.47,64,1000000,4,oltp_read_write_5,0.2
890,16GB,2,2,1,ON,1,1024,1,25,100,48MB,4000,6.85,64,1000000,4,oltp_read_write_5,0.2
891,18GB,2,2,1,ON,1,1024,1,25,100,48MB,4000,7.11,64,1000000,4,oltp_read_write_5,0.2
892,1GB,1,2,1,ON,1,1024,1,25,100,48MB,4000,8.12,64,1000000,4,oltp_read_write_5,0.2
893,1GB,2,2,1,ON,1,1024,1,25,100,48MB,4000,8.76,64,1000000,4,oltp_read_write_5,0.2
894,1GB,3,2,1,ON,1,1024,1,25,100,48MB,4000,9.1,64,1000000,4,oltp_read_write_5,0.2
895,1GB,7,2,1,ON,1,1024,1,25,100,48MB,4000,9.04,64,1000000,4,oltp_read_write_5,0.2
896,1GB,2,1,1,ON,1,1024,1,25,100,48MB,4000,6.58,64,1000000,4,oltp_read_write_5,0.2
897,1GB,2,2,1,ON,1,1024,1,25,100,48MB,4000,9.12,64,1000000,4,oltp_read_write_5,0.2
898,1GB,2,3,1,ON,1,1024,1,25,100,48MB,4000,10.09,64,1000000,4,oltp_read_write_5,0.2
899,1GB,2,7,1,ON,1,1024,1,25,100,48MB,4000,14.28,64,1000000,4,oltp_read_write_5,0.2
900,1GB,2,2,0,ON,1,1024,1,25,100,48MB,4000,10.15,64,1000000,4,oltp_read_write_5,0.2
901,1GB,2,2,1,ON,1,1024,1,25,100,48MB,4000,10.48,64,1000000,4,oltp_read_write_5,0.2
902,1GB,2,2,2,ON,1,1024,1,25,100,48MB,4000,11.18,64,1000000,4,oltp_read_write_5,0.2
903,1GB,2,2,1,ON,1,1024,1,25,100,48MB,4000,10.03,64,1000000,4,oltp_read_write_5,0.2
904,1GB,2,2,1,OFF,1,1024,1,25,100,48MB,4000,10.65,64,1000000,4,oltp_read_write_5,0.2
905,1GB,2,2,1,ON,0,1024,1,25,100,48MB,4000,10.1,64,1000000,4,oltp_read_write_5,0.2
906,1GB,2,2,1,ON,1,1024,1,25,100,48MB,4000,10.67,64,1000000,4,oltp_read_write_5,0.2
907,1GB,2,2,1,ON,1,100,1,25,100,48MB,4000,10.11,64,1000000,4,oltp_read_write_5,0.2
908,1GB,2,2,1,ON,1,1024,1,25,100,48MB,4000,10.6,64,1000000,4,oltp_read_write_5,0.2
909,1GB,2,2,1,ON,1,5000,1,25,100,48MB,4000,11.23,64,1000000,4,oltp_read_write_5,0.2
910,1GB,2,2,1,ON,1,10000,1,25,100,48MB,4000,11.13,64,1000000,4,oltp_read_write_5,0.2
911,1GB,2,2,1,ON,1,1024,1,25,100,48MB,4000,9.9,64,1000000,4,oltp_read_write_5,0.2
912,1GB,2,2,1,ON,1,1024,2,25,100,48MB,4000,10.67,64,1000000,4,oltp_read_write_5,0.2
913,1GB,2,2,1,ON,1,1024,4,25,100,48MB,4000,11.82,64,1000000,4,oltp_read_write_5,0.2
914,1GB,2,2,1,ON,1,1024,8,25,100,48MB,4000,12.13,64,1000000,4,oltp_read_write_5,0.2
915,1GB,2,2,1,ON,1,1024,1,0,100,48MB,4000,9.06,64,1000000,4,oltp_read_write_5,0.2
916,1GB,2,2,1,ON,1,1024,1,10,100,48MB,4000,10.69,64,1000000,4,oltp_read_write_5,0.2
917,1GB,2,2,1,ON,1,1024,1,25,100,48MB,4000,10.83,64,1000000,4,oltp_read_write_5,0.2
918,1GB,2,2,1,ON,1,1024,1,50,100,48MB,4000,10.88,64,1000000,4,oltp_read_write_5,0.2
919,1GB,2,2,1,ON,1,1024,1,25,100,48MB,4000,10.31,64,1000000,4,oltp_read_write_5,0.2
920,1GB,2,2,1,ON,1,1024,1,25,5000,48MB,4000,10.49,64,1000000,4,oltp_read_write_5,0.2
921,1GB,2,2,1,ON,1,1024,1,25,10000,48MB,4000,10.65,64,1000000,4,oltp_read_write_5,0.2
922,1GB,2,2,1,ON,1,1024,1,25,20000,48MB,4000,10.64,64,1000000,4,oltp_read_write_5,0.2
923,1GB,2,2,1,ON,1,1024,1,25,100,4MB,4000,6.79,64,1000000,4,oltp_read_write_5,0.2
924,1GB,2,2,1,ON,1,1024,1,25,100,48MB,4000,10.53,64,1000000,4,oltp_read_write_5,0.2
925,1GB,2,2,1,ON,1,1024,1,25,100,512MB,4000,11.17,64,1000000,4,oltp_read_write_5,0.2
926,1GB,2,2,1,ON,1,1024,1,25,100,5GB,4000,11.48,64,1000000,4,oltp_read_write_5,0.2
927,1GB,2,2,1,ON,1,1024,1,25,100,48MB,1,9.88,64,1000000,4,oltp_read_write_5,0.2
928,1GB,2,2,1,ON,1,1024,1,25,100,48MB,1000,11.2,64,1000000,4,oltp_read_write_5,0.2
929,1GB,2,2,1,ON,1,1024,1,25,100,48MB,2000,11.15,64,1000000,4,oltp_read_write_5,0.2
930,1GB,2,2,1,ON,1,1024,1,25,100,48MB,4000,11.17,64,1000000,4,oltp_read_write_5,0.2
931,1GB,2,2,1,ON,1,1024,1,25,100,48MB,4000,11.7,64,1000000,4,oltp_read_write_5,0.6
932,2GB,2,2,1,ON,1,1024,1,25,100,48MB,4000,11.24,64,1000000,4,oltp_read_write_5,0.6
933,3GB,2,2,1,ON,1,1024,1,25,100,48MB,4000,10.86,64,1000000,4,oltp_read_write_5,0.6
934,4GB,2,2,1,ON,1,1024,1,25,100,48MB,4000,11.07,64,1000000,4,oltp_read_write_5,0.6
935,6GB,2,2,1,ON,1,1024,1,25,100,48MB,4000,11.39,64,1000000,4,oltp_read_write_5,0.6
936,8GB,2,2,1,ON,1,1024,1,25,100,48MB,4000,11.34,64,1000000,4,oltp_read_write_5,0.6
937,9GB,2,2,1,ON,1,1024,1,25,100,48MB,4000,11.72,64,1000000,4,oltp_read_write_5,0.6
938,12GB,2,2,1,ON,1,1024,1,25,100,48MB,4000,11.75,64,1000000,4,oltp_read_write_5,0.6
939,16GB,2,2,1,ON,1,1024,1,25,100,48MB,4000,11.67,64,1000000,4,oltp_read_write_5,0.6
940,18GB,2,2,1,ON,1,1024,1,25,100,48MB,4000,12.33,64,1000000,4,oltp_read_write_5,0.6
941,1GB,1,2,1,ON,1,1024,1,25,100,48MB,4000,11.98,64,1000000,4,oltp_read_write_5,0.6
942,1GB,2,2,1,ON,1,1024,1,25,100,48MB,4000,11.97,64,1000000,4,oltp_read_write_5,0.6
943,1GB,3,2,1,ON,1,1024,1,25,100,48MB,4000,12.11,64,1000000,4,oltp_read_write_5,0.6
944,1GB,7,2,1,ON,1,1024,1,25,100,48MB,4000,12.11,64,1000000,4,oltp_read_write_5,0.6
945,1GB,2,1,1,ON,1,1024,1,25,100,48MB,4000,11.63,64,1000000,4,oltp_read_write_5,0.6
946,1GB,2,2,1,ON,1,1024,1,25,100,48MB,4000,11.96,64,1000000,4,oltp_read_write_5,0.6
947,1GB,2,3,1,ON,1,1024,1,25,100,48MB,4000,12.43,64,1000000,4,oltp_read_write_5,0.6
948,1GB,2,7,1,ON,1,1024,1,25,100,48MB,4000,16.69,64,1000000,4,oltp_read_write_5,0.6
949,1GB,2,2,0,ON,1,1024,1,25,100,48MB,4000,12.79,64,1000000,4,oltp_read_write_5,0.6
950,1GB,2,2,1,ON,1,1024,1,25,100,48MB,4000,12.91,64,1000000,4,oltp_read_write_5,0.6
951,1GB,2,2,2,ON,1,1024,1,25,100,48MB,4000,13.33,64,1000000,4,oltp_read_write_5,0.6
952,1GB,2,2,1,ON,1,1024,1,25,100,48MB,4000,12.02,64,1000000,4,oltp_read_write_5,0.6
953,1GB,2,2,1,OFF,1,1024,1,25,100,48MB,4000,12.8,64,1000000,4,oltp_read_write_5,0.6
954,1GB,2,2,1,ON,0,1024,1,25,100,48MB,4000,12.36,64,1000000,4,oltp_read_write_5,0.6
955,1GB,2,2,1,ON,1,1024,1,25,100,48MB,4000,13.05,64,1000000,4,oltp_read_write_5,0.6
956,1GB,2,2,1,ON,1,100,1,25,100,48MB,4000,12.06,64,1000000,4,oltp_read_write_5,0.6
957,1GB,2,2,1,ON,1,1024,1,25,100,48MB,4000,12.94,64,1000000,4,oltp_read_write_5,0.6
958,1GB,2,2,1,ON,1,5000,1,25,100,48MB,4000,13.63,64,1000000,4,oltp_read_write_5,0.6
959,1GB,2,2,1,ON,1,10000,1,25,100,48MB,4000,13.68,64,1000000,4,oltp_read_write_5,0.6
960,1GB,2,2,1,ON,1,1024,1,25,100,48MB,4000,11.99,64,1000000,4,oltp_read_write_5,0.6
961,1GB,2,2,1,ON,1,1024,2,25,100,48MB,4000,12.92,64,1000000,4,oltp_read_write_5,0.6
962,1GB,2,2,1,ON,1,1024,4,25,100,48MB,4000,13.95,64,1000000,4,oltp_read_write_5,0.6
963,1GB,2,2,1,ON,1,1024,8,25,100,48MB,4000,14.73,64,1000000,4,oltp_read_write_5,0.6
964,1GB,2,2,1,ON,1,1024,1,0,100,48MB,4000,10.55,64,1000000,4,oltp_read_write_5,0.6
965,1GB,2,2,1,ON,1,1024,1,10,100,48MB,4000,12.46,64,1000000,4,oltp_read_write_5,0.6
966,1GB,2,2,1,ON,1,1024,1,25,100,48MB,4000,12.81,64,1000000,4,oltp_read_write_5,0.6
967,1GB,2,2,1,ON,1,1024,1,50,100,48MB,4000,13.04,64,1000000,4,oltp_read_write_5,0.6
968,1GB,2,2,1,ON,1,1024,1,25,100,48MB,4000,12.54,64,1000000,4,oltp_read_write_5,0.6
969,1GB,2,2,1,ON,1,1024,1,25,5000,48MB,4000,12.4,64,1000000,4,oltp_read_write_5,0.6
970,1GB,2,2,1,ON,1,1024,1,25,10000,48MB,4000,12.41,64,1000000,4,oltp_read_write_5,0.6
971,1GB,2,2,1,ON,1,1024,1,25,20000,48MB,4000,12.42,64,1000000,4,oltp_read_write_5,0.6
972,1GB,2,2,1,ON,1,1024,1,25,100,4MB,4000,8.38,64,1000000,4,oltp_read_write_5,0.6
973,1GB,2,2,1,ON,1,1024,1,25,100,48MB,4000,12.66,64,1000000,4,oltp_read_write_5,0.6
974,1GB,2,2,1,ON,1,1024,1,25,100,512MB,4000,13.75,64,1000000,4,oltp_read_write_5,0.6
975,1GB,2,2,1,ON,1,1024,1,25,100,5GB,4000,13.9,64,1000000,4,oltp_read_write_5,0.6
976,1GB,2,2,1,ON,1,1024,1,25,100,48MB,1,11.96,64,1000000,4,oltp_read_write_5,0.6
977,1GB,2,2,1,ON,1,1024,1,25,100,48MB,1000,13.51,64,1000000,4,oltp_read_write_5,0.6
978,1GB,2,2,1,ON,1,1024,1,25,100,48MB,2000,13.54,64,1000000,4,oltp_read_write_5,0.6
979,1GB,2,2,1,ON,1,1024,1,25,100,48MB,4000,13.58,64,1000000,4,oltp_read_write_5,0.6
980,1GB,2,2,1,ON,1,1024,1,25,100,48MB,4000,28.75,64,1000000,4,oltp_read_write_5,1.0
981,2GB,2,2,1,ON,1,1024,1,25,100,48MB,4000,27.94,64,1000000,4,oltp_read_write_5,1.0
982,3GB,2,2,1,ON,1,1024,1,25,100,48MB,4000,27.42,64,1000000,4,oltp_read_write_5,1.0
983,4GB,2,2,1,ON,1,1024,1,25,100,48MB,4000,27.89,64,1000000,4,oltp_read_write_5,1.0
984,6GB,2,2,1,ON,1,1024,1,25,100,48MB,4000,27.76,64,1000000,4,oltp_read_write_5,1.0
985,8GB,2,2,1,ON,1,1024,1,25,100,48MB,4000,27.6,64,1000000,4,oltp_read_write_5,1.0
986,9GB,2,2,1,ON,1,1024,1,25,100,48MB,4000,27.87,64,1000000,4,oltp_read_write_5,1.0
987,12GB,2,2,1,ON,1,1024,1,25,100,48MB,4000,27.78,64,1000000,4,oltp_read_write_5,1.0
988,16GB,2,2,1,ON,1,1024,1,25,100,48MB,4000,28.29,64,1000000,4,oltp_read_write_5,1.0
989,18GB,2,2,1,ON,1,1024,1,25,100,48MB,4000,27.95,64,1000000,4,oltp_read_write_5,1.0
990,1GB,1,2,1,ON,1,1024,1,25,100,48MB,4000,29.1,64,1000000,4,oltp_read_write_5,1.0
991,1GB,2,2,1,ON,1,1024,1,25,100,48MB,4000,29.93,64,1000000,4,oltp_read_write_5,1.0
992,1GB,3,2,1,ON,1,1024,1,25,100,48MB,4000,29.94,64,1000000,4,oltp_read_write_5,1.0
993,1GB,7,2,1,ON,1,1024,1,25,100,48MB,4000,30.32,64,1000000,4,oltp_read_write_5,1.0
994,1GB,2,1,1,ON,1,1024,1,25,100,48MB,4000,22.49,64,1000000,4,oltp_read_write_5,1.0
995,1GB,2,2,1,ON,1,1024,1,25,100,48MB,4000,30.06,64,1000000,4,oltp_read_write_5,1.0
996,1GB,2,3,1,ON,1,1024,1,25,100,48MB,4000,31.57,64,1000000,4,oltp_read_write_5,1.0
997,1GB,2,7,1,ON,1,1024,1,25,100,48MB,4000,41.81,64,1000000,4,oltp_read_write_5,1.0
998,1GB,2,2,0,ON,1,1024,1,25,100,48MB,4000,32.92,64,1000000,4,oltp_read_write_5,1.0
999,1GB,2,2,1,ON,1,1024,1,25,100,48MB,4000,32.26,64,1000000,4,oltp_read_write_5,1.0
1000,1GB,2,2,2,ON,1,1024,1,25,100,48MB,4000,35.58,64,1000000,4,oltp_read_write_5,1.0
1001,1GB,2,2,1,ON,1,1024,1,25,100,48MB,4000,30.49,64,1000000,4,oltp_read_write_5,1.0
1002,1GB,2,2,1,OFF,1,1024,1,25,100,48MB,4000,33.0,64,1000000,4,oltp_read_write_5,1.0
1003,1GB,2,2,1,ON,0,1024,1,25,100,48MB,4000,30.46,64,1000000,4,oltp_read_write_5,1.0
1004,1GB,2,2,1,ON,1,1024,1,25,100,48MB,4000,32.59,64,1000000,4,oltp_read_write_5,1.0
1005,1GB,2,2,1,ON,1,100,1,25,100,48MB,4000,30.3,64,1000000,4,oltp_read_write_5,1.0
1006,1GB,2,2,1,ON,1,1024,1,25,100,48MB,4000,32.63,64,1000000,4,oltp_read_write_5,1.0
1007,1GB,2,2,1,ON,1,5000,1,25,100,48MB,4000,32.94,64,1000000,4,oltp_read_write_5,1.0
1008,1GB,2,2,1,ON,1,10000,1,25,100,48MB,4000,27.93,64,1000000,4,oltp_read_write_5,1.0
1009,1GB,2,2,1,ON,1,1024,1,25,100,48MB,4000,31.02,64,1000000,4,oltp_read_write_5,1.0
1010,1GB,2,2,1,ON,1,1024,2,25,100,48MB,4000,31.43,64,1000000,4,oltp_read_write_5,1.0
1011,1GB,2,2,1,ON,1,1024,4,25,100,48MB,4000,41.84,64,1000000,4,oltp_read_write_5,1.0
1012,1GB,2,2,1,ON,1,1024,8,25,100,48MB,4000,36.8,64,1000000,4,oltp_read_write_5,1.0
1013,1GB,2,2,1,ON,1,1024,1,0,100,48MB,4000,24.44,64,1000000,4,oltp_read_write_5,1.0
1014,1GB,2,2,1,ON,1,1024,1,10,100,48MB,4000,31.84,64,1000000,4,oltp_read_write_5,1.0
1015,1GB,2,2,1,ON,1,1024,1,25,100,48MB,4000,32.63,64,1000000,4,oltp_read_write_5,1.0
1016,1GB,2,2,1,ON,1,1024,1,50,100,48MB,4000,32.29,64,1000000,4,oltp_read_write_5,1.0
1017,1GB,2,2,1,ON,1,1024,1,25,100,48MB,4000,30.24,64,1000000,4,oltp_read_write_5,1.0
1018,1GB,2,2,1,ON,1,1024,1,25,5000,48MB,4000,30.85,64,1000000,4,oltp_read_write_5,1.0
1019,1GB,2,2,1,ON,1,1024,1,25,10000,48MB,4000,31.19,64,1000000,4,oltp_read_write_5,1.0
1020,1GB,2,2,1,ON,1,1024,1,25,20000,48MB,4000,31.59,64,1000000,4,oltp_read_write_5,1.0
1021,1GB,2,2,1,ON,1,1024,1,25,100,4MB,4000,14.7,64,1000000,4,oltp_read_write_5,1.0
1022,1GB,2,2,1,ON,1,1024,1,25,100,48MB,4000,30.92,64,1000000,4,oltp_read_write_5,1.0
1023,1GB,2,2,1,ON,1,1024,1,25,100,512MB,4000,32.53,64,1000000,4,oltp_read_write_5,1.0
1024,1GB,2,2,1,ON,1,1024,1,25,100,5GB,4000,34.56,64,1000000,4,oltp_read_write_5,1.0
1025,1GB,2,2,1,ON,1,1024,1,25,100,48MB,1,28.55,64,1000000,4,oltp_read_write_5,1.0
1026,1GB,2,2,1,ON,1,1024,1,25,100,48MB,1000,33.12,64,1000000,4,oltp_read_write_5,1.0
1027,1GB,2,2,1,ON,1,1024,1,25,100,48MB,2000,33.61,64,1000000,4,oltp_read_write_5,1.0
1028,1GB,2,2,1,ON,1,1024,1,25,100,48MB,4000,33.17,64,1000000,4,oltp_read_write_5,1.0
1029,1GB,2,2,1,ON,1,1024,1,25,100,48MB,4000,130.43,10,4,4,tpcc,
1030,2GB,2,2,1,ON,1,1024,1,25,100,48MB,4000,221.95,10,4,4,tpcc,
1031,3GB,2,2,1,ON,1,1024,1,25,100,48MB,4000,227.33,10,4,4,tpcc,
1032,4GB,2,2,1,ON,1,1024,1,25,100,48MB,4000,225.43,10,4,4,tpcc,
1033,6GB,2,2,1,ON,1,1024,1,25,100,48MB,4000,222.97,10,4,4,tpcc,
1034,8GB,2,2,1,ON,1,1024,1,25,100,48MB,4000,217.15,10,4,4,tpcc,
1035,9GB,2,2,1,ON,1,1024,1,25,100,48MB,4000,217.47,10,4,4,tpcc,
1036,12GB,2,2,1,ON,1,1024,1,25,100,48MB,4000,216.92,10,4,4,tpcc,
1037,16GB,2,2,1,ON,1,1024,1,25,100,48MB,4000,219.62,10,4,4,tpcc,
1038,18GB,2,2,1,ON,1,1024,1,25,100,48MB,4000,219.7,10,4,4,tpcc,
1039,1GB,1,2,1,ON,1,1024,1,25,100,48MB,4000,119.7,10,4,4,tpcc,
1040,1GB,2,2,1,ON,1,1024,1,25,100,48MB,4000,121.21,10,4,4,tpcc,
1041,1GB,3,2,1,ON,1,1024,1,25,100,48MB,4000,120.31,10,4,4,tpcc,
1042,1GB,7,2,1,ON,1,1024,1,25,100,48MB,4000,121.1,10,4,4,tpcc,
1043,1GB,2,1,1,ON,1,1024,1,25,100,48MB,4000,111.36,10,4,4,tpcc,
1044,1GB,2,2,1,ON,1,1024,1,25,100,48MB,4000,121.49,10,4,4,tpcc,
1045,1GB,2,3,1,ON,1,1024,1,25,100,48MB,4000,128.68,10,4,4,tpcc,
1046,1GB,2,7,1,ON,1,1024,1,25,100,48MB,4000,164.33,10,4,4,tpcc,
1047,1GB,2,2,0,ON,1,1024,1,25,100,48MB,4000,139.76,10,4,4,tpcc,
1048,1GB,2,2,1,ON,1,1024,1,25,100,48MB,4000,116.67,10,4,4,tpcc,
1049,1GB,2,2,2,ON,1,1024,1,25,100,48MB,4000,136.59,10,4,4,tpcc,
1050,1GB,2,2,1,ON,1,1024,1,25,100,48MB,4000,118.9,10,4,4,tpcc,
1051,1GB,2,2,1,OFF,1,1024,1,25,100,48MB,4000,123.39,10,4,4,tpcc,
1052,1GB,2,2,1,ON,0,1024,1,25,100,48MB,4000,127.12,10,4,4,tpcc,
1053,1GB,2,2,1,ON,1,1024,1,25,100,48MB,4000,118.86,10,4,4,tpcc,
1054,1GB,2,2,1,ON,1,100,1,25,100,48MB,4000,114.63,10,4,4,tpcc,
1055,1GB,2,2,1,ON,1,1024,1,25,100,48MB,4000,118.44,10,4,4,tpcc,
1056,1GB,2,2,1,ON,1,5000,1,25,100,48MB,4000,120.75,10,4,4,tpcc,
1057,1GB,2,2,1,ON,1,10000,1,25,100,48MB,4000,121.6,10,4,4,tpcc,
1058,1GB,2,2,1,ON,1,1024,1,25,100,48MB,4000,119.98,10,4,4,tpcc,
1059,1GB,2,2,1,ON,1,1024,2,25,100,48MB,4000,125.25,10,4,4,tpcc,
1060,1GB,2,2,1,ON,1,1024,4,25,100,48MB,4000,142.03,10,4,4,tpcc,
1061,1GB,2,2,1,ON,1,1024,8,25,100,48MB,4000,140.98,10,4,4,tpcc,
1062,1GB,2,2,1,ON,1,1024,1,0,100,48MB,4000,85.35,10,4,4,tpcc,
1063,1GB,2,2,1,ON,1,1024,1,10,100,48MB,4000,128.23,10,4,4,tpcc,
1064,1GB,2,2,1,ON,1,1024,1,25,100,48MB,4000,127.17,10,4,4,tpcc,
1065,1GB,2,2,1,ON,1,1024,1,50,100,48MB,4000,124.37,10,4,4,tpcc,
1066,1GB,2,2,1,ON,1,1024,1,25,100,48MB,4000,125.57,10,4,4,tpcc,
1067,1GB,2,2,1,ON,1,1024,1,25,5000,48MB,4000,105.22,10,4,4,tpcc,
1068,1GB,2,2,1,ON,1,1024,1,25,10000,48MB,4000,98.02,10,4,4,tpcc,
1069,1GB,2,2,1,ON,1,1024,1,25,20000,48MB,4000,93.31,10,4,4,tpcc,
1070,1GB,2,2,1,ON,1,1024,1,25,100,4MB,4000,96.64,10,4,4,tpcc,
1071,1GB,2,2,1,ON,1,1024,1,25,100,48MB,4000,128.94,10,4,4,tpcc,
1072,1GB,2,2,1,ON,1,1024,1,25,100,512MB,4000,133.11,10,4,4,tpcc,
1073,1GB,2,2,1,ON,1,1024,1,25,100,5GB,4000,129.0,10,4,4,tpcc,
1074,1GB,2,2,1,ON,1,1024,1,25,100,48MB,1,111.22,10,4,4,tpcc,
1075,1GB,2,2,1,ON,1,1024,1,25,100,48MB,1000,121.2,10,4,4,tpcc,
1076,1GB,2,2,1,ON,1,1024,1,25,100,48MB,2000,120.25,10,4,4,tpcc,
1077,1GB,2,2,1,ON,1,1024,1,25,100,48MB,4000,118.94,10,4,4,tpcc,
1078,1GB,2,2,1,ON,1,1024,1,25,100,48MB,4000,46.46,100,4,4,tpcc,
1079,2GB,2,2,1,ON,1,1024,1,25,100,48MB,4000,71.27,100,4,4,tpcc,
1080,3GB,2,2,1,ON,1,1024,1,25,100,48MB,4000,87.71,100,4,4,tpcc,
1081,4GB,2,2,1,ON,1,1024,1,25,100,48MB,4000,100.13,100,4,4,tpcc,
1082,6GB,2,2,1,ON,1,1024,1,25,100,48MB,4000,118.73,100,4,4,tpcc,
1083,8GB,2,2,1,ON,1,1024,1,25,100,48MB,4000,132.06,100,4,4,tpcc,
1084,9GB,2,2,1,ON,1,1024,1,25,100,48MB,4000,128.35,100,4,4,tpcc,
1085,12GB,2,2,1,ON,1,1024,1,25,100,48MB,4000,128.83,100,4,4,tpcc,
1086,16GB,2,2,1,ON,1,1024,1,25,100,48MB,4000,127.68,100,4,4,tpcc,
1087,18GB,2,2,1,ON,1,1024,1,25,100,48MB,4000,125.79,100,4,4,tpcc,
1088,1GB,1,2,1,ON,1,1024,1,25,100,48MB,4000,60.26,100,4,4,tpcc,
1089,1GB,2,2,1,ON,1,1024,1,25,100,48MB,4000,60.8,100,4,4,tpcc,
1090,1GB,3,2,1,ON,1,1024,1,25,100,48MB,4000,60.1,100,4,4,tpcc,
1091,1GB,7,2,1,ON,1,1024,1,25,100,48MB,4000,60.27,100,4,4,tpcc,
1092,1GB,2,1,1,ON,1,1024,1,25,100,48MB,4000,53.47,100,4,4,tpcc,
1093,1GB,2,2,1,ON,1,1024,1,25,100,48MB,4000,60.09,100,4,4,tpcc,
1094,1GB,2,3,1,ON,1,1024,1,25,100,48MB,4000,66.36,100,4,4,tpcc,
1095,1GB,2,7,1,ON,1,1024,1,25,100,48MB,4000,79.4,100,4,4,tpcc,
1096,1GB,2,2,0,ON,1,1024,1,25,100,48MB,4000,64.92,100,4,4,tpcc,
1097,1GB,2,2,1,ON,1,1024,1,25,100,48MB,4000,60.88,100,4,4,tpcc,
1098,1GB,2,2,2,ON,1,1024,1,25,100,48MB,4000,66.54,100,4,4,tpcc,
1099,1GB,2,2,1,ON,1,1024,1,25,100,48MB,4000,59.41,100,4,4,tpcc,
1100,1GB,2,2,1,OFF,1,1024,1,25,100,48MB,4000,61.47,100,4,4,tpcc,
1101,1GB,2,2,1,ON,0,1024,1,25,100,48MB,4000,59.85,100,4,4,tpcc,
1102,1GB,2,2,1,ON,1,1024,1,25,100,48MB,4000,61.72,100,4,4,tpcc,
1103,1GB,2,2,1,ON,1,100,1,25,100,48MB,4000,59.39,100,4,4,tpcc,
1104,1GB,2,2,1,ON,1,1024,1,25,100,48MB,4000,61.79,100,4,4,tpcc,
1105,1GB,2,2,1,ON,1,5000,1,25,100,48MB,4000,64.08,100,4,4,tpcc,
1106,1GB,2,2,1,ON,1,10000,1,25,100,48MB,4000,65.94,100,4,4,tpcc,
1107,1GB,2,2,1,ON,1,1024,1,25,100,48MB,4000,59.91,100,4,4,tpcc,
1108,1GB,2,2,1,ON,1,1024,2,25,100,48MB,4000,66.69,100,4,4,tpcc,
1109,1GB,2,2,1,ON,1,1024,4,25,100,48MB,4000,75.57,100,4,4,tpcc,
1110,1GB,2,2,1,ON,1,1024,8,25,100,48MB,4000,78.26,100,4,4,tpcc,
1111,1GB,2,2,1,ON,1,1024,1,0,100,48MB,4000,47.67,100,4,4,tpcc,
1112,1GB,2,2,1,ON,1,1024,1,10,100,48MB,4000,63.18,100,4,4,tpcc,
1113,1GB,2,2,1,ON,1,1024,1,25,100,48MB,4000,67.71,100,4,4,tpcc,
1114,1GB,2,2,1,ON,1,1024,1,50,100,48MB,4000,65.56,100,4,4,tpcc,
1115,1GB,2,2,1,ON,1,1024,1,25,100,48MB,4000,63.6,100,4,4,tpcc,
1116,1GB,2,2,1,ON,1,1024,1,25,5000,48MB,4000,52.44,100,4,4,tpcc,
1117,1GB,2,2,1,ON,1,1024,1,25,10000,48MB,4000,49.26,100,4,4,tpcc,
1118,1GB,2,2,1,ON,1,1024,1,25,20000,48MB,4000,60.63,100,4,4,tpcc,
1119,1GB,2,2,1,ON,1,1024,1,25,100,4MB,4000,71.24,100,4,4,tpcc,
1120,1GB,2,2,1,ON,1,1024,1,25,100,48MB,4000,70.98,100,4,4,tpcc,
1121,1GB,2,2,1,ON,1,1024,1,25,100,512MB,4000,70.02,100,4,4,tpcc,
1122,1GB,2,2,1,ON,1,1024,1,25,100,5GB,4000,70.12,100,4,4,tpcc,
1123,1GB,2,2,1,ON,1,1024,1,25,100,48MB,1,64.14,100,4,4,tpcc,
1124,1GB,2,2,1,ON,1,1024,1,25,100,48MB,1000,69.75,100,4,4,tpcc,
1125,1GB,2,2,1,ON,1,1024,1,25,100,48MB,2000,67.99,100,4,4,tpcc,
1126,1GB,2,2,1,ON,1,1024,1,25,100,48MB,4000,67.16,100,4,4,tpcc,
