innodb_buffer_pool_size,innodb_read_io_threads,innodb_write_io_threads,innodb_flush_log_at_trx_commit,innodb_adaptive_hash_index,sync_binlog,innodb_lru_scan_depth,innodb_buffer_pool_instances,innodb_change_buffer_max_size,innodb_io_capacity,innodb_log_file_size,table_open_cache,tps,workload,num_table,table_size,num_client1GB,2,2,0,ON,1,1024,1,25,100,48MB,4000,423.26,tpcc,10,4,4
1GB,1,2,1,ON,1,1024,1,25,100,48MB,4000,340.74,tpcc,10,4,4
1GB,2,2,1,ON,1,1024,1,25,100,48MB,4000,336.15,tpcc,10,4,4
1GB,3,2,1,ON,1,1024,1,25,100,48MB,4000,324.90,tpcc,10,4,4
1GB,7,2,1,ON,1,1024,1,25,100,48MB,4000,310.13,tpcc,10,4,4
1GB,15,2,1,ON,1,1024,1,25,100,48MB,4000,313.29,tpcc,10,4,4
2GB,1,2,1,ON,1,1024,1,25,100,48MB,4000,453.52,tpcc,10,4,4
2GB,2,2,1,ON,1,1024,1,25,100,48MB,4000,471.64,tpcc,10,4,4
2GB,3,2,1,ON,1,1024,1,25,100,48MB,4000,477.79,tpcc,10,4,4
2GB,7,2,1,ON,1,1024,1,25,100,48MB,4000,475.74,tpcc,10,4,4
2GB,15,2,1,ON,1,1024,1,25,100,48MB,4000,478.16,tpcc,10,4,4
3GB,1,2,1,ON,1,1024,1,25,100,48MB,4000,519.19,tpcc,10,4,4
3GB,2,2,1,ON,1,1024,1,25,100,48MB,4000,495.92,tpcc,10,4,4
3GB,3,2,1,ON,1,1024,1,25,100,48MB,4000,483.22,tpcc,10,4,4
3GB,7,2,1,ON,1,1024,1,25,100,48MB,4000,486.22,tpcc,10,4,4
3GB,15,2,1,ON,1,1024,1,25,100,48MB,4000,485.83,tpcc,10,4,4
4GB,1,2,1,ON,1,1024,1,25,100,48MB,4000,479.33,tpcc,10,4,4
4GB,2,2,1,ON,1,1024,1,25,100,48MB,4000,474.67,tpcc,10,4,4
4GB,3,2,1,ON,1,1024,1,25,100,48MB,4000,481.65,tpcc,10,4,4
4GB,7,2,1,ON,1,1024,1,25,100,48MB,4000,477.05,tpcc,10,4,4
4GB,15,2,1,ON,1,1024,1,25,100,48MB,4000,467.55,tpcc,10,4,4
6GB,1,2,1,ON,1,1024,1,25,100,48MB,4000,469.36,tpcc,10,4,4
6GB,2,2,1,ON,1,1024,1,25,100,48MB,4000,462.93,tpcc,10,4,4
6GB,3,2,1,ON,1,1024,1,25,100,48MB,4000,481.39,tpcc,10,4,4
6GB,7,2,1,ON,1,1024,1,25,100,48MB,4000,459.79,tpcc,10,4,4
6GB,15,2,1,ON,1,1024,1,25,100,48MB,4000,460.66,tpcc,10,4,4
8GB,1,2,1,ON,1,1024,1,25,100,48MB,4000,460.74,tpcc,10,4,4
8GB,2,2,1,ON,1,1024,1,25,100,48MB,4000,455.16,tpcc,10,4,4
8GB,3,2,1,ON,1,1024,1,25,100,48MB,4000,456.36,tpcc,10,4,4
8GB,7,2,1,ON,1,1024,1,25,100,48MB,4000,450.55,tpcc,10,4,4
8GB,15,2,1,ON,1,1024,1,25,100,48MB,4000,455.86,tpcc,10,4,4
9GB,1,2,1,ON,1,1024,1,25,100,48MB,4000,446.70,tpcc,10,4,4
9GB,2,2,1,ON,1,1024,1,25,100,48MB,4000,447.14,tpcc,10,4,4
9GB,3,2,1,ON,1,1024,1,25,100,48MB,4000,444.31,tpcc,10,4,4
9GB,7,2,1,ON,1,1024,1,25,100,48MB,4000,439.24,tpcc,10,4,4
9GB,15,2,1,ON,1,1024,1,25,100,48MB,4000,441.23,tpcc,10,4,4
12GB,1,2,1,ON,1,1024,1,25,100,48MB,4000,438.57,tpcc,10,4,4
12GB,2,2,1,ON,1,1024,1,25,100,48MB,4000,436.55,tpcc,10,4,4
12GB,3,2,1,ON,1,1024,1,25,100,48MB,4000,432.96,tpcc,10,4,4
12GB,7,2,1,ON,1,1024,1,25,100,48MB,4000,430.30,tpcc,10,4,4
12GB,15,2,1,ON,1,1024,1,25,100,48MB,4000,431.75,tpcc,10,4,4
16GB,1,2,1,ON,1,1024,1,25,100,48MB,4000,427.65,tpcc,10,4,4
16GB,2,2,1,ON,1,1024,1,25,100,48MB,4000,429.09,tpcc,10,4,4
16GB,3,2,1,ON,1,1024,1,25,100,48MB,4000,427.66,tpcc,10,4,4
16GB,7,2,1,ON,1,1024,1,25,100,48MB,4000,415.57,tpcc,10,4,4
16GB,15,2,1,ON,1,1024,1,25,100,48MB,4000,423.14,tpcc,10,4,4
18GB,1,2,1,ON,1,1024,1,25,100,48MB,4000,428.64,tpcc,10,4,4
18GB,2,2,1,ON,1,1024,1,25,100,48MB,4000,416.71,tpcc,10,4,4
18GB,3,2,1,ON,1,1024,1,25,100,48MB,4000,424.16,tpcc,10,4,4
18GB,7,2,1,ON,1,1024,1,25,100,48MB,4000,420.53,tpcc,10,4,4
18GB,15,2,1,ON,1,1024,1,25,100,48MB,4000,414.89,tpcc,10,4,4
24GB,1,2,1,ON,1,1024,1,25,100,48MB,4000,417.06,tpcc,10,4,4
24GB,2,2,1,ON,1,1024,1,25,100,48MB,4000,416.06,tpcc,10,4,4
24GB,3,2,1,ON,1,1024,1,25,100,48MB,4000,414.85,tpcc,10,4,4
24GB,7,2,1,ON,1,1024,1,25,100,48MB,4000,415.80,tpcc,10,4,4
24GB,15,2,1,ON,1,1024,1,25,100,48MB,4000,415.70,tpcc,10,4,4
1GB,2,1,1,ON,1,1024,1,25,100,48MB,4000,232.43,tpcc,10,4,4
1GB,2,2,1,ON,1,1024,1,25,100,48MB,4000,268.20,tpcc,10,4,4
1GB,2,3,1,ON,1,1024,1,25,100,48MB,4000,301.92,tpcc,10,4,4
1GB,2,7,1,ON,1,1024,1,25,100,48MB,4000,379.13,tpcc,10,4,4
1GB,2,15,1,ON,1,1024,1,25,100,48MB,4000,441.50,tpcc,10,4,4
2GB,2,1,1,ON,1,1024,1,25,100,48MB,4000,345.92,tpcc,10,4,4
2GB,2,2,1,ON,1,1024,1,25,100,48MB,4000,418.60,tpcc,10,4,4
2GB,2,3,1,ON,1,1024,1,25,100,48MB,4000,462.44,tpcc,10,4,4
2GB,2,7,1,ON,1,1024,1,25,100,48MB,4000,538.41,tpcc,10,4,4
2GB,2,15,1,ON,1,1024,1,25,100,48MB,4000,587.05,tpcc,10,4,4
3GB,2,1,1,ON,1,1024,1,25,100,48MB,4000,320.20,tpcc,10,4,4
3GB,2,2,1,ON,1,1024,1,25,100,48MB,4000,404.94,tpcc,10,4,4
3GB,2,3,1,ON,1,1024,1,25,100,48MB,4000,462.28,tpcc,10,4,4
3GB,2,7,1,ON,1,1024,1,25,100,48MB,4000,578.71,tpcc,10,4,4
3GB,2,15,1,ON,1,1024,1,25,100,48MB,4000,613.57,tpcc,10,4,4
4GB,2,1,1,ON,1,1024,1,25,100,48MB,4000,305.33,tpcc,10,4,4
4GB,2,2,1,ON,1,1024,1,25,100,48MB,4000,387.83,tpcc,10,4,4
4GB,2,3,1,ON,1,1024,1,25,100,48MB,4000,446.63,tpcc,10,4,4
4GB,2,7,1,ON,1,1024,1,25,100,48MB,4000,582.15,tpcc,10,4,4
4GB,2,15,1,ON,1,1024,1,25,100,48MB,4000,630.31,tpcc,10,4,4
6GB,2,1,1,ON,1,1024,1,25,100,48MB,4000,299.68,tpcc,10,4,4
6GB,2,2,1,ON,1,1024,1,25,100,48MB,4000,390.19,tpcc,10,4,4
6GB,2,3,1,ON,1,1024,1,25,100,48MB,4000,446.37,tpcc,10,4,4
6GB,2,7,1,ON,1,1024,1,25,100,48MB,4000,577.62,tpcc,10,4,4
6GB,2,15,1,ON,1,1024,1,25,100,48MB,4000,620.99,tpcc,10,4,4
8GB,2,1,1,ON,1,1024,1,25,100,48MB,4000,300.21,tpcc,10,4,4
8GB,2,2,1,ON,1,1024,1,25,100,48MB,4000,391.50,tpcc,10,4,4
8GB,2,3,1,ON,1,1024,1,25,100,48MB,4000,445.65,tpcc,10,4,4
8GB,2,7,1,ON,1,1024,1,25,100,48MB,4000,578.53,tpcc,10,4,4
8GB,2,15,1,ON,1,1024,1,25,100,48MB,4000,624.94,tpcc,10,4,4
9GB,2,1,1,ON,1,1024,1,25,100,48MB,4000,293.49,tpcc,10,4,4
9GB,2,2,1,ON,1,1024,1,25,100,48MB,4000,384.84,tpcc,10,4,4
9GB,2,3,1,ON,1,1024,1,25,100,48MB,4000,438.05,tpcc,10,4,4
9GB,2,7,1,ON,1,1024,1,25,100,48MB,4000,578.32,tpcc,10,4,4
9GB,2,15,1,ON,1,1024,1,25,100,48MB,4000,618.71,tpcc,10,4,4
12GB,2,1,1,ON,1,1024,1,25,100,48MB,4000,292.68,tpcc,10,4,4
12GB,2,2,1,ON,1,1024,1,25,100,48MB,4000,378.16,tpcc,10,4,4
12GB,2,3,1,ON,1,1024,1,25,100,48MB,4000,432.57,tpcc,10,4,4
12GB,2,7,1,ON,1,1024,1,25,100,48MB,4000,567.93,tpcc,10,4,4
12GB,2,15,1,ON,1,1024,1,25,100,48MB,4000,613.23,tpcc,10,4,4
16GB,2,1,1,ON,1,1024,1,25,100,48MB,4000,290.84,tpcc,10,4,4
16GB,2,2,1,ON,1,1024,1,25,100,48MB,4000,380.72,tpcc,10,4,4
16GB,2,3,1,ON,1,1024,1,25,100,48MB,4000,430.35,tpcc,10,4,4
16GB,2,7,1,ON,1,1024,1,25,100,48MB,4000,571.84,tpcc,10,4,4
16GB,2,15,1,ON,1,1024,1,25,100,48MB,4000,608.76,tpcc,10,4,4
18GB,2,1,1,ON,1,1024,1,25,100,48MB,4000,291.73,tpcc,10,4,4
18GB,2,2,1,ON,1,1024,1,25,100,48MB,4000,372.65,tpcc,10,4,4
18GB,2,3,1,ON,1,1024,1,25,100,48MB,4000,423.82,tpcc,10,4,4
18GB,2,7,1,ON,1,1024,1,25,100,48MB,4000,566.92,tpcc,10,4,4
18GB,2,15,1,ON,1,1024,1,25,100,48MB,4000,606.55,tpcc,10,4,4
24GB,2,1,1,ON,1,1024,1,25,100,48MB,4000,280.19,tpcc,10,4,4
24GB,2,2,1,ON,1,1024,1,25,100,48MB,4000,365.15,tpcc,10,4,4
24GB,2,3,1,ON,1,1024,1,25,100,48MB,4000,415.25,tpcc,10,4,4
24GB,2,7,1,ON,1,1024,1,25,100,48MB,4000,561.51,tpcc,10,4,4
24GB,2,15,1,ON,1,1024,1,25,100,48MB,4000,589.77,tpcc,10,4,4
1GB,2,2,0,ON,1,1024,1,25,100,48MB,4000,243.47,tpcc,10,4,4
1GB,2,2,1,ON,1,1024,1,25,100,48MB,4000,244.86,tpcc,10,4,4
1GB,2,2,2,ON,1,1024,1,25,100,48MB,4000,290.23,tpcc,10,4,4
2GB,2,2,0,ON,1,1024,1,25,100,48MB,4000,459.60,tpcc,10,4,4
2GB,2,2,1,ON,1,1024,1,25,100,48MB,4000,388.02,tpcc,10,4,4
2GB,2,2,2,ON,1,1024,1,25,100,48MB,4000,435.03,tpcc,10,4,4
3GB,2,2,0,ON,1,1024,1,25,100,48MB,4000,452.20,tpcc,10,4,4
3GB,2,2,1,ON,1,1024,1,25,100,48MB,4000,393.00,tpcc,10,4,4
3GB,2,2,2,ON,1,1024,1,25,100,48MB,4000,431.19,tpcc,10,4,4
4GB,2,2,0,ON,1,1024,1,25,100,48MB,4000,426.98,tpcc,10,4,4
4GB,2,2,1,ON,1,1024,1,25,100,48MB,4000,371.31,tpcc,10,4,4
4GB,2,2,2,ON,1,1024,1,25,100,48MB,4000,414.97,tpcc,10,4,4
6GB,2,2,0,ON,1,1024,1,25,100,48MB,4000,404.89,tpcc,10,4,4
6GB,2,2,1,ON,1,1024,1,25,100,48MB,4000,355.45,tpcc,10,4,4
6GB,2,2,2,ON,1,1024,1,25,100,48MB,4000,395.05,tpcc,10,4,4
8GB,2,2,0,ON,1,1024,1,25,100,48MB,4000,383.05,tpcc,10,4,4
8GB,2,2,1,ON,1,1024,1,25,100,48MB,4000,344.49,tpcc,10,4,4
8GB,2,2,2,ON,1,1024,1,25,100,48MB,4000,376.62,tpcc,10,4,4
9GB,2,2,0,ON,1,1024,1,25,100,48MB,4000,381.37,tpcc,10,4,4
9GB,2,2,1,ON,1,1024,1,25,100,48MB,4000,341.63,tpcc,10,4,4
9GB,2,2,2,ON,1,1024,1,25,100,48MB,4000,371.57,tpcc,10,4,4
12GB,2,2,0,ON,1,1024,1,25,100,48MB,4000,370.27,tpcc,10,4,4
12GB,2,2,1,ON,1,1024,1,25,100,48MB,4000,335.71,tpcc,10,4,4
12GB,2,2,2,ON,1,1024,1,25,100,48MB,4000,368.44,tpcc,10,4,4
16GB,2,2,0,ON,1,1024,1,25,100,48MB,4000,367.75,tpcc,10,4,4
16GB,2,2,1,ON,1,1024,1,25,100,48MB,4000,332.56,tpcc,10,4,4
16GB,2,2,2,ON,1,1024,1,25,100,48MB,4000,366.36,tpcc,10,4,4
18GB,2,2,0,ON,1,1024,1,25,100,48MB,4000,370.59,tpcc,10,4,4
18GB,2,2,1,ON,1,1024,1,25,100,48MB,4000,339.17,tpcc,10,4,4
18GB,2,2,2,ON,1,1024,1,25,100,48MB,4000,373.58,tpcc,10,4,4
24GB,2,2,0,ON,1,1024,1,25,100,48MB,4000,368.38,tpcc,10,4,4
24GB,2,2,1,ON,1,1024,1,25,100,48MB,4000,345.93,tpcc,10,4,4
24GB,2,2,2,ON,1,1024,1,25,100,48MB,4000,375.03,tpcc,10,4,4
1GB,2,2,1,ON,1,1024,1,25,100,48MB,4000,179.93,tpcc,10,4,4
1GB,2,2,1,OFF,1,1024,1,25,100,48MB,4000,250.74,tpcc,10,4,4
2GB,2,2,1,ON,1,1024,1,25,100,48MB,4000,391.33,tpcc,10,4,4
2GB,2,2,1,OFF,1,1024,1,25,100,48MB,4000,407.82,tpcc,10,4,4
3GB,2,2,1,ON,1,1024,1,25,100,48MB,4000,409.97,tpcc,10,4,4
3GB,2,2,1,OFF,1,1024,1,25,100,48MB,4000,401.47,tpcc,10,4,4
4GB,2,2,1,ON,1,1024,1,25,100,48MB,4000,392.22,tpcc,10,4,4
4GB,2,2,1,OFF,1,1024,1,25,100,48MB,4000,378.80,tpcc,10,4,4
6GB,2,2,1,ON,1,1024,1,25,100,48MB,4000,373.05,tpcc,10,4,4
6GB,2,2,1,OFF,1,1024,1,25,100,48MB,4000,365.69,tpcc,10,4,4
8GB,2,2,1,ON,1,1024,1,25,100,48MB,4000,360.09,tpcc,10,4,4
8GB,2,2,1,OFF,1,1024,1,25,100,48MB,4000,359.00,tpcc,10,4,4
9GB,2,2,1,ON,1,1024,1,25,100,48MB,4000,359.59,tpcc,10,4,4
9GB,2,2,1,OFF,1,1024,1,25,100,48MB,4000,351.13,tpcc,10,4,4
12GB,2,2,1,ON,1,1024,1,25,100,48MB,4000,348.00,tpcc,10,4,4
12GB,2,2,1,OFF,1,1024,1,25,100,48MB,4000,341.61,tpcc,10,4,4
16GB,2,2,1,ON,1,1024,1,25,100,48MB,4000,346.00,tpcc,10,4,4
16GB,2,2,1,OFF,1,1024,1,25,100,48MB,4000,342.86,tpcc,10,4,4
18GB,2,2,1,ON,1,1024,1,25,100,48MB,4000,341.03,tpcc,10,4,4
18GB,2,2,1,OFF,1,1024,1,25,100,48MB,4000,336.73,tpcc,10,4,4
24GB,2,2,1,ON,1,1024,1,25,100,48MB,4000,334.60,tpcc,10,4,4
24GB,2,2,1,OFF,1,1024,1,25,100,48MB,4000,331.54,tpcc,10,4,4
1GB,2,2,1,ON,0,1024,1,25,100,48MB,4000,159.49,tpcc,10,4,4
1GB,2,2,1,ON,1,1024,1,25,100,48MB,4000,245.44,tpcc,10,4,4
2GB,2,2,1,ON,0,1024,1,25,100,48MB,4000,412.36,tpcc,10,4,4
2GB,2,2,1,ON,1,1024,1,25,100,48MB,4000,381.45,tpcc,10,4,4
3GB,2,2,1,ON,0,1024,1,25,100,48MB,4000,430.53,tpcc,10,4,4
3GB,2,2,1,ON,1,1024,1,25,100,48MB,4000,390.62,tpcc,10,4,4
4GB,2,2,1,ON,0,1024,1,25,100,48MB,4000,404.71,tpcc,10,4,4
4GB,2,2,1,ON,1,1024,1,25,100,48MB,4000,380.67,tpcc,10,4,4
6GB,2,2,1,ON,0,1024,1,25,100,48MB,4000,395.89,tpcc,10,4,4
6GB,2,2,1,ON,1,1024,1,25,100,48MB,4000,370.10,tpcc,10,4,4
8GB,2,2,1,ON,0,1024,1,25,100,48MB,4000,382.35,tpcc,10,4,4
8GB,2,2,1,ON,1,1024,1,25,100,48MB,4000,359.12,tpcc,10,4,4
9GB,2,2,1,ON,0,1024,1,25,100,48MB,4000,365.73,tpcc,10,4,4
9GB,2,2,1,ON,1,1024,1,25,100,48MB,4000,346.92,tpcc,10,4,4
12GB,2,2,1,ON,0,1024,1,25,100,48MB,4000,365.37,tpcc,10,4,4
12GB,2,2,1,ON,1,1024,1,25,100,48MB,4000,340.29,tpcc,10,4,4
16GB,2,2,1,ON,0,1024,1,25,100,48MB,4000,353.12,tpcc,10,4,4
16GB,2,2,1,ON,1,1024,1,25,100,48MB,4000,335.55,tpcc,10,4,4
18GB,2,2,1,ON,0,1024,1,25,100,48MB,4000,352.70,tpcc,10,4,4
18GB,2,2,1,ON,1,1024,1,25,100,48MB,4000,331.51,tpcc,10,4,4
24GB,2,2,1,ON,0,1024,1,25,100,48MB,4000,349.54,tpcc,10,4,4
24GB,2,2,1,ON,1,1024,1,25,100,48MB,4000,325.52,tpcc,10,4,4
1GB,2,2,1,ON,1,100,1,25,100,48MB,4000,134.55,tpcc,10,4,4
1GB,2,2,1,ON,1,1024,1,25,100,48MB,4000,236.00,tpcc,10,4,4
1GB,2,2,1,ON,1,5000,1,25,100,48MB,4000,242.73,tpcc,10,4,4
1GB,2,2,1,ON,1,10000,1,25,100,48MB,4000,251.96,tpcc,10,4,4
2GB,2,2,1,ON,1,100,1,25,100,48MB,4000,395.20,tpcc,10,4,4
2GB,2,2,1,ON,1,1024,1,25,100,48MB,4000,377.41,tpcc,10,4,4
2GB,2,2,1,ON,1,5000,1,25,100,48MB,4000,356.03,tpcc,10,4,4
2GB,2,2,1,ON,1,10000,1,25,100,48MB,4000,327.94,tpcc,10,4,4
3GB,2,2,1,ON,1,100,1,25,100,48MB,4000,390.44,tpcc,10,4,4
3GB,2,2,1,ON,1,1024,1,25,100,48MB,4000,504.90,tpcc,10,4,4
3GB,2,2,1,ON,1,5000,1,25,100,48MB,4000,487.73,tpcc,10,4,4
3GB,2,2,1,ON,1,10000,1,25,100,48MB,4000,478.69,tpcc,10,4,4
4GB,2,2,1,ON,1,100,1,25,100,48MB,4000,484.97,tpcc,10,4,4
4GB,2,2,1,ON,1,1024,1,25,100,48MB,4000,476.43,tpcc,10,4,4
4GB,2,2,1,ON,1,5000,1,25,100,48MB,4000,479.25,tpcc,10,4,4
4GB,2,2,1,ON,1,10000,1,25,100,48MB,4000,478.78,tpcc,10,4,4
6GB,2,2,1,ON,1,100,1,25,100,48MB,4000,487.97,tpcc,10,4,4
6GB,2,2,1,ON,1,1024,1,25,100,48MB,4000,473.11,tpcc,10,4,4
6GB,2,2,1,ON,1,5000,1,25,100,48MB,4000,481.72,tpcc,10,4,4
6GB,2,2,1,ON,1,10000,1,25,100,48MB,4000,472.47,tpcc,10,4,4
8GB,2,2,1,ON,1,100,1,25,100,48MB,4000,471.64,tpcc,10,4,4
8GB,2,2,1,ON,1,1024,1,25,100,48MB,4000,470.70,tpcc,10,4,4
8GB,2,2,1,ON,1,5000,1,25,100,48MB,4000,463.79,tpcc,10,4,4
8GB,2,2,1,ON,1,10000,1,25,100,48MB,4000,467.04,tpcc,10,4,4
9GB,2,2,1,ON,1,100,1,25,100,48MB,4000,457.19,tpcc,10,4,4
9GB,2,2,1,ON,1,1024,1,25,100,48MB,4000,453.03,tpcc,10,4,4
9GB,2,2,1,ON,1,5000,1,25,100,48MB,4000,453.66,tpcc,10,4,4
9GB,2,2,1,ON,1,10000,1,25,100,48MB,4000,452.23,tpcc,10,4,4
12GB,2,2,1,ON,1,100,1,25,100,48MB,4000,444.64,tpcc,10,4,4
12GB,2,2,1,ON,1,1024,1,25,100,48MB,4000,448.83,tpcc,10,4,4
12GB,2,2,1,ON,1,5000,1,25,100,48MB,4000,446.79,tpcc,10,4,4
12GB,2,2,1,ON,1,10000,1,25,100,48MB,4000,446.76,tpcc,10,4,4
16GB,2,2,1,ON,1,100,1,25,100,48MB,4000,438.70,tpcc,10,4,4
16GB,2,2,1,ON,1,1024,1,25,100,48MB,4000,440.16,tpcc,10,4,4
16GB,2,2,1,ON,1,5000,1,25,100,48MB,4000,435.56,tpcc,10,4,4
16GB,2,2,1,ON,1,10000,1,25,100,48MB,4000,437.66,tpcc,10,4,4
18GB,2,2,1,ON,1,100,1,25,100,48MB,4000,434.44,tpcc,10,4,4
18GB,2,2,1,ON,1,1024,1,25,100,48MB,4000,440.50,tpcc,10,4,4
18GB,2,2,1,ON,1,5000,1,25,100,48MB,4000,436.08,tpcc,10,4,4
18GB,2,2,1,ON,1,10000,1,25,100,48MB,4000,432.92,tpcc,10,4,4
24GB,2,2,1,ON,1,100,1,25,100,48MB,4000,426.70,tpcc,10,4,4
24GB,2,2,1,ON,1,1024,1,25,100,48MB,4000,427.23,tpcc,10,4,4
24GB,2,2,1,ON,1,5000,1,25,100,48MB,4000,432.60,tpcc,10,4,4
24GB,2,2,1,ON,1,10000,1,25,100,48MB,4000,422.43,tpcc,10,4,4
1GB,2,2,1,ON,1,1024,1,25,100,48MB,4000,283.82,tpcc,10,4,4
1GB,2,2,1,ON,1,1024,2,25,100,48MB,4000,312.56,tpcc,10,4,4
1GB,2,2,1,ON,1,1024,4,25,100,48MB,4000,339.94,tpcc,10,4,4
1GB,2,2,1,ON,1,1024,8,25,100,48MB,4000,353.09,tpcc,10,4,4
2GB,2,2,1,ON,1,1024,1,25,100,48MB,4000,429.60,tpcc,10,4,4
2GB,2,2,1,ON,1,1024,2,25,100,48MB,4000,465.81,tpcc,10,4,4
2GB,2,2,1,ON,1,1024,4,25,100,48MB,4000,480.85,tpcc,10,4,4
2GB,2,2,1,ON,1,1024,8,25,100,48MB,4000,465.89,tpcc,10,4,4
3GB,2,2,1,ON,1,1024,1,25,100,48MB,4000,416.10,tpcc,10,4,4
3GB,2,2,1,ON,1,1024,2,25,100,48MB,4000,454.33,tpcc,10,4,4
3GB,2,2,1,ON,1,1024,4,25,100,48MB,4000,482.64,tpcc,10,4,4
3GB,2,2,1,ON,1,1024,8,25,100,48MB,4000,477.83,tpcc,10,4,4
4GB,2,2,1,ON,1,1024,1,25,100,48MB,4000,402.22,tpcc,10,4,4
4GB,2,2,1,ON,1,1024,2,25,100,48MB,4000,437.45,tpcc,10,4,4
4GB,2,2,1,ON,1,1024,4,25,100,48MB,4000,467.86,tpcc,10,4,4
4GB,2,2,1,ON,1,1024,8,25,100,48MB,4000,465.89,tpcc,10,4,4
6GB,2,2,1,ON,1,1024,1,25,100,48MB,4000,401.04,tpcc,10,4,4
6GB,2,2,1,ON,1,1024,2,25,100,48MB,4000,438.52,tpcc,10,4,4
6GB,2,2,1,ON,1,1024,4,25,100,48MB,4000,479.58,tpcc,10,4,4
6GB,2,2,1,ON,1,1024,8,25,100,48MB,4000,474.78,tpcc,10,4,4
8GB,2,2,1,ON,1,1024,1,25,100,48MB,4000,396.55,tpcc,10,4,4
8GB,2,2,1,ON,1,1024,2,25,100,48MB,4000,440.53,tpcc,10,4,4
8GB,2,2,1,ON,1,1024,4,25,100,48MB,4000,470.68,tpcc,10,4,4
8GB,2,2,1,ON,1,1024,8,25,100,48MB,4000,472.25,tpcc,10,4,4
9GB,2,2,1,ON,1,1024,1,25,100,48MB,4000,393.57,tpcc,10,4,4
9GB,2,2,1,ON,1,1024,2,25,100,48MB,4000,441.81,tpcc,10,4,4
9GB,2,2,1,ON,1,1024,4,25,100,48MB,4000,470.66,tpcc,10,4,4
9GB,2,2,1,ON,1,1024,8,25,100,48MB,4000,469.42,tpcc,10,4,4
12GB,2,2,1,ON,1,1024,1,25,100,48MB,4000,390.13,tpcc,10,4,4
12GB,2,2,1,ON,1,1024,2,25,100,48MB,4000,439.36,tpcc,10,4,4
12GB,2,2,1,ON,1,1024,4,25,100,48MB,4000,470.73,tpcc,10,4,4
12GB,2,2,1,ON,1,1024,8,25,100,48MB,4000,464.99,tpcc,10,4,4
16GB,2,2,1,ON,1,1024,1,25,100,48MB,4000,389.53,tpcc,10,4,4
16GB,2,2,1,ON,1,1024,2,25,100,48MB,4000,432.85,tpcc,10,4,4
16GB,2,2,1,ON,1,1024,4,25,100,48MB,4000,460.15,tpcc,10,4,4
16GB,2,2,1,ON,1,1024,8,25,100,48MB,4000,457.42,tpcc,10,4,4
18GB,2,2,1,ON,1,1024,1,25,100,48MB,4000,382.72,tpcc,10,4,4
18GB,2,2,1,ON,1,1024,2,25,100,48MB,4000,428.15,tpcc,10,4,4
18GB,2,2,1,ON,1,1024,4,25,100,48MB,4000,459.73,tpcc,10,4,4
18GB,2,2,1,ON,1,1024,8,25,100,48MB,4000,449.33,tpcc,10,4,4
24GB,2,2,1,ON,1,1024,1,25,100,48MB,4000,377.02,tpcc,10,4,4
24GB,2,2,1,ON,1,1024,2,25,100,48MB,4000,420.34,tpcc,10,4,4
24GB,2,2,1,ON,1,1024,4,25,100,48MB,4000,456.62,tpcc,10,4,4
24GB,2,2,1,ON,1,1024,8,25,100,48MB,4000,449.55,tpcc,10,4,4
1GB,2,2,1,ON,1,1024,1,0,100,48MB,4000,156.10,tpcc,10,4,4
1GB,2,2,1,ON,1,1024,1,10,100,48MB,4000,311.68,tpcc,10,4,4
1GB,2,2,1,ON,1,1024,1,25,100,48MB,4000,304.58,tpcc,10,4,4
1GB,2,2,1,ON,1,1024,1,50,100,48MB,4000,285.03,tpcc,10,4,4
2GB,2,2,1,ON,1,1024,1,0,100,48MB,4000,229.10,tpcc,10,4,4
2GB,2,2,1,ON,1,1024,1,10,100,48MB,4000,492.32,tpcc,10,4,4
2GB,2,2,1,ON,1,1024,1,25,100,48MB,4000,471.41,tpcc,10,4,4
2GB,2,2,1,ON,1,1024,1,50,100,48MB,4000,445.26,tpcc,10,4,4
3GB,2,2,1,ON,1,1024,1,0,100,48MB,4000,273.39,tpcc,10,4,4
3GB,2,2,1,ON,1,1024,1,10,100,48MB,4000,472.96,tpcc,10,4,4
3GB,2,2,1,ON,1,1024,1,25,100,48MB,4000,484.00,tpcc,10,4,4
3GB,2,2,1,ON,1,1024,1,50,100,48MB,4000,459.28,tpcc,10,4,4
4GB,2,2,1,ON,1,1024,1,0,100,48MB,4000,298.39,tpcc,10,4,4
4GB,2,2,1,ON,1,1024,1,10,100,48MB,4000,435.00,tpcc,10,4,4
4GB,2,2,1,ON,1,1024,1,25,100,48MB,4000,471.16,tpcc,10,4,4
4GB,2,2,1,ON,1,1024,1,50,100,48MB,4000,449.14,tpcc,10,4,4
6GB,2,2,1,ON,1,1024,1,0,100,48MB,4000,303.43,tpcc,10,4,4
6GB,2,2,1,ON,1,1024,1,10,100,48MB,4000,422.46,tpcc,10,4,4
6GB,2,2,1,ON,1,1024,1,25,100,48MB,4000,441.90,tpcc,10,4,4
6GB,2,2,1,ON,1,1024,1,50,100,48MB,4000,443.89,tpcc,10,4,4
8GB,2,2,1,ON,1,1024,1,0,100,48MB,4000,311.36,tpcc,10,4,4
8GB,2,2,1,ON,1,1024,1,10,100,48MB,4000,424.46,tpcc,10,4,4
8GB,2,2,1,ON,1,1024,1,25,100,48MB,4000,437.40,tpcc,10,4,4
8GB,2,2,1,ON,1,1024,1,50,100,48MB,4000,441.68,tpcc,10,4,4
9GB,2,2,1,ON,1,1024,1,0,100,48MB,4000,299.72,tpcc,10,4,4
9GB,2,2,1,ON,1,1024,1,10,100,48MB,4000,426.56,tpcc,10,4,4
9GB,2,2,1,ON,1,1024,1,25,100,48MB,4000,431.32,tpcc,10,4,4
9GB,2,2,1,ON,1,1024,1,50,100,48MB,4000,444.80,tpcc,10,4,4
12GB,2,2,1,ON,1,1024,1,0,100,48MB,4000,301.17,tpcc,10,4,4
12GB,2,2,1,ON,1,1024,1,10,100,48MB,4000,430.81,tpcc,10,4,4
12GB,2,2,1,ON,1,1024,1,25,100,48MB,4000,442.94,tpcc,10,4,4
12GB,2,2,1,ON,1,1024,1,50,100,48MB,4000,447.36,tpcc,10,4,4
16GB,2,2,1,ON,1,1024,1,0,100,48MB,4000,295.58,tpcc,10,4,4
16GB,2,2,1,ON,1,1024,1,10,100,48MB,4000,423.72,tpcc,10,4,4
16GB,2,2,1,ON,1,1024,1,25,100,48MB,4000,438.25,tpcc,10,4,4
16GB,2,2,1,ON,1,1024,1,50,100,48MB,4000,444.97,tpcc,10,4,4
18GB,2,2,1,ON,1,1024,1,0,100,48MB,4000,296.80,tpcc,10,4,4
18GB,2,2,1,ON,1,1024,1,10,100,48MB,4000,419.85,tpcc,10,4,4
18GB,2,2,1,ON,1,1024,1,25,100,48MB,4000,436.85,tpcc,10,4,4
18GB,2,2,1,ON,1,1024,1,50,100,48MB,4000,446.87,tpcc,10,4,4
24GB,2,2,1,ON,1,1024,1,0,100,48MB,4000,290.44,tpcc,10,4,4
24GB,2,2,1,ON,1,1024,1,10,100,48MB,4000,422.59,tpcc,10,4,4
24GB,2,2,1,ON,1,1024,1,25,100,48MB,4000,434.19,tpcc,10,4,4
24GB,2,2,1,ON,1,1024,1,50,100,48MB,4000,448.46,tpcc,10,4,4
1GB,2,2,1,ON,1,1024,1,25,100,48MB,4000,273.99,tpcc,10,4,4
1GB,2,2,1,ON,1,1024,1,25,5000,48MB,4000,241.92,tpcc,10,4,4
1GB,2,2,1,ON,1,1024,1,25,10000,48MB,4000,244.18,tpcc,10,4,4
1GB,2,2,1,ON,1,1024,1,25,20000,48MB,4000,223.17,tpcc,10,4,4
2GB,2,2,1,ON,1,1024,1,25,100,48MB,4000,489.12,tpcc,10,4,4
2GB,2,2,1,ON,1,1024,1,25,5000,48MB,4000,409.67,tpcc,10,4,4
2GB,2,2,1,ON,1,1024,1,25,10000,48MB,4000,369.70,tpcc,10,4,4
2GB,2,2,1,ON,1,1024,1,25,20000,48MB,4000,351.62,tpcc,10,4,4
3GB,2,2,1,ON,1,1024,1,25,100,48MB,4000,497.89,tpcc,10,4,4
3GB,2,2,1,ON,1,1024,1,25,5000,48MB,4000,419.07,tpcc,10,4,4
3GB,2,2,1,ON,1,1024,1,25,10000,48MB,4000,369.17,tpcc,10,4,4
3GB,2,2,1,ON,1,1024,1,25,20000,48MB,4000,364.14,tpcc,10,4,4
4GB,2,2,1,ON,1,1024,1,25,100,48MB,4000,480.49,tpcc,10,4,4
4GB,2,2,1,ON,1,1024,1,25,5000,48MB,4000,399.50,tpcc,10,4,4
4GB,2,2,1,ON,1,1024,1,25,10000,48MB,4000,348.32,tpcc,10,4,4
4GB,2,2,1,ON,1,1024,1,25,20000,48MB,4000,320.70,tpcc,10,4,4
6GB,2,2,1,ON,1,1024,1,25,100,48MB,4000,450.08,tpcc,10,4,4
6GB,2,2,1,ON,1,1024,1,25,5000,48MB,4000,398.48,tpcc,10,4,4
6GB,2,2,1,ON,1,1024,1,25,10000,48MB,4000,335.52,tpcc,10,4,4
6GB,2,2,1,ON,1,1024,1,25,20000,48MB,4000,342.43,tpcc,10,4,4
8GB,2,2,1,ON,1,1024,1,25,100,48MB,4000,434.24,tpcc,10,4,4
8GB,2,2,1,ON,1,1024,1,25,5000,48MB,4000,389.58,tpcc,10,4,4
8GB,2,2,1,ON,1,1024,1,25,10000,48MB,4000,339.18,tpcc,10,4,4
8GB,2,2,1,ON,1,1024,1,25,20000,48MB,4000,348.44,tpcc,10,4,4
9GB,2,2,1,ON,1,1024,1,25,100,48MB,4000,408.25,tpcc,10,4,4
9GB,2,2,1,ON,1,1024,1,25,5000,48MB,4000,380.77,tpcc,10,4,4
9GB,2,2,1,ON,1,1024,1,25,10000,48MB,4000,342.92,tpcc,10,4,4
9GB,2,2,1,ON,1,1024,1,25,20000,48MB,4000,350.55,tpcc,10,4,4
12GB,2,2,1,ON,1,1024,1,25,100,48MB,4000,402.66,tpcc,10,4,4
12GB,2,2,1,ON,1,1024,1,25,5000,48MB,4000,386.30,tpcc,10,4,4
12GB,2,2,1,ON,1,1024,1,25,10000,48MB,4000,337.84,tpcc,10,4,4
12GB,2,2,1,ON,1,1024,1,25,20000,48MB,4000,347.05,tpcc,10,4,4
16GB,2,2,1,ON,1,1024,1,25,100,48MB,4000,400.17,tpcc,10,4,4
16GB,2,2,1,ON,1,1024,1,25,5000,48MB,4000,384.79,tpcc,10,4,4
16GB,2,2,1,ON,1,1024,1,25,10000,48MB,4000,335.10,tpcc,10,4,4
16GB,2,2,1,ON,1,1024,1,25,20000,48MB,4000,347.78,tpcc,10,4,4
18GB,2,2,1,ON,1,1024,1,25,100,48MB,4000,404.34,tpcc,10,4,4
18GB,2,2,1,ON,1,1024,1,25,5000,48MB,4000,387.43,tpcc,10,4,4
18GB,2,2,1,ON,1,1024,1,25,10000,48MB,4000,334.00,tpcc,10,4,4
18GB,2,2,1,ON,1,1024,1,25,20000,48MB,4000,339.91,tpcc,10,4,4
24GB,2,2,1,ON,1,1024,1,25,100,48MB,4000,402.35,tpcc,10,4,4
24GB,2,2,1,ON,1,1024,1,25,5000,48MB,4000,386.64,tpcc,10,4,4
24GB,2,2,1,ON,1,1024,1,25,10000,48MB,4000,335.02,tpcc,10,4,4
24GB,2,2,1,ON,1,1024,1,25,20000,48MB,4000,336.24,tpcc,10,4,4
1GB,2,2,1,ON,1,1024,1,25,100,4MB,4000,207.29,tpcc,10,4,4
1GB,2,2,1,ON,1,1024,1,25,100,48MB,4000,313.81,tpcc,10,4,4
1GB,2,2,1,ON,1,1024,1,25,100,512MB,4000,325.65,tpcc,10,4,4
1GB,2,2,1,ON,1,1024,1,25,100,5GB,4000,297.06,tpcc,10,4,4
2GB,2,2,1,ON,1,1024,1,25,100,4MB,4000,154.10,tpcc,10,4,4
2GB,2,2,1,ON,1,1024,1,25,100,48MB,4000,419.10,tpcc,10,4,4
2GB,2,2,1,ON,1,1024,1,25,100,512MB,4000,459.83,tpcc,10,4,4
2GB,2,2,1,ON,1,1024,1,25,100,5GB,4000,440.89,tpcc,10,4,4
3GB,2,2,1,ON,1,1024,1,25,100,4MB,4000,151.78,tpcc,10,4,4
3GB,2,2,1,ON,1,1024,1,25,100,48MB,4000,398.05,tpcc,10,4,4
3GB,2,2,1,ON,1,1024,1,25,100,512MB,4000,612.89,tpcc,10,4,4
3GB,2,2,1,ON,1,1024,1,25,100,5GB,4000,618.30,tpcc,10,4,4
4GB,2,2,1,ON,1,1024,1,25,100,4MB,4000,148.39,tpcc,10,4,4
4GB,2,2,1,ON,1,1024,1,25,100,48MB,4000,365.22,tpcc,10,4,4
4GB,2,2,1,ON,1,1024,1,25,100,512MB,4000,716.75,tpcc,10,4,4
4GB,2,2,1,ON,1,1024,1,25,100,5GB,4000,738.99,tpcc,10,4,4
6GB,2,2,1,ON,1,1024,1,25,100,4MB,4000,146.38,tpcc,10,4,4
6GB,2,2,1,ON,1,1024,1,25,100,48MB,4000,346.88,tpcc,10,4,4
6GB,2,2,1,ON,1,1024,1,25,100,512MB,4000,739.16,tpcc,10,4,4
6GB,2,2,1,ON,1,1024,1,25,100,5GB,4000,788.22,tpcc,10,4,4
8GB,2,2,1,ON,1,1024,1,25,100,4MB,4000,147.09,tpcc,10,4,4
8GB,2,2,1,ON,1,1024,1,25,100,48MB,4000,337.51,tpcc,10,4,4
8GB,2,2,1,ON,1,1024,1,25,100,512MB,4000,735.76,tpcc,10,4,4
8GB,2,2,1,ON,1,1024,1,25,100,5GB,4000,781.54,tpcc,10,4,4
9GB,2,2,1,ON,1,1024,1,25,100,4MB,4000,147.11,tpcc,10,4,4
9GB,2,2,1,ON,1,1024,1,25,100,48MB,4000,328.35,tpcc,10,4,4
9GB,2,2,1,ON,1,1024,1,25,100,512MB,4000,723.06,tpcc,10,4,4
9GB,2,2,1,ON,1,1024,1,25,100,5GB,4000,771.37,tpcc,10,4,4
12GB,2,2,1,ON,1,1024,1,25,100,4MB,4000,147.34,tpcc,10,4,4
12GB,2,2,1,ON,1,1024,1,25,100,48MB,4000,311.24,tpcc,10,4,4
12GB,2,2,1,ON,1,1024,1,25,100,512MB,4000,720.73,tpcc,10,4,4
12GB,2,2,1,ON,1,1024,1,25,100,5GB,4000,775.59,tpcc,10,4,4
16GB,2,2,1,ON,1,1024,1,25,100,4MB,4000,147.33,tpcc,10,4,4
16GB,2,2,1,ON,1,1024,1,25,100,48MB,4000,311.82,tpcc,10,4,4
16GB,2,2,1,ON,1,1024,1,25,100,512MB,4000,716.85,tpcc,10,4,4
18GB,2,2,1,ON,1,1024,1,25,100,48MB,4000,529.02,tpcc,10,4,4
18GB,2,2,1,ON,1,1024,1,25,100,512MB,4000,845.47,tpcc,10,4,4
18GB,2,2,1,ON,1,1024,1,25,100,5GB,4000,901.71,tpcc,10,4,4
24GB,2,2,1,ON,1,1024,1,25,100,4MB,4000,191.85,tpcc,10,4,4
24GB,2,2,1,ON,1,1024,1,25,100,48MB,4000,513.38,tpcc,10,4,4
24GB,2,2,1,ON,1,1024,1,25,100,512MB,4000,845.55,tpcc,10,4,4
24GB,2,2,1,ON,1,1024,1,25,100,5GB,4000,887.65,tpcc,10,4,4
1GB,2,2,1,ON,1,1024,1,25,100,48MB,1,323.84,tpcc,10,4,4
1GB,2,2,1,ON,1,1024,1,25,100,48MB,1000,338.70,tpcc,10,4,4
1GB,2,2,1,ON,1,1024,1,25,100,48MB,2000,316.30,tpcc,10,4,4
1GB,2,2,1,ON,1,1024,1,25,100,48MB,4000,304.48,tpcc,10,4,4
2GB,2,2,1,ON,1,1024,1,25,100,48MB,1,424.41,tpcc,10,4,4
2GB,2,2,1,ON,1,1024,1,25,100,48MB,1000,439.08,tpcc,10,4,4
2GB,2,2,1,ON,1,1024,1,25,100,48MB,2000,440.88,tpcc,10,4,4
2GB,2,2,1,ON,1,1024,1,25,100,48MB,4000,440.51,tpcc,10,4,4
3GB,2,2,1,ON,1,1024,1,25,100,48MB,1,431.66,tpcc,10,4,4
3GB,2,2,1,ON,1,1024,1,25,100,48MB,1000,449.37,tpcc,10,4,4
3GB,2,2,1,ON,1,1024,1,25,100,48MB,2000,446.00,tpcc,10,4,4
3GB,2,2,1,ON,1,1024,1,25,100,48MB,4000,455.43,tpcc,10,4,4
4GB,2,2,1,ON,1,1024,1,25,100,48MB,1,423.36,tpcc,10,4,4
4GB,2,2,1,ON,1,1024,1,25,100,48MB,1000,439.68,tpcc,10,4,4
4GB,2,2,1,ON,1,1024,1,25,100,48MB,2000,444.30,tpcc,10,4,4
4GB,2,2,1,ON,1,1024,1,25,100,48MB,4000,443.97,tpcc,10,4,4
6GB,2,2,1,ON,1,1024,1,25,100,48MB,1,414.99,tpcc,10,4,4
6GB,2,2,1,ON,1,1024,1,25,100,48MB,1000,439.42,tpcc,10,4,4
6GB,2,2,1,ON,1,1024,1,25,100,48MB,2000,437.83,tpcc,10,4,4
6GB,2,2,1,ON,1,1024,1,25,100,48MB,4000,441.87,tpcc,10,4,4
8GB,2,2,1,ON,1,1024,1,25,100,48MB,1,422.17,tpcc,10,4,4
8GB,2,2,1,ON,1,1024,1,25,100,48MB,1000,436.55,tpcc,10,4,4
8GB,2,2,1,ON,1,1024,1,25,100,48MB,2000,437.37,tpcc,10,4,4
8GB,2,2,1,ON,1,1024,1,25,100,48MB,4000,438.85,tpcc,10,4,4
9GB,2,2,1,ON,1,1024,1,25,100,48MB,1,414.23,tpcc,10,4,4
9GB,2,2,1,ON,1,1024,1,25,100,48MB,1000,430.39,tpcc,10,4,4
9GB,2,2,1,ON,1,1024,1,25,100,48MB,2000,429.56,tpcc,10,4,4
9GB,2,2,1,ON,1,1024,1,25,100,48MB,4000,431.33,tpcc,10,4,4
12GB,2,2,1,ON,1,1024,1,25,100,48MB,1,410.12,tpcc,10,4,4
12GB,2,2,1,ON,1,1024,1,25,100,48MB,1000,427.55,tpcc,10,4,4
12GB,2,2,1,ON,1,1024,1,25,100,48MB,2000,429.52,tpcc,10,4,4
12GB,2,2,1,ON,1,1024,1,25,100,48MB,4000,427.26,tpcc,10,4,4
16GB,2,2,1,ON,1,1024,1,25,100,48MB,1,405.90,tpcc,10,4,4
16GB,2,2,1,ON,1,1024,1,25,100,48MB,1000,423.89,tpcc,10,4,4
16GB,2,2,1,ON,1,1024,1,25,100,48MB,2000,419.63,tpcc,10,4,4
16GB,2,2,1,ON,1,1024,1,25,100,48MB,4000,414.49,tpcc,10,4,4
18GB,2,2,1,ON,1,1024,1,25,100,48MB,1,403.47,tpcc,10,4,4
18GB,2,2,1,ON,1,1024,1,25,100,48MB,1000,411.19,tpcc,10,4,4
18GB,2,2,1,ON,1,1024,1,25,100,48MB,2000,407.99,tpcc,10,4,4
18GB,2,2,1,ON,1,1024,1,25,100,48MB,4000,413.77,tpcc,10,4,4
24GB,2,2,1,ON,1,1024,1,25,100,48MB,1,391.79,tpcc,10,4,4
24GB,2,2,1,ON,1,1024,1,25,100,48MB,1000,410.47,tpcc,10,4,4
24GB,2,2,1,ON,1,1024,1,25,100,48MB,2000,408.20,tpcc,10,4,4
24GB,2,2,1,ON,1,1024,1,25,100,48MB,4000,406.45,tpcc,10,4,4
1GB,1,1,1,ON,1,1024,1,25,100,48MB,4000,228.71,tpcc,10,4,4
1GB,1,2,1,ON,1,1024,1,25,100,48MB,4000,265.96,tpcc,10,4,4
1GB,1,3,1,ON,1,1024,1,25,100,48MB,4000,296.73,tpcc,10,4,4
1GB,1,7,1,ON,1,1024,1,25,100,48MB,4000,374.88,tpcc,10,4,4
1GB,1,15,1,ON,1,1024,1,25,100,48MB,4000,437.10,tpcc,10,4,4
1GB,1,23,1,ON,1,1024,1,25,100,48MB,4000,464.33,tpcc,10,4,4
1GB,2,1,1,ON,1,1024,1,25,100,48MB,4000,227.10,tpcc,10,4,4
1GB,2,2,1,ON,1,1024,1,25,100,48MB,4000,265.08,tpcc,10,4,4
1GB,2,3,1,ON,1,1024,1,25,100,48MB,4000,293.38,tpcc,10,4,4
1GB,2,7,1,ON,1,1024,1,25,100,48MB,4000,364.56,tpcc,10,4,4
1GB,2,15,1,ON,1,1024,1,25,100,48MB,4000,430.58,tpcc,10,4,4
1GB,3,1,1,ON,1,1024,1,25,100,48MB,4000,230.28,tpcc,10,4,4
1GB,3,2,1,ON,1,1024,1,25,100,48MB,4000,261.05,tpcc,10,4,4
1GB,3,3,1,ON,1,1024,1,25,100,48MB,4000,289.30,tpcc,10,4,4
1GB,3,7,1,ON,1,1024,1,25,100,48MB,4000,365.61,tpcc,10,4,4
1GB,3,15,1,ON,1,1024,1,25,100,48MB,4000,428.44,tpcc,10,4,4
1GB,7,1,1,ON,1,1024,1,25,100,48MB,4000,226.34,tpcc,10,4,4
1GB,7,2,1,ON,1,1024,1,25,100,48MB,4000,262.20,tpcc,10,4,4
1GB,7,3,1,ON,1,1024,1,25,100,48MB,4000,288.41,tpcc,10,4,4
1GB,7,7,1,ON,1,1024,1,25,100,48MB,4000,362.16,tpcc,10,4,4
1GB,7,15,1,ON,1,1024,1,25,100,48MB,4000,427.54,tpcc,10,4,4
1GB,15,1,1,ON,1,1024,1,25,100,48MB,4000,223.55,tpcc,10,4,4
1GB,15,2,1,ON,1,1024,1,25,100,48MB,4000,257.13,tpcc,10,4,4
1GB,15,3,1,ON,1,1024,1,25,100,48MB,4000,285.51,tpcc,10,4,4
1GB,15,7,1,ON,1,1024,1,25,100,48MB,4000,362.12,tpcc,10,4,4
1GB,23,1,1,ON,1,1024,1,25,100,48MB,4000,227.47,tpcc,10,4,4
1GB,1,2,0,ON,1,1024,1,25,100,48MB,4000,296.14,tpcc,10,4,4
1GB,1,2,1,ON,1,1024,1,25,100,48MB,4000,257.73,tpcc,10,4,4
1GB,1,2,2,ON,1,1024,1,25,100,48MB,4000,300.73,tpcc,10,4,4
1GB,2,2,0,ON,1,1024,1,25,100,48MB,4000,296.68,tpcc,10,4,4
1GB,2,2,1,ON,1,1024,1,25,100,48MB,4000,256.89,tpcc,10,4,4
1GB,2,2,2,ON,1,1024,1,25,100,48MB,4000,297.93,tpcc,10,4,4
1GB,3,2,0,ON,1,1024,1,25,100,48MB,4000,300.68,tpcc,10,4,4
1GB,3,2,1,ON,1,1024,1,25,100,48MB,4000,253.76,tpcc,10,4,4
1GB,3,2,2,ON,1,1024,1,25,100,48MB,4000,297.82,tpcc,10,4,4
1GB,7,2,0,ON,1,1024,1,25,100,48MB,4000,296.69,tpcc,10,4,4
1GB,7,2,1,ON,1,1024,1,25,100,48MB,4000,254.17,tpcc,10,4,4
1GB,7,2,2,ON,1,1024,1,25,100,48MB,4000,296.39,tpcc,10,4,4
1GB,15,2,0,ON,1,1024,1,25,100,48MB,4000,294.11,tpcc,10,4,4
1GB,15,2,1,ON,1,1024,1,25,100,48MB,4000,250.05,tpcc,10,4,4
1GB,15,2,2,ON,1,1024,1,25,100,48MB,4000,291.27,tpcc,10,4,4
1GB,1,2,1,ON,1,1024,1,25,100,48MB,4000,252.95,tpcc,10,4,4
1GB,1,2,1,OFF,1,1024,1,25,100,48MB,4000,263.46,tpcc,10,4,4
1GB,2,2,1,ON,1,1024,1,25,100,48MB,4000,253.01,tpcc,10,4,4
1GB,2,2,1,OFF,1,1024,1,25,100,48MB,4000,259.07,tpcc,10,4,4
1GB,3,2,1,ON,1,1024,1,25,100,48MB,4000,251.34,tpcc,10,4,4
1GB,3,2,1,OFF,1,1024,1,25,100,48MB,4000,265.64,tpcc,10,4,4
1GB,7,2,1,ON,1,1024,1,25,100,48MB,4000,253.36,tpcc,10,4,4
1GB,7,2,1,OFF,1,1024,1,25,100,48MB,4000,259.75,tpcc,10,4,4
1GB,15,2,1,ON,1,1024,1,25,100,48MB,4000,252.73,tpcc,10,4,4
1GB,15,2,1,OFF,1,1024,1,25,100,48MB,4000,258.61,tpcc,10,4,4
1GB,1,2,1,ON,0,1024,1,25,100,48MB,4000,261.54,tpcc,10,4,4
1GB,1,2,1,ON,1,1024,1,25,100,48MB,4000,249.76,tpcc,10,4,4
1GB,2,2,1,ON,0,1024,1,25,100,48MB,4000,267.68,tpcc,10,4,4
1GB,2,2,1,ON,1,1024,1,25,100,48MB,4000,250.89,tpcc,10,4,4
1GB,3,2,1,ON,0,1024,1,25,100,48MB,4000,264.15,tpcc,10,4,4
1GB,3,2,1,ON,1,1024,1,25,100,48MB,4000,250.75,tpcc,10,4,4
1GB,7,2,1,ON,0,1024,1,25,100,48MB,4000,262.35,tpcc,10,4,4
1GB,7,2,1,ON,1,1024,1,25,100,48MB,4000,250.19,tpcc,10,4,4
1GB,15,2,1,ON,0,1024,1,25,100,48MB,4000,263.39,tpcc,10,4,4
1GB,15,2,1,ON,1,1024,1,25,100,48MB,4000,253.51,tpcc,10,4,4
1GB,1,2,1,ON,1,100,1,25,100,48MB,4000,243.95,tpcc,10,4,4
1GB,1,2,1,ON,1,1024,1,25,100,48MB,4000,249.50,tpcc,10,4,4
1GB,1,2,1,ON,1,5000,1,25,100,48MB,4000,261.97,tpcc,10,4,4
1GB,1,2,1,ON,1,10000,1,25,100,48MB,4000,256.40,tpcc,10,4,4
1GB,2,2,1,ON,1,100,1,25,100,48MB,4000,244.01,tpcc,10,4,4
1GB,2,2,1,ON,1,1024,1,25,100,48MB,4000,248.22,tpcc,10,4,4
1GB,2,2,1,ON,1,5000,1,25,100,48MB,4000,253.61,tpcc,10,4,4
1GB,2,2,1,ON,1,10000,1,25,100,48MB,4000,249.61,tpcc,10,4,4
1GB,3,2,1,ON,1,100,1,25,100,48MB,4000,243.14,tpcc,10,4,4
1GB,3,2,1,ON,1,1024,1,25,100,48MB,4000,246.58,tpcc,10,4,4
1GB,3,2,1,ON,1,5000,1,25,100,48MB,4000,255.56,tpcc,10,4,4
1GB,3,2,1,ON,1,10000,1,25,100,48MB,4000,250.91,tpcc,10,4,4
1GB,7,2,1,ON,1,100,1,25,100,48MB,4000,243.59,tpcc,10,4,4
1GB,7,2,1,ON,1,1024,1,25,100,48MB,4000,247.57,tpcc,10,4,4
1GB,7,2,1,ON,1,5000,1,25,100,48MB,4000,257.46,tpcc,10,4,4
1GB,7,2,1,ON,1,10000,1,25,100,48MB,4000,255.92,tpcc,10,4,4
1GB,15,2,1,ON,1,100,1,25,100,48MB,4000,243.19,tpcc,10,4,4
1GB,15,2,1,ON,1,1024,1,25,100,48MB,4000,248.15,tpcc,10,4,4
1GB,15,2,1,ON,1,5000,1,25,100,48MB,4000,253.68,tpcc,10,4,4
1GB,15,2,1,ON,1,10000,1,25,100,48MB,4000,251.84,tpcc,10,4,4
1GB,1,2,1,ON,1,1024,1,25,100,48MB,4000,244.89,tpcc,10,4,4
1GB,1,2,1,ON,1,1024,2,25,100,48MB,4000,272.21,tpcc,10,4,4
1GB,1,2,1,ON,1,1024,4,25,100,48MB,4000,292.38,tpcc,10,4,4
1GB,1,2,1,ON,1,1024,8,25,100,48MB,4000,310.33,tpcc,10,4,4
1GB,2,2,1,ON,1,1024,1,25,100,48MB,4000,244.30,tpcc,10,4,4
1GB,2,2,1,ON,1,1024,2,25,100,48MB,4000,269.65,tpcc,10,4,4
1GB,2,2,1,ON,1,1024,4,25,100,48MB,4000,295.65,tpcc,10,4,4
1GB,2,2,1,ON,1,1024,8,25,100,48MB,4000,308.01,tpcc,10,4,4
1GB,3,2,1,ON,1,1024,1,25,100,48MB,4000,239.30,tpcc,10,4,4
1GB,3,2,1,ON,1,1024,2,25,100,48MB,4000,268.98,tpcc,10,4,4
1GB,3,2,1,ON,1,1024,4,25,100,48MB,4000,294.38,tpcc,10,4,4
1GB,3,2,1,ON,1,1024,8,25,100,48MB,4000,305.84,tpcc,10,4,4
1GB,7,2,1,ON,1,1024,1,25,100,48MB,4000,240.88,tpcc,10,4,4
1GB,7,2,1,ON,1,1024,2,25,100,48MB,4000,266.89,tpcc,10,4,4
1GB,7,2,1,ON,1,1024,4,25,100,48MB,4000,290.23,tpcc,10,4,4
1GB,7,2,1,ON,1,1024,8,25,100,48MB,4000,307.87,tpcc,10,4,4
1GB,15,2,1,ON,1,1024,1,25,100,48MB,4000,240.38,tpcc,10,4,4
1GB,15,2,1,ON,1,1024,2,25,100,48MB,4000,265.29,tpcc,10,4,4
1GB,15,2,1,ON,1,1024,4,25,100,48MB,4000,290.92,tpcc,10,4,4
1GB,15,2,1,ON,1,1024,8,25,100,48MB,4000,304.34,tpcc,10,4,4
1GB,1,2,1,ON,1,1024,1,0,100,48MB,4000,153.42,tpcc,10,4,4
1GB,1,2,1,ON,1,1024,1,10,100,48MB,4000,305.73,tpcc,10,4,4
1GB,1,2,1,ON,1,1024,1,25,100,48MB,4000,294.52,tpcc,10,4,4
1GB,1,2,1,ON,1,1024,1,50,100,48MB,4000,281.88,tpcc,10,4,4
1GB,2,2,1,ON,1,1024,1,0,100,48MB,4000,160.05,tpcc,10,4,4
1GB,2,2,1,ON,1,1024,1,10,100,48MB,4000,318.26,tpcc,10,4,4
1GB,2,2,1,ON,1,1024,1,25,100,48MB,4000,306.14,tpcc,10,4,4
1GB,2,2,1,ON,1,1024,1,50,100,48MB,4000,284.59,tpcc,10,4,4
1GB,3,2,1,ON,1,1024,1,0,100,48MB,4000,160.23,tpcc,10,4,4
1GB,3,2,1,ON,1,1024,1,10,100,48MB,4000,315.14,tpcc,10,4,4
1GB,3,2,1,ON,1,1024,1,25,100,48MB,4000,302.58,tpcc,10,4,4
1GB,3,2,1,ON,1,1024,1,50,100,48MB,4000,282.72,tpcc,10,4,4
1GB,7,2,1,ON,1,1024,1,0,100,48MB,4000,161.10,tpcc,10,4,4
1GB,7,2,1,ON,1,1024,1,10,100,48MB,4000,313.03,tpcc,10,4,4
1GB,7,2,1,ON,1,1024,1,25,100,48MB,4000,300.63,tpcc,10,4,4
1GB,7,2,1,ON,1,1024,1,50,100,48MB,4000,287.42,tpcc,10,4,4
1GB,15,2,1,ON,1,1024,1,0,100,48MB,4000,162.71,tpcc,10,4,4
1GB,15,2,1,ON,1,1024,1,10,100,48MB,4000,311.50,tpcc,10,4,4
1GB,15,2,1,ON,1,1024,1,25,100,48MB,4000,302.98,tpcc,10,4,4
1GB,15,2,1,ON,1,1024,1,50,100,48MB,4000,287.27,tpcc,10,4,4
1GB,1,2,1,ON,1,1024,1,25,100,48MB,4000,267.33,tpcc,10,4,4
1GB,1,2,1,ON,1,1024,1,25,5000,48MB,4000,236.22,tpcc,10,4,4
1GB,1,2,1,ON,1,1024,1,25,10000,48MB,4000,242.20,tpcc,10,4,4
1GB,1,2,1,ON,1,1024,1,25,20000,48MB,4000,220.61,tpcc,10,4,4
1GB,2,2,1,ON,1,1024,1,25,100,48MB,4000,321.29,tpcc,10,4,4
1GB,2,2,1,ON,1,1024,1,25,5000,48MB,4000,272.43,tpcc,10,4,4
1GB,2,2,1,ON,1,1024,1,25,10000,48MB,4000,244.26,tpcc,10,4,4
1GB,2,2,1,ON,1,1024,1,25,20000,48MB,4000,218.27,tpcc,10,4,4
1GB,3,2,1,ON,1,1024,1,25,100,48MB,4000,330.76,tpcc,10,4,4
1GB,3,2,1,ON,1,1024,1,25,5000,48MB,4000,269.82,tpcc,10,4,4
1GB,3,2,1,ON,1,1024,1,25,10000,48MB,4000,245.40,tpcc,10,4,4
1GB,3,2,1,ON,1,1024,1,25,20000,48MB,4000,220.38,tpcc,10,4,4
1GB,7,2,1,ON,1,1024,1,25,100,48MB,4000,321.89,tpcc,10,4,4
1GB,7,2,1,ON,1,1024,1,25,5000,48MB,4000,272.74,tpcc,10,4,4
1GB,7,2,1,ON,1,1024,1,25,10000,48MB,4000,242.44,tpcc,10,4,4
1GB,7,2,1,ON,1,1024,1,25,20000,48MB,4000,220.02,tpcc,10,4,4
1GB,15,2,1,ON,1,1024,1,25,100,48MB,4000,325.45,tpcc,10,4,4
1GB,15,2,1,ON,1,1024,1,25,5000,48MB,4000,271.14,tpcc,10,4,4
1GB,15,2,1,ON,1,1024,1,25,10000,48MB,4000,245.92,tpcc,10,4,4
1GB,15,2,1,ON,1,1024,1,25,20000,48MB,4000,220.65,tpcc,10,4,4
1GB,1,2,1,ON,1,1024,1,25,100,4MB,4000,191.31,tpcc,10,4,4
1GB,1,2,1,ON,1,1024,1,25,100,48MB,4000,313.04,tpcc,10,4,4
1GB,1,2,1,ON,1,1024,1,25,100,512MB,4000,313.69,tpcc,10,4,4
1GB,1,2,1,ON,1,1024,1,25,100,5GB,4000,298.05,tpcc,10,4,4
1GB,2,2,1,ON,1,1024,1,25,100,4MB,4000,147.99,tpcc,10,4,4
1GB,2,2,1,ON,1,1024,1,25,100,48MB,4000,252.10,tpcc,10,4,4
1GB,2,2,1,ON,1,1024,1,25,100,512MB,4000,259.18,tpcc,10,4,4
1GB,2,2,1,ON,1,1024,1,25,100,5GB,4000,258.68,tpcc,10,4,4
1GB,3,2,1,ON,1,1024,1,25,100,4MB,4000,140.17,tpcc,10,4,4
1GB,3,2,1,ON,1,1024,1,25,100,48MB,4000,234.96,tpcc,10,4,4
1GB,3,2,1,ON,1,1024,1,25,100,512MB,4000,248.65,tpcc,10,4,4
1GB,3,2,1,ON,1,1024,1,25,100,5GB,4000,249.65,tpcc,10,4,4
1GB,7,2,1,ON,1,1024,1,25,100,4MB,4000,142.06,tpcc,10,4,4
1GB,7,2,1,ON,1,1024,1,25,100,48MB,4000,236.09,tpcc,10,4,4
1GB,7,2,1,ON,1,1024,1,25,100,512MB,4000,251.89,tpcc,10,4,4
1GB,7,2,1,ON,1,1024,1,25,100,5GB,4000,248.92,tpcc,10,4,4
1GB,15,2,1,ON,1,1024,1,25,100,4MB,4000,139.05,tpcc,10,4,4
1GB,15,2,1,ON,1,1024,1,25,100,48MB,4000,235.58,tpcc,10,4,4
1GB,15,2,1,ON,1,1024,1,25,100,512MB,4000,246.57,tpcc,10,4,4
1GB,15,2,1,ON,1,1024,1,25,100,5GB,4000,249.86,tpcc,10,4,4
1GB,1,2,1,ON,1,1024,1,25,100,48MB,1,215.89,tpcc,10,4,4
1GB,1,2,1,ON,1,1024,1,25,100,48MB,1000,237.18,tpcc,10,4,4
1GB,1,2,1,ON,1,1024,1,25,100,48MB,2000,236.63,tpcc,10,4,4
1GB,1,2,1,ON,1,1024,1,25,100,48MB,4000,233.67,tpcc,10,4,4
1GB,2,2,1,ON,1,1024,1,25,100,48MB,1,219.01,tpcc,10,4,4
1GB,2,2,1,ON,1,1024,1,25,100,48MB,1000,233.30,tpcc,10,4,4
1GB,2,2,1,ON,1,1024,1,25,100,48MB,2000,237.80,tpcc,10,4,4
1GB,2,2,1,ON,1,1024,1,25,100,48MB,4000,234.57,tpcc,10,4,4
1GB,3,2,1,ON,1,1024,1,25,100,48MB,1,217.98,tpcc,10,4,4
1GB,3,2,1,ON,1,1024,1,25,100,48MB,1000,233.72,tpcc,10,4,4
1GB,3,2,1,ON,1,1024,1,25,100,48MB,2000,233.89,tpcc,10,4,4
1GB,3,2,1,ON,1,1024,1,25,100,48MB,4000,234.15,tpcc,10,4,4
1GB,7,2,1,ON,1,1024,1,25,100,48MB,1,219.26,tpcc,10,4,4
1GB,7,2,1,ON,1,1024,1,25,100,48MB,1000,233.60,tpcc,10,4,4
1GB,7,2,1,ON,1,1024,1,25,100,48MB,2000,234.03,tpcc,10,4,4
1GB,7,2,1,ON,1,1024,1,25,100,48MB,4000,234.39,tpcc,10,4,4
1GB,15,2,1,ON,1,1024,1,25,100,48MB,1,219.66,tpcc,10,4,4
1GB,15,2,1,ON,1,1024,1,25,100,48MB,1000,233.80,tpcc,10,4,4
1GB,15,2,1,ON,1,1024,1,25,100,48MB,2000,234.74,tpcc,10,4,4
1GB,15,2,1,ON,1,1024,1,25,100,48MB,4000,235.34,tpcc,10,4,4
1GB,2,1,0,ON,1,1024,1,25,100,48MB,4000,237.23,tpcc,10,4,4
1GB,2,1,1,ON,1,1024,1,25,100,48MB,4000,207.98,tpcc,10,4,4
1GB,2,1,2,ON,1,1024,1,25,100,48MB,4000,238.56,tpcc,10,4,4
1GB,2,2,0,ON,1,1024,1,25,100,48MB,4000,268.15,tpcc,10,4,4
1GB,2,2,1,ON,1,1024,1,25,100,48MB,4000,235.15,tpcc,10,4,4
1GB,2,2,2,ON,1,1024,1,25,100,48MB,4000,273.41,tpcc,10,4,4
1GB,2,3,0,ON,1,1024,1,25,100,48MB,4000,297.35,tpcc,10,4,4
1GB,2,3,1,ON,1,1024,1,25,100,48MB,4000,257.77,tpcc,10,4,4
1GB,2,3,2,ON,1,1024,1,25,100,48MB,4000,304.18,tpcc,10,4,4
1GB,2,7,0,ON,1,1024,1,25,100,48MB,4000,378.61,tpcc,10,4,4
1GB,2,7,1,ON,1,1024,1,25,100,48MB,4000,327.30,tpcc,10,4,4
1GB,2,7,2,ON,1,1024,1,25,100,48MB,4000,377.41,tpcc,10,4,4
1GB,2,15,0,ON,1,1024,1,25,100,48MB,4000,447.62,tpcc,10,4,4
1GB,2,15,1,ON,1,1024,1,25,100,48MB,4000,395.10,tpcc,10,4,4
1GB,2,15,2,ON,1,1024,1,25,100,48MB,4000,451.70,tpcc,10,4,4
1GB,2,1,1,ON,1,1024,1,25,100,48MB,4000,204.65,tpcc,10,4,4
1GB,2,1,1,OFF,1,1024,1,25,100,48MB,4000,216.53,tpcc,10,4,4
1GB,2,2,1,ON,1,1024,1,25,100,48MB,4000,233.68,tpcc,10,4,4
1GB,2,2,1,OFF,1,1024,1,25,100,48MB,4000,242.78,tpcc,10,4,4
1GB,2,3,1,ON,1,1024,1,25,100,48MB,4000,257.86,tpcc,10,4,4
1GB,2,3,1,OFF,1,1024,1,25,100,48MB,4000,266.40,tpcc,10,4,4
1GB,2,7,1,ON,1,1024,1,25,100,48MB,4000,328.55,tpcc,10,4,4
1GB,2,7,1,OFF,1,1024,1,25,100,48MB,4000,339.41,tpcc,10,4,4
1GB,2,15,1,ON,1,1024,1,25,100,48MB,4000,390.18,tpcc,10,4,4
1GB,2,15,1,OFF,1,1024,1,25,100,48MB,4000,403.75,tpcc,10,4,4
1GB,2,1,1,ON,0,1024,1,25,100,48MB,4000,211.24,tpcc,10,4,4
1GB,2,1,1,ON,1,1024,1,25,100,48MB,4000,202.97,tpcc,10,4,4
1GB,2,2,1,ON,0,1024,1,25,100,48MB,4000,241.17,tpcc,10,4,4
1GB,2,2,1,ON,1,1024,1,25,100,48MB,4000,232.69,tpcc,10,4,4
1GB,2,3,1,ON,0,1024,1,25,100,48MB,4000,272.98,tpcc,10,4,4
1GB,2,3,1,ON,1,1024,1,25,100,48MB,4000,256.20,tpcc,10,4,4
1GB,2,7,1,ON,0,1024,1,25,100,48MB,4000,351.80,tpcc,10,4,4
1GB,2,7,1,ON,1,1024,1,25,100,48MB,4000,328.59,tpcc,10,4,4
1GB,2,15,1,ON,0,1024,1,25,100,48MB,4000,415.35,tpcc,10,4,4
1GB,2,15,1,ON,1,1024,1,25,100,48MB,4000,387.39,tpcc,10,4,4
1GB,2,1,1,ON,1,100,1,25,100,48MB,4000,203.65,tpcc,10,4,4
1GB,2,1,1,ON,1,1024,1,25,100,48MB,4000,314.84,tpcc,10,4,4
1GB,2,1,1,ON,1,5000,1,25,100,48MB,4000,307.71,tpcc,10,4,4
1GB,2,1,1,ON,1,10000,1,25,100,48MB,4000,277.59,tpcc,10,4,4
1GB,2,2,1,ON,1,100,1,25,100,48MB,4000,313.05,tpcc,10,4,4
1GB,2,2,1,ON,1,1024,1,25,100,48MB,4000,311.19,tpcc,10,4,4
1GB,2,2,1,ON,1,5000,1,25,100,48MB,4000,324.38,tpcc,10,4,4
1GB,2,2,1,ON,1,10000,1,25,100,48MB,4000,313.02,tpcc,10,4,4
1GB,2,3,1,ON,1,100,1,25,100,48MB,4000,336.53,tpcc,10,4,4
1GB,2,3,1,ON,1,1024,1,25,100,48MB,4000,348.54,tpcc,10,4,4
1GB,2,3,1,ON,1,5000,1,25,100,48MB,4000,362.02,tpcc,10,4,4
1GB,2,3,1,ON,1,10000,1,25,100,48MB,4000,368.01,tpcc,10,4,4
1GB,2,7,1,ON,1,100,1,25,100,48MB,4000,388.34,tpcc,10,4,4
1GB,2,7,1,ON,1,1024,1,25,100,48MB,4000,419.99,tpcc,10,4,4
1GB,2,7,1,ON,1,5000,1,25,100,48MB,4000,434.13,tpcc,10,4,4
1GB,2,7,1,ON,1,10000,1,25,100,48MB,4000,416.48,tpcc,10,4,4
1GB,2,15,1,ON,1,100,1,25,100,48MB,4000,430.98,tpcc,10,4,4
1GB,2,15,1,ON,1,1024,1,25,100,48MB,4000,478.17,tpcc,10,4,4
1GB,2,15,1,ON,1,5000,1,25,100,48MB,4000,492.34,tpcc,10,4,4
1GB,2,15,1,ON,1,10000,1,25,100,48MB,4000,474.17,tpcc,10,4,4
1GB,2,1,1,ON,1,1024,1,25,100,48MB,4000,263.24,tpcc,10,4,4
1GB,2,1,1,ON,1,1024,2,25,100,48MB,4000,288.02,tpcc,10,4,4
1GB,2,1,1,ON,1,1024,4,25,100,48MB,4000,329.22,tpcc,10,4,4
1GB,2,1,1,ON,1,1024,8,25,100,48MB,4000,342.58,tpcc,10,4,4
1GB,2,2,1,ON,1,1024,1,25,100,48MB,4000,290.62,tpcc,10,4,4
1GB,2,2,1,ON,1,1024,2,25,100,48MB,4000,327.49,tpcc,10,4,4
1GB,2,2,1,ON,1,1024,4,25,100,48MB,4000,354.18,tpcc,10,4,4
1GB,2,2,1,ON,1,1024,8,25,100,48MB,4000,370.87,tpcc,10,4,4
1GB,2,3,1,ON,1,1024,1,25,100,48MB,4000,316.85,tpcc,10,4,4
1GB,2,3,1,ON,1,1024,2,25,100,48MB,4000,358.20,tpcc,10,4,4
1GB,2,3,1,ON,1,1024,4,25,100,48MB,4000,382.73,tpcc,10,4,4
1GB,2,3,1,ON,1,1024,8,25,100,48MB,4000,402.84,tpcc,10,4,4
1GB,2,7,1,ON,1,1024,1,25,100,48MB,4000,392.68,tpcc,10,4,4
1GB,2,7,1,ON,1,1024,2,25,100,48MB,4000,426.90,tpcc,10,4,4
1GB,2,7,1,ON,1,1024,4,25,100,48MB,4000,437.21,tpcc,10,4,4
1GB,2,7,1,ON,1,1024,8,25,100,48MB,4000,434.15,tpcc,10,4,4
1GB,2,15,1,ON,1,1024,1,25,100,48MB,4000,452.09,tpcc,10,4,4
1GB,2,15,1,ON,1,1024,2,25,100,48MB,4000,479.72,tpcc,10,4,4
1GB,2,15,1,ON,1,1024,4,25,100,48MB,4000,489.29,tpcc,10,4,4
1GB,2,15,1,ON,1,1024,8,25,100,48MB,4000,480.55,tpcc,10,4,4
1GB,2,1,1,ON,1,1024,1,0,100,48MB,4000,174.24,tpcc,10,4,4
1GB,2,1,1,ON,1,1024,1,10,100,48MB,4000,302.60,tpcc,10,4,4
1GB,2,1,1,ON,1,1024,1,25,100,48MB,4000,290.03,tpcc,10,4,4
1GB,2,1,1,ON,1,1024,1,50,100,48MB,4000,274.44,tpcc,10,4,4
1GB,2,2,1,ON,1,1024,1,0,100,48MB,4000,200.36,tpcc,10,4,4
1GB,2,2,1,ON,1,1024,1,10,100,48MB,4000,340.84,tpcc,10,4,4
1GB,2,2,1,ON,1,1024,1,25,100,48MB,4000,323.39,tpcc,10,4,4
1GB,2,2,1,ON,1,1024,1,50,100,48MB,4000,302.79,tpcc,10,4,4
1GB,2,3,1,ON,1,1024,1,0,100,48MB,4000,214.45,tpcc,10,4,4
1GB,2,3,1,ON,1,1024,1,10,100,48MB,4000,378.06,tpcc,10,4,4
1GB,2,3,1,ON,1,1024,1,25,100,48MB,4000,355.33,tpcc,10,4,4
1GB,2,3,1,ON,1,1024,1,50,100,48MB,4000,331.48,tpcc,10,4,4
1GB,2,7,1,ON,1,1024,1,0,100,48MB,4000,277.27,tpcc,10,4,4
1GB,2,7,1,ON,1,1024,1,10,100,48MB,4000,462.75,tpcc,10,4,4
1GB,2,7,1,ON,1,1024,1,25,100,48MB,4000,433.29,tpcc,10,4,4
1GB,2,7,1,ON,1,1024,1,50,100,48MB,4000,406.50,tpcc,10,4,4
1GB,2,15,1,ON,1,1024,1,0,100,48MB,4000,330.54,tpcc,10,4,4
1GB,2,15,1,ON,1,1024,1,10,100,48MB,4000,528.38,tpcc,10,4,4
1GB,2,15,1,ON,1,1024,1,25,100,48MB,4000,495.55,tpcc,10,4,4
1GB,2,15,1,ON,1,1024,1,50,100,48MB,4000,462.87,tpcc,10,4,4
1GB,2,1,1,ON,1,1024,1,25,100,48MB,4000,234.38,tpcc,10,4,4
1GB,2,1,1,ON,1,1024,1,25,5000,48MB,4000,243.53,tpcc,10,4,4
1GB,2,1,1,ON,1,1024,1,25,10000,48MB,4000,257.10,tpcc,10,4,4
1GB,2,1,1,ON,1,1024,1,25,20000,48MB,4000,241.69,tpcc,10,4,4
1GB,2,2,1,ON,1,1024,1,25,100,48MB,4000,343.89,tpcc,10,4,4
1GB,2,2,1,ON,1,1024,1,25,5000,48MB,4000,292.25,tpcc,10,4,4
1GB,2,2,1,ON,1,1024,1,25,10000,48MB,4000,274.46,tpcc,10,4,4
1GB,2,2,1,ON,1,1024,1,25,20000,48MB,4000,244.70,tpcc,10,4,4
1GB,2,3,1,ON,1,1024,1,25,100,48MB,4000,376.52,tpcc,10,4,4
1GB,2,3,1,ON,1,1024,1,25,5000,48MB,4000,307.23,tpcc,10,4,4
1GB,2,3,1,ON,1,1024,1,25,10000,48MB,4000,275.79,tpcc,10,4,4
1GB,2,3,1,ON,1,1024,1,25,20000,48MB,4000,257.27,tpcc,10,4,4
1GB,2,7,1,ON,1,1024,1,25,100,48MB,4000,458.87,tpcc,10,4,4
1GB,2,7,1,ON,1,1024,1,25,5000,48MB,4000,376.92,tpcc,10,4,4
1GB,2,7,1,ON,1,1024,1,25,10000,48MB,4000,354.25,tpcc,10,4,4
1GB,2,7,1,ON,1,1024,1,25,20000,48MB,4000,341.90,tpcc,10,4,4
1GB,2,15,1,ON,1,1024,1,25,100,48MB,4000,518.20,tpcc,10,4,4
1GB,2,15,1,ON,1,1024,1,25,5000,48MB,4000,441.51,tpcc,10,4,4
1GB,2,15,1,ON,1,1024,1,25,10000,48MB,4000,426.72,tpcc,10,4,4
1GB,2,15,1,ON,1,1024,1,25,20000,48MB,4000,453.34,tpcc,10,4,4
1GB,2,1,1,ON,1,1024,1,25,100,4MB,4000,161.00,tpcc,10,4,4
1GB,2,1,1,ON,1,1024,1,25,100,48MB,4000,291.64,tpcc,10,4,4
1GB,2,1,1,ON,1,1024,1,25,100,512MB,4000,284.37,tpcc,10,4,4
1GB,2,1,1,ON,1,1024,1,25,100,5GB,4000,277.41,tpcc,10,4,4
1GB,2,2,1,ON,1,1024,1,25,100,4MB,4000,158.07,tpcc,10,4,4
1GB,2,2,1,ON,1,1024,1,25,100,48MB,4000,278.75,tpcc,10,4,4
1GB,2,2,1,ON,1,1024,1,25,100,512MB,4000,286.32,tpcc,10,4,4
1GB,2,2,1,ON,1,1024,1,25,100,5GB,4000,284.17,tpcc,10,4,4
1GB,2,3,1,ON,1,1024,1,25,100,4MB,4000,172.82,tpcc,10,4,4
1GB,2,3,1,ON,1,1024,1,25,100,48MB,4000,287.52,tpcc,10,4,4
1GB,2,3,1,ON,1,1024,1,25,100,512MB,4000,307.95,tpcc,10,4,4
1GB,2,3,1,ON,1,1024,1,25,100,5GB,4000,305.62,tpcc,10,4,4
1GB,2,7,1,ON,1,1024,1,25,100,4MB,4000,219.36,tpcc,10,4,4
1GB,2,7,1,ON,1,1024,1,25,100,48MB,4000,359.12,tpcc,10,4,4
1GB,2,7,1,ON,1,1024,1,25,100,512MB,4000,378.77,tpcc,10,4,4
1GB,2,7,1,ON,1,1024,1,25,100,5GB,4000,376.62,tpcc,10,4,4
1GB,2,15,1,ON,1,1024,1,25,100,4MB,4000,258.96,tpcc,10,4,4
1GB,2,15,1,ON,1,1024,1,25,100,48MB,4000,421.22,tpcc,10,4,4
1GB,2,15,1,ON,1,1024,1,25,100,512MB,4000,436.96,tpcc,10,4,4
1GB,2,15,1,ON,1,1024,1,25,100,5GB,4000,434.41,tpcc,10,4,4
1GB,2,1,1,ON,1,1024,1,25,100,48MB,1,204.46,tpcc,10,4,4
1GB,2,1,1,ON,1,1024,1,25,100,48MB,1000,226.04,tpcc,10,4,4
1GB,2,1,1,ON,1,1024,1,25,100,48MB,2000,226.89,tpcc,10,4,4
1GB,2,1,1,ON,1,1024,1,25,100,48MB,4000,229.00,tpcc,10,4,4
1GB,2,2,1,ON,1,1024,1,25,100,48MB,1,237.39,tpcc,10,4,4
1GB,2,2,1,ON,1,1024,1,25,100,48MB,1000,254.87,tpcc,10,4,4
1GB,2,2,1,ON,1,1024,1,25,100,48MB,2000,263.66,tpcc,10,4,4
1GB,2,2,1,ON,1,1024,1,25,100,48MB,4000,260.73,tpcc,10,4,4
1GB,2,3,1,ON,1,1024,1,25,100,48MB,1,258.95,tpcc,10,4,4
1GB,2,3,1,ON,1,1024,1,25,100,48MB,1000,282.28,tpcc,10,4,4
1GB,2,3,1,ON,1,1024,1,25,100,48MB,2000,281.10,tpcc,10,4,4
1GB,2,3,1,ON,1,1024,1,25,100,48MB,4000,281.22,tpcc,10,4,4
1GB,2,7,1,ON,1,1024,1,25,100,48MB,1,310.26,tpcc,10,4,4
1GB,2,7,1,ON,1,1024,1,25,100,48MB,1000,352.90,tpcc,10,4,4
1GB,2,7,1,ON,1,1024,1,25,100,48MB,2000,346.02,tpcc,10,4,4
1GB,2,7,1,ON,1,1024,1,25,100,48MB,4000,348.87,tpcc,10,4,4
1GB,2,15,1,ON,1,1024,1,25,100,48MB,1,346.41,tpcc,10,4,4
1GB,2,15,1,ON,1,1024,1,25,100,48MB,1000,412.51,tpcc,10,4,4
1GB,2,15,1,ON,1,1024,1,25,100,48MB,2000,408.75,tpcc,10,4,4
1GB,2,15,1,ON,1,1024,1,25,100,48MB,4000,408.26,tpcc,10,4,4
1GB,2,2,0,ON,1,1024,1,25,100,48MB,4000,278.76,tpcc,10,4,4
1GB,2,2,0,OFF,1,1024,1,25,100,48MB,4000,287.12,tpcc,10,4,4
1GB,2,2,1,ON,1,1024,1,25,100,48MB,4000,244.85,tpcc,10,4,4
1GB,2,2,1,OFF,1,1024,1,25,100,48MB,4000,257.52,tpcc,10,4,4
1GB,2,2,2,ON,1,1024,1,25,100,48MB,4000,288.22,tpcc,10,4,4
1GB,2,2,2,OFF,1,1024,1,25,100,48MB,4000,296.01,tpcc,10,4,4
1GB,2,2,0,ON,0,1024,1,25,100,48MB,4000,301.06,tpcc,10,4,4
1GB,2,2,0,ON,1,1024,1,25,100,48MB,4000,274.23,tpcc,10,4,4
1GB,2,2,1,ON,0,1024,1,25,100,48MB,4000,257.06,tpcc,10,4,4
1GB,2,2,1,ON,1,1024,1,25,100,48MB,4000,246.43,tpcc,10,4,4
1GB,2,2,2,ON,0,1024,1,25,100,48MB,4000,309.21,tpcc,10,4,4
1GB,2,2,2,ON,1,1024,1,25,100,48MB,4000,282.79,tpcc,10,4,4
1GB,2,2,0,ON,1,100,1,25,100,48MB,4000,272.55,tpcc,10,4,4
1GB,2,2,0,ON,1,1024,1,25,100,48MB,4000,274.99,tpcc,10,4,4
1GB,2,2,0,ON,1,5000,1,25,100,48MB,4000,403.93,tpcc,10,4,4
1GB,2,2,0,ON,1,10000,1,25,100,48MB,4000,383.99,tpcc,10,4,4
1GB,2,2,1,ON,1,100,1,25,100,48MB,4000,299.00,tpcc,10,4,4
1GB,2,2,1,ON,1,1024,1,25,100,48MB,4000,307.63,tpcc,10,4,4
1GB,2,2,1,ON,1,5000,1,25,100,48MB,4000,330.82,tpcc,10,4,4
1GB,2,2,1,ON,1,10000,1,25,100,48MB,4000,321.60,tpcc,10,4,4
1GB,2,2,2,ON,1,100,1,25,100,48MB,4000,354.34,tpcc,10,4,4
1GB,2,2,2,ON,1,1024,1,25,100,48MB,4000,367.85,tpcc,10,4,4
1GB,2,2,2,ON,1,5000,1,25,100,48MB,4000,380.86,tpcc,10,4,4
1GB,2,2,2,ON,1,10000,1,25,100,48MB,4000,383.87,tpcc,10,4,4
1GB,2,2,0,ON,1,1024,1,25,100,48MB,4000,353.91,tpcc,10,4,4
1GB,2,2,0,ON,1,1024,2,25,100,48MB,4000,402.45,tpcc,10,4,4
1GB,2,2,0,ON,1,1024,4,25,100,48MB,4000,431.10,tpcc,10,4,4
1GB,2,2,0,ON,1,1024,8,25,100,48MB,4000,443.77,tpcc,10,4,4
1GB,2,2,1,ON,1,1024,1,25,100,48MB,4000,297.25,tpcc,10,4,4
1GB,2,2,1,ON,1,1024,2,25,100,48MB,4000,342.16,tpcc,10,4,4
1GB,2,2,1,ON,1,1024,4,25,100,48MB,4000,363.12,tpcc,10,4,4
1GB,2,2,1,ON,1,1024,8,25,100,48MB,4000,382.82,tpcc,10,4,4
1GB,2,2,2,ON,1,1024,1,25,100,48MB,4000,348.52,tpcc,10,4,4
1GB,2,2,2,ON,1,1024,2,25,100,48MB,4000,391.21,tpcc,10,4,4
1GB,2,2,2,ON,1,1024,4,25,100,48MB,4000,417.45,tpcc,10,4,4
1GB,2,2,2,ON,1,1024,8,25,100,48MB,4000,429.37,tpcc,10,4,4
1GB,2,2,0,ON,1,1024,1,0,100,48MB,4000,244.11,tpcc,10,4,4
1GB,2,2,0,ON,1,1024,1,10,100,48MB,4000,401.97,tpcc,10,4,4
1GB,2,2,0,ON,1,1024,1,25,100,48MB,4000,375.27,tpcc,10,4,4
1GB,2,2,0,ON,1,1024,1,50,100,48MB,4000,349.88,tpcc,10,4,4
1GB,2,2,1,ON,1,1024,1,0,100,48MB,4000,205.40,tpcc,10,4,4
1GB,2,2,1,ON,1,1024,1,10,100,48MB,4000,344.91,tpcc,10,4,4
1GB,2,2,1,ON,1,1024,1,25,100,48MB,4000,319.61,tpcc,10,4,4
1GB,2,2,1,ON,1,1024,1,50,100,48MB,4000,303.61,tpcc,10,4,4
1GB,2,2,2,ON,1,1024,1,0,100,48MB,4000,236.04,tpcc,10,4,4
1GB,2,2,2,ON,1,1024,1,10,100,48MB,4000,402.27,tpcc,10,4,4
1GB,2,2,2,ON,1,1024,1,25,100,48MB,4000,366.09,tpcc,10,4,4
1GB,2,2,2,ON,1,1024,1,50,100,48MB,4000,349.75,tpcc,10,4,4
1GB,2,2,0,ON,1,1024,1,25,100,48MB,4000,339.60,tpcc,10,4,4
1GB,2,2,0,ON,1,1024,1,25,5000,48MB,4000,328.26,tpcc,10,4,4
1GB,2,2,0,ON,1,1024,1,25,10000,48MB,4000,351.10,tpcc,10,4,4
1GB,2,2,0,ON,1,1024,1,25,20000,48MB,4000,352.03,tpcc,10,4,4
1GB,2,2,1,ON,1,1024,1,25,100,48MB,4000,312.15,tpcc,10,4,4
1GB,2,2,1,ON,1,1024,1,25,5000,48MB,4000,293.10,tpcc,10,4,4
1GB,2,2,1,ON,1,1024,1,25,10000,48MB,4000,299.92,tpcc,10,4,4
1GB,2,2,1,ON,1,1024,1,25,20000,48MB,4000,302.82,tpcc,10,4,4
1GB,2,2,2,ON,1,1024,1,25,100,48MB,4000,370.83,tpcc,10,4,4
1GB,2,2,2,ON,1,1024,1,25,5000,48MB,4000,347.55,tpcc,10,4,4
1GB,2,2,2,ON,1,1024,1,25,10000,48MB,4000,348.44,tpcc,10,4,4
1GB,2,2,2,ON,1,1024,1,25,20000,48MB,4000,358.98,tpcc,10,4,4
1GB,2,2,0,ON,1,1024,1,25,100,4MB,4000,178.80,tpcc,10,4,4
1GB,2,2,0,ON,1,1024,1,25,100,48MB,4000,354.44,tpcc,10,4,4
1GB,2,2,0,ON,1,1024,1,25,100,512MB,4000,359.85,tpcc,10,4,4
1GB,2,2,0,ON,1,1024,1,25,100,5GB,4000,351.33,tpcc,10,4,4
1GB,2,2,1,ON,1,1024,1,25,100,4MB,4000,153.03,tpcc,10,4,4
1GB,2,2,1,ON,1,1024,1,25,100,48MB,4000,274.18,tpcc,10,4,4
1GB,2,2,1,ON,1,1024,1,25,100,512MB,4000,290.53,tpcc,10,4,4
1GB,2,2,1,ON,1,1024,1,25,100,5GB,4000,294.99,tpcc,10,4,4
1GB,2,2,2,ON,1,1024,1,25,100,4MB,4000,159.30,tpcc,10,4,4
1GB,2,2,2,ON,1,1024,1,25,100,48MB,4000,312.01,tpcc,10,4,4
1GB,2,2,2,ON,1,1024,1,25,100,512MB,4000,348.16,tpcc,10,4,4
1GB,2,2,2,ON,1,1024,1,25,100,5GB,4000,354.05,tpcc,10,4,4
1GB,2,2,0,ON,1,1024,1,25,100,48MB,1,288.47,tpcc,10,4,4
1GB,2,2,0,ON,1,1024,1,25,100,48MB,1000,306.61,tpcc,10,4,4
1GB,2,2,0,ON,1,1024,1,25,100,48MB,2000,303.66,tpcc,10,4,4
1GB,2,2,0,ON,1,1024,1,25,100,48MB,4000,304.07,tpcc,10,4,4
1GB,2,2,1,ON,1,1024,1,25,100,48MB,1,243.96,tpcc,10,4,4
1GB,2,2,1,ON,1,1024,1,25,100,48MB,1000,263.47,tpcc,10,4,4
1GB,2,2,1,ON,1,1024,1,25,100,48MB,2000,267.70,tpcc,10,4,4
1GB,2,2,1,ON,1,1024,1,25,100,48MB,4000,266.26,tpcc,10,4,4
1GB,2,2,2,ON,1,1024,1,25,100,48MB,1,295.93,tpcc,10,4,4
1GB,2,2,2,ON,1,1024,1,25,100,48MB,1000,312.03,tpcc,10,4,4
1GB,2,2,2,ON,1,1024,1,25,100,48MB,2000,307.80,tpcc,10,4,4
1GB,2,2,2,ON,1,1024,1,25,100,48MB,4000,306.51,tpcc,10,4,4
1GB,2,2,1,ON,0,1024,1,25,100,48MB,4000,279.56,tpcc,10,4,4
1GB,2,2,1,ON,1,1024,1,25,100,48MB,4000,259.95,tpcc,10,4,4
1GB,2,2,1,OFF,0,1024,1,25,100,48MB,4000,288.06,tpcc,10,4,4
1GB,2,2,1,OFF,1,1024,1,25,100,48MB,4000,267.70,tpcc,10,4,4
1GB,2,2,1,ON,1,100,1,25,100,48MB,4000,261.64,tpcc,10,4,4
1GB,2,2,1,ON,1,1024,1,25,100,48MB,4000,264.28,tpcc,10,4,4
1GB,2,2,1,ON,1,5000,1,25,100,48MB,4000,271.86,tpcc,10,4,4
1GB,2,2,1,ON,1,10000,1,25,100,48MB,4000,279.93,tpcc,10,4,4
1GB,2,2,1,OFF,1,100,1,25,100,48MB,4000,268.32,tpcc,10,4,4
1GB,2,2,1,OFF,1,1024,1,25,100,48MB,4000,271.34,tpcc,10,4,4
1GB,2,2,1,OFF,1,5000,1,25,100,48MB,4000,276.68,tpcc,10,4,4
1GB,2,2,1,OFF,1,10000,1,25,100,48MB,4000,278.44,tpcc,10,4,4
1GB,2,2,1,ON,1,1024,1,25,100,48MB,4000,268.18,tpcc,10,4,4
1GB,2,2,1,ON,1,1024,2,25,100,48MB,4000,294.93,tpcc,10,4,4
1GB,2,2,1,ON,1,1024,4,25,100,48MB,4000,318.09,tpcc,10,4,4
1GB,2,2,1,ON,1,1024,8,25,100,48MB,4000,335.20,tpcc,10,4,4
1GB,2,2,1,OFF,1,1024,1,25,100,48MB,4000,268.45,tpcc,10,4,4
1GB,2,2,1,OFF,1,1024,2,25,100,48MB,4000,298.15,tpcc,10,4,4
1GB,2,2,1,OFF,1,1024,4,25,100,48MB,4000,327.94,tpcc,10,4,4
1GB,2,2,1,OFF,1,1024,8,25,100,48MB,4000,342.81,tpcc,10,4,4
1GB,2,2,1,ON,1,1024,1,0,100,48MB,4000,176.15,tpcc,10,4,4
1GB,2,2,1,ON,1,1024,1,10,100,48MB,4000,331.57,tpcc,10,4,4
1GB,2,2,1,ON,1,1024,1,25,100,48MB,4000,316.99,tpcc,10,4,4
1GB,2,2,1,ON,1,1024,1,50,100,48MB,4000,299.88,tpcc,10,4,4
1GB,2,2,1,OFF,1,1024,1,0,100,48MB,4000,182.42,tpcc,10,4,4
1GB,2,2,1,OFF,1,1024,1,10,100,48MB,4000,351.73,tpcc,10,4,4
1GB,2,2,1,OFF,1,1024,1,25,100,48MB,4000,328.10,tpcc,10,4,4
1GB,2,2,1,OFF,1,1024,1,50,100,48MB,4000,310.78,tpcc,10,4,4
1GB,2,2,1,ON,1,1024,1,25,100,48MB,4000,282.06,tpcc,10,4,4
1GB,2,2,1,ON,1,1024,1,25,5000,48MB,4000,265.59,tpcc,10,4,4
1GB,2,2,1,ON,1,1024,1,25,10000,48MB,4000,277.64,tpcc,10,4,4
1GB,2,2,1,ON,1,1024,1,25,20000,48MB,4000,279.64,tpcc,10,4,4
1GB,2,2,1,OFF,1,1024,1,25,100,48MB,4000,307.74,tpcc,10,4,4
1GB,2,2,1,OFF,1,1024,1,25,5000,48MB,4000,282.81,tpcc,10,4,4
1GB,2,2,1,OFF,1,1024,1,25,10000,48MB,4000,289.13,tpcc,10,4,4
1GB,2,2,1,OFF,1,1024,1,25,20000,48MB,4000,289.77,tpcc,10,4,4
1GB,2,2,1,ON,1,1024,1,25,100,4MB,4000,161.17,tpcc,10,4,4
1GB,2,2,1,ON,1,1024,1,25,100,48MB,4000,283.15,tpcc,10,4,4
1GB,2,2,1,ON,1,1024,1,25,100,512MB,4000,289.40,tpcc,10,4,4
1GB,2,2,1,ON,1,1024,1,25,100,5GB,4000,285.17,tpcc,10,4,4
1GB,2,2,1,OFF,1,1024,1,25,100,4MB,4000,149.25,tpcc,10,4,4
1GB,2,2,1,OFF,1,1024,1,25,100,48MB,4000,269.56,tpcc,10,4,4
1GB,2,2,1,OFF,1,1024,1,25,100,512MB,4000,282.28,tpcc,10,4,4
1GB,2,2,1,OFF,1,1024,1,25,100,5GB,4000,279.87,tpcc,10,4,4
1GB,2,2,1,ON,1,1024,1,25,100,48MB,1,230.94,tpcc,10,4,4
1GB,2,2,1,ON,1,1024,1,25,100,48MB,1000,250.50,tpcc,10,4,4
1GB,2,2,1,ON,1,1024,1,25,100,48MB,2000,250.98,tpcc,10,4,4
1GB,2,2,1,ON,1,1024,1,25,100,48MB,4000,249.55,tpcc,10,4,4
1GB,2,2,1,OFF,1,1024,1,25,100,48MB,1,239.95,tpcc,10,4,4
1GB,2,2,1,OFF,1,1024,1,25,100,48MB,1000,261.05,tpcc,10,4,4
1GB,2,2,1,OFF,1,1024,1,25,100,48MB,2000,259.13,tpcc,10,4,4
1GB,2,2,1,OFF,1,1024,1,25,100,48MB,4000,257.88,tpcc,10,4,4
1GB,2,2,1,ON,0,100,1,25,100,48MB,4000,258.26,tpcc,10,4,4
1GB,2,2,1,ON,0,1024,1,25,100,48MB,4000,257.04,tpcc,10,4,4
1GB,2,2,1,ON,0,5000,1,25,100,48MB,4000,270.90,tpcc,10,4,4
1GB,2,2,1,ON,0,10000,1,25,100,48MB,4000,277.29,tpcc,10,4,4
1GB,2,2,1,ON,1,100,1,25,100,48MB,4000,246.80,tpcc,10,4,4
1GB,2,2,1,ON,1,1024,1,25,100,48MB,4000,253.14,tpcc,10,4,4
1GB,2,2,1,ON,1,5000,1,25,100,48MB,4000,259.15,tpcc,10,4,4
1GB,2,2,1,ON,1,10000,1,25,100,48MB,4000,261.94,tpcc,10,4,4
1GB,2,2,1,ON,0,1024,1,25,100,48MB,4000,264.30,tpcc,10,4,4
1GB,2,2,1,ON,0,1024,2,25,100,48MB,4000,288.58,tpcc,10,4,4
1GB,2,2,1,ON,0,1024,4,25,100,48MB,4000,314.95,tpcc,10,4,4
1GB,2,2,1,ON,0,1024,8,25,100,48MB,4000,328.29,tpcc,10,4,4
1GB,2,2,1,ON,1,1024,1,25,100,48MB,4000,246.54,tpcc,10,4,4
1GB,2,2,1,ON,1,1024,2,25,100,48MB,4000,275.56,tpcc,10,4,4
1GB,2,2,1,ON,1,1024,4,25,100,48MB,4000,300.60,tpcc,10,4,4
1GB,2,2,1,ON,1,1024,8,25,100,48MB,4000,315.58,tpcc,10,4,4
1GB,2,2,1,ON,0,1024,1,0,100,48MB,4000,167.54,tpcc,10,4,4
1GB,2,2,1,ON,0,1024,1,10,100,48MB,4000,340.83,tpcc,10,4,4
1GB,2,2,1,ON,0,1024,1,25,100,48MB,4000,323.17,tpcc,10,4,4
1GB,2,2,1,ON,0,1024,1,50,100,48MB,4000,306.67,tpcc,10,4,4
1GB,2,2,1,ON,1,1024,1,0,100,48MB,4000,163.87,tpcc,10,4,4
1GB,2,2,1,ON,1,1024,1,10,100,48MB,4000,319.77,tpcc,10,4,4
1GB,2,2,1,ON,1,1024,1,25,100,48MB,4000,308.31,tpcc,10,4,4
1GB,2,2,1,ON,1,1024,1,50,100,48MB,4000,292.57,tpcc,10,4,4
1GB,2,2,1,ON,0,1024,1,25,100,48MB,4000,286.89,tpcc,10,4,4
1GB,2,2,1,ON,0,1024,1,25,5000,48MB,4000,264.31,tpcc,10,4,4
1GB,2,2,1,ON,0,1024,1,25,10000,48MB,4000,286.93,tpcc,10,4,4
1GB,2,2,1,ON,0,1024,1,25,20000,48MB,4000,289.87,tpcc,10,4,4
1GB,2,2,1,ON,1,1024,1,25,100,48MB,4000,288.52,tpcc,10,4,4
1GB,2,2,1,ON,1,1024,1,25,5000,48MB,4000,259.40,tpcc,10,4,4
1GB,2,2,1,ON,1,1024,1,25,10000,48MB,4000,270.44,tpcc,10,4,4
1GB,2,2,1,ON,1,1024,1,25,20000,48MB,4000,271.71,tpcc,10,4,4
1GB,2,2,1,ON,0,1024,1,25,100,4MB,4000,162.98,tpcc,10,4,4
1GB,2,2,1,ON,0,1024,1,25,100,48MB,4000,290.95,tpcc,10,4,4
1GB,2,2,1,ON,0,1024,1,25,100,512MB,4000,292.46,tpcc,10,4,4
1GB,2,2,1,ON,0,1024,1,25,100,5GB,4000,284.72,tpcc,10,4,4
1GB,2,2,1,ON,1,1024,1,25,100,4MB,4000,146.43,tpcc,10,4,4
1GB,2,2,1,ON,1,1024,1,25,100,48MB,4000,245.91,tpcc,10,4,4
1GB,2,2,1,ON,1,1024,1,25,100,512MB,4000,263.82,tpcc,10,4,4
1GB,2,2,1,ON,1,1024,1,25,100,5GB,4000,259.20,tpcc,10,4,4
1GB,2,2,1,ON,0,1024,1,25,100,48MB,1,235.64,tpcc,10,4,4
1GB,2,2,1,ON,0,1024,1,25,100,48MB,1000,249.15,tpcc,10,4,4
1GB,2,2,1,ON,0,1024,1,25,100,48MB,2000,250.02,tpcc,10,4,4
1GB,2,2,1,ON,0,1024,1,25,100,48MB,4000,251.51,tpcc,10,4,4
1GB,2,2,1,ON,1,1024,1,25,100,48MB,1,225.66,tpcc,10,4,4
1GB,2,2,1,ON,1,1024,1,25,100,48MB,1000,241.75,tpcc,10,4,4
1GB,2,2,1,ON,1,1024,1,25,100,48MB,2000,245.76,tpcc,10,4,4
1GB,2,2,1,ON,1,1024,1,25,100,48MB,4000,244.41,tpcc,10,4,4
1GB,2,2,1,ON,1,100,1,25,100,48MB,4000,244.72,tpcc,10,4,4
1GB,2,2,1,ON,1,100,2,25,100,48MB,4000,261.14,tpcc,10,4,4
1GB,2,2,1,ON,1,100,4,25,100,48MB,4000,283.90,tpcc,10,4,4
1GB,2,2,1,ON,1,100,8,25,100,48MB,4000,290.17,tpcc,10,4,4
1GB,2,2,1,ON,1,1024,1,25,100,48MB,4000,238.93,tpcc,10,4,4
1GB,2,2,1,ON,1,1024,2,25,100,48MB,4000,266.28,tpcc,10,4,4
1GB,2,2,1,ON,1,1024,4,25,100,48MB,4000,291.20,tpcc,10,4,4
1GB,2,2,1,ON,1,1024,8,25,100,48MB,4000,308.89,tpcc,10,4,4
1GB,2,2,1,ON,1,5000,1,25,100,48MB,4000,244.93,tpcc,10,4,4
1GB,2,2,1,ON,1,5000,2,25,100,48MB,4000,275.01,tpcc,10,4,4
1GB,2,2,1,ON,1,5000,4,25,100,48MB,4000,280.09,tpcc,10,4,4
1GB,2,2,1,ON,1,5000,8,25,100,48MB,4000,257.33,tpcc,10,4,4
1GB,2,2,1,ON,1,10000,1,25,100,48MB,4000,253.79,tpcc,10,4,4
1GB,2,2,1,ON,1,10000,2,25,100,48MB,4000,248.50,tpcc,10,4,4
1GB,2,2,1,ON,1,10000,4,25,100,48MB,4000,247.06,tpcc,10,4,4
1GB,2,2,1,ON,1,10000,8,25,100,48MB,4000,247.53,tpcc,10,4,4
1GB,2,2,1,ON,1,100,1,0,100,48MB,4000,153.29,tpcc,10,4,4
1GB,2,2,1,ON,1,100,1,10,100,48MB,4000,300.46,tpcc,10,4,4
1GB,2,2,1,ON,1,100,1,25,100,48MB,4000,293.28,tpcc,10,4,4
1GB,2,2,1,ON,1,100,1,50,100,48MB,4000,275.70,tpcc,10,4,4
1GB,2,2,1,ON,1,1024,1,0,100,48MB,4000,159.99,tpcc,10,4,4
1GB,2,2,1,ON,1,1024,1,10,100,48MB,4000,317.37,tpcc,10,4,4
1GB,2,2,1,ON,1,1024,1,25,100,48MB,4000,304.73,tpcc,10,4,4
1GB,2,2,1,ON,1,1024,1,50,100,48MB,4000,287.43,tpcc,10,4,4
1GB,2,2,1,ON,1,5000,1,0,100,48MB,4000,164.03,tpcc,10,4,4
1GB,2,2,1,ON,1,5000,1,10,100,48MB,4000,322.13,tpcc,10,4,4
1GB,2,2,1,ON,1,5000,1,25,100,48MB,4000,315.10,tpcc,10,4,4
1GB,2,2,1,ON,1,5000,1,50,100,48MB,4000,296.29,tpcc,10,4,4
1GB,2,2,1,ON,1,10000,1,0,100,48MB,4000,152.39,tpcc,10,4,4
1GB,2,2,1,ON,1,10000,1,10,100,48MB,4000,325.39,tpcc,10,4,4
1GB,2,2,1,ON,1,10000,1,25,100,48MB,4000,318.24,tpcc,10,4,4
1GB,2,2,1,ON,1,10000,1,50,100,48MB,4000,300.11,tpcc,10,4,4
1GB,2,2,1,ON,1,100,1,25,100,48MB,4000,256.92,tpcc,10,4,4
1GB,2,2,1,ON,1,100,1,25,5000,48MB,4000,229.50,tpcc,10,4,4
1GB,2,2,1,ON,1,100,1,25,10000,48MB,4000,263.60,tpcc,10,4,4
1GB,2,2,1,ON,1,100,1,25,20000,48MB,4000,266.60,tpcc,10,4,4
1GB,2,2,1,ON,1,1024,1,25,100,48MB,4000,283.49,tpcc,10,4,4
1GB,2,2,1,ON,1,1024,1,25,5000,48MB,4000,258.56,tpcc,10,4,4
1GB,2,2,1,ON,1,1024,1,25,10000,48MB,4000,268.81,tpcc,10,4,4
1GB,2,2,1,ON,1,1024,1,25,20000,48MB,4000,274.50,tpcc,10,4,4
1GB,2,2,1,ON,1,5000,1,25,100,48MB,4000,293.38,tpcc,10,4,4
1GB,2,2,1,ON,1,5000,1,25,5000,48MB,4000,262.60,tpcc,10,4,4
1GB,2,2,1,ON,1,5000,1,25,10000,48MB,4000,281.26,tpcc,10,4,4
1GB,2,2,1,ON,1,5000,1,25,20000,48MB,4000,280.34,tpcc,10,4,4
1GB,2,2,1,ON,1,10000,1,25,100,48MB,4000,299.68,tpcc,10,4,4
1GB,2,2,1,ON,1,10000,1,25,5000,48MB,4000,262.62,tpcc,10,4,4
1GB,2,2,1,ON,1,10000,1,25,10000,48MB,4000,279.30,tpcc,10,4,4
1GB,2,2,1,ON,1,10000,1,25,20000,48MB,4000,283.02,tpcc,10,4,4
1GB,2,2,1,ON,1,100,1,25,100,4MB,4000,158.98,tpcc,10,4,4
1GB,2,2,1,ON,1,100,1,25,100,48MB,4000,274.39,tpcc,10,4,4
1GB,2,2,1,ON,1,100,1,25,100,512MB,4000,274.94,tpcc,10,4,4
1GB,2,2,1,ON,1,100,1,25,100,5GB,4000,263.59,tpcc,10,4,4
1GB,2,2,1,ON,1,1024,1,25,100,4MB,4000,143.64,tpcc,10,4,4
1GB,2,2,1,ON,1,1024,1,25,100,48MB,4000,245.37,tpcc,10,4,4
1GB,2,2,1,ON,1,1024,1,25,100,512MB,4000,248.44,tpcc,10,4,4
1GB,2,2,1,ON,1,1024,1,25,100,5GB,4000,253.87,tpcc,10,4,4
1GB,2,2,1,ON,1,5000,1,25,100,4MB,4000,142.85,tpcc,10,4,4
1GB,2,2,1,ON,1,5000,1,25,100,48MB,4000,241.77,tpcc,10,4,4
1GB,2,2,1,ON,1,5000,1,25,100,512MB,4000,249.81,tpcc,10,4,4
1GB,2,2,1,ON,1,5000,1,25,100,5GB,4000,251.22,tpcc,10,4,4
1GB,2,2,1,ON,1,10000,1,25,100,4MB,4000,141.68,tpcc,10,4,4
1GB,2,2,1,ON,1,10000,1,25,100,48MB,4000,243.53,tpcc,10,4,4
1GB,2,2,1,ON,1,10000,1,25,100,512MB,4000,255.47,tpcc,10,4,4
1GB,2,2,1,ON,1,10000,1,25,100,5GB,4000,249.47,tpcc,10,4,4
1GB,2,2,1,ON,1,100,1,25,100,48MB,1,211.83,tpcc,10,4,4
1GB,2,2,1,ON,1,100,1,25,100,48MB,1000,226.84,tpcc,10,4,4
1GB,2,2,1,ON,1,100,1,25,100,48MB,2000,225.55,tpcc,10,4,4
1GB,2,2,1,ON,1,100,1,25,100,48MB,4000,225.63,tpcc,10,4,4
1GB,2,2,1,ON,1,1024,1,25,100,48MB,1,213.92,tpcc,10,4,4
1GB,2,2,1,ON,1,1024,1,25,100,48MB,1000,230.64,tpcc,10,4,4
1GB,2,2,1,ON,1,1024,1,25,100,48MB,2000,229.50,tpcc,10,4,4
1GB,2,2,1,ON,1,1024,1,25,100,48MB,4000,227.77,tpcc,10,4,4
1GB,2,2,1,ON,1,5000,1,25,100,48MB,1,219.86,tpcc,10,4,4
1GB,2,2,1,ON,1,5000,1,25,100,48MB,1000,234.42,tpcc,10,4,4
1GB,2,2,1,ON,1,5000,1,25,100,48MB,2000,236.68,tpcc,10,4,4
1GB,2,2,1,ON,1,5000,1,25,100,48MB,4000,235.40,tpcc,10,4,4
1GB,2,2,1,ON,1,10000,1,25,100,48MB,1,220.33,tpcc,10,4,4
1GB,2,2,1,ON,1,10000,1,25,100,48MB,1000,237.84,tpcc,10,4,4
1GB,2,2,1,ON,1,10000,1,25,100,48MB,2000,238.94,tpcc,10,4,4
1GB,2,2,1,ON,1,10000,1,25,100,48MB,4000,239.96,tpcc,10,4,4
1GB,2,2,1,ON,1,1024,1,0,100,48MB,4000,146.56,tpcc,10,4,4
1GB,2,2,1,ON,1,1024,1,10,100,48MB,4000,281.46,tpcc,10,4,4
1GB,2,2,1,ON,1,1024,1,25,100,48MB,4000,290.81,tpcc,10,4,4
1GB,2,2,1,ON,1,1024,1,50,100,48MB,4000,274.38,tpcc,10,4,4
1GB,2,2,1,ON,1,1024,2,0,100,48MB,4000,164.78,tpcc,10,4,4
1GB,2,2,1,ON,1,1024,2,10,100,48MB,4000,339.56,tpcc,10,4,4
1GB,2,2,1,ON,1,1024,2,25,100,48MB,4000,327.43,tpcc,10,4,4
1GB,2,2,1,ON,1,1024,2,50,100,48MB,4000,307.37,tpcc,10,4,4
1GB,2,2,1,ON,1,1024,4,0,100,48MB,4000,180.27,tpcc,10,4,4
1GB,2,2,1,ON,1,1024,4,10,100,48MB,4000,361.50,tpcc,10,4,4
1GB,2,2,1,ON,1,1024,4,25,100,48MB,4000,354.29,tpcc,10,4,4
1GB,2,2,1,ON,1,1024,4,50,100,48MB,4000,331.54,tpcc,10,4,4
1GB,2,2,1,ON,1,1024,8,0,100,48MB,4000,184.43,tpcc,10,4,4
1GB,2,2,1,ON,1,1024,8,10,100,48MB,4000,374.87,tpcc,10,4,4
1GB,2,2,1,ON,1,1024,8,25,100,48MB,4000,372.33,tpcc,10,4,4
1GB,2,2,1,ON,1,1024,8,50,100,48MB,4000,344.48,tpcc,10,4,4
1GB,2,2,1,ON,1,1024,1,25,100,48MB,4000,250.71,tpcc,10,4,4
1GB,2,2,1,ON,1,1024,1,25,5000,48MB,4000,216.62,tpcc,10,4,4
1GB,2,2,1,ON,1,1024,1,25,10000,48MB,4000,234.35,tpcc,10,4,4
1GB,2,2,1,ON,1,1024,1,25,20000,48MB,4000,211.68,tpcc,10,4,4
1GB,2,2,1,ON,1,1024,2,25,100,48MB,4000,353.54,tpcc,10,4,4
1GB,2,2,1,ON,1,1024,2,25,5000,48MB,4000,279.78,tpcc,10,4,4
1GB,2,2,1,ON,1,1024,2,25,10000,48MB,4000,248.68,tpcc,10,4,4
1GB,2,2,1,ON,1,1024,2,25,20000,48MB,4000,216.67,tpcc,10,4,4
1GB,2,2,1,ON,1,1024,4,25,100,48MB,4000,387.72,tpcc,10,4,4
1GB,2,2,1,ON,1,1024,4,25,5000,48MB,4000,303.48,tpcc,10,4,4
1GB,2,2,1,ON,1,1024,4,25,10000,48MB,4000,266.62,tpcc,10,4,4
1GB,2,2,1,ON,1,1024,4,25,20000,48MB,4000,234.15,tpcc,10,4,4
1GB,2,2,1,ON,1,1024,8,25,100,48MB,4000,402.21,tpcc,10,4,4
1GB,2,2,1,ON,1,1024,8,25,5000,48MB,4000,313.33,tpcc,10,4,4
1GB,2,2,1,ON,1,1024,8,25,10000,48MB,4000,276.50,tpcc,10,4,4
1GB,2,2,1,ON,1,1024,8,25,20000,48MB,4000,259.90,tpcc,10,4,4
1GB,2,2,1,ON,1,1024,1,25,100,4MB,4000,185.23,tpcc,10,4,4
1GB,2,2,1,ON,1,1024,1,25,100,48MB,4000,303.29,tpcc,10,4,4
1GB,2,2,1,ON,1,1024,1,25,100,512MB,4000,305.40,tpcc,10,4,4
1GB,2,2,1,ON,1,1024,1,25,100,5GB,4000,295.08,tpcc,10,4,4
1GB,2,2,1,ON,1,1024,2,25,100,4MB,4000,165.75,tpcc,10,4,4
1GB,2,2,1,ON,1,1024,2,25,100,48MB,4000,277.40,tpcc,10,4,4
1GB,2,2,1,ON,1,1024,2,25,100,512MB,4000,271.31,tpcc,10,4,4
1GB,2,2,1,ON,1,1024,2,25,100,5GB,4000,266.15,tpcc,10,4,4
1GB,2,2,1,ON,1,1024,4,25,100,4MB,4000,164.06,tpcc,10,4,4
1GB,2,2,1,ON,1,1024,4,25,100,48MB,4000,274.40,tpcc,10,4,4
1GB,2,2,1,ON,1,1024,4,25,100,512MB,4000,287.35,tpcc,10,4,4
1GB,2,2,1,ON,1,1024,4,25,100,5GB,4000,295.80,tpcc,10,4,4
1GB,2,2,1,ON,1,1024,8,25,100,4MB,4000,160.34,tpcc,10,4,4
1GB,2,2,1,ON,1,1024,8,25,100,48MB,4000,287.75,tpcc,10,4,4
1GB,2,2,1,ON,1,1024,8,25,100,512MB,4000,308.03,tpcc,10,4,4
1GB,2,2,1,ON,1,1024,8,25,100,5GB,4000,308.98,tpcc,10,4,4
1GB,2,2,1,ON,1,1024,1,25,100,48MB,1,213.69,tpcc,10,4,4
1GB,2,2,1,ON,1,1024,1,25,100,48MB,1000,231.43,tpcc,10,4,4
1GB,2,2,1,ON,1,1024,1,25,100,48MB,2000,233.61,tpcc,10,4,4
1GB,2,2,1,ON,1,1024,1,25,100,48MB,4000,230.17,tpcc,10,4,4
1GB,2,2,1,ON,1,1024,2,25,100,48MB,1,244.06,tpcc,10,4,4
1GB,2,2,1,ON,1,1024,2,25,100,48MB,1000,252.82,tpcc,10,4,4
1GB,2,2,1,ON,1,1024,2,25,100,48MB,2000,254.71,tpcc,10,4,4
1GB,2,2,1,ON,1,1024,2,25,100,48MB,4000,250.76,tpcc,10,4,4
1GB,2,2,1,ON,1,1024,4,25,100,48MB,1,265.13,tpcc,10,4,4
1GB,2,2,1,ON,1,1024,4,25,100,48MB,1000,274.51,tpcc,10,4,4
1GB,2,2,1,ON,1,1024,4,25,100,48MB,2000,274.73,tpcc,10,4,4
1GB,2,2,1,ON,1,1024,4,25,100,48MB,4000,276.37,tpcc,10,4,4
1GB,2,2,1,ON,1,1024,8,25,100,48MB,1,279.70,tpcc,10,4,4
1GB,2,2,1,ON,1,1024,8,25,100,48MB,1000,289.11,tpcc,10,4,4
1GB,2,2,1,ON,1,1024,8,25,100,48MB,2000,287.78,tpcc,10,4,4
1GB,2,2,1,ON,1,1024,8,25,100,48MB,4000,285.88,tpcc,10,4,4
1GB,2,2,1,ON,1,1024,1,0,100,48MB,4000,143.66,tpcc,10,4,4
1GB,2,2,1,ON,1,1024,1,0,5000,48MB,4000,151.50,tpcc,10,4,4
1GB,2,2,1,ON,1,1024,1,0,10000,48MB,4000,160.45,tpcc,10,4,4
1GB,2,2,1,ON,1,1024,1,0,20000,48MB,4000,166.31,tpcc,10,4,4
1GB,2,2,1,ON,1,1024,1,10,100,48MB,4000,328.40,tpcc,10,4,4
1GB,2,2,1,ON,1,1024,1,10,5000,48MB,4000,261.12,tpcc,10,4,4
1GB,2,2,1,ON,1,1024,1,10,10000,48MB,4000,254.28,tpcc,10,4,4
1GB,2,2,1,ON,1,1024,1,10,20000,48MB,4000,253.56,tpcc,10,4,4
1GB,2,2,1,ON,1,1024,1,25,100,48MB,4000,302.57,tpcc,10,4,4
1GB,2,2,1,ON,1,1024,1,25,5000,48MB,4000,272.12,tpcc,10,4,4
1GB,2,2,1,ON,1,1024,1,25,10000,48MB,4000,257.50,tpcc,10,4,4
1GB,2,2,1,ON,1,1024,1,25,20000,48MB,4000,255.52,tpcc,10,4,4
1GB,2,2,1,ON,1,1024,1,50,100,48MB,4000,273.97,tpcc,10,4,4
1GB,2,2,1,ON,1,1024,1,50,5000,48MB,4000,249.18,tpcc,10,4,4
1GB,2,2,1,ON,1,1024,1,50,10000,48MB,4000,241.65,tpcc,10,4,4
1GB,2,2,1,ON,1,1024,1,50,20000,48MB,4000,242.73,tpcc,10,4,4
1GB,2,2,1,ON,1,1024,1,0,100,4MB,4000,111.55,tpcc,10,4,4
1GB,2,2,1,ON,1,1024,1,0,100,48MB,4000,156.53,tpcc,10,4,4
1GB,2,2,1,ON,1,1024,1,0,100,512MB,4000,169.22,tpcc,10,4,4
1GB,2,2,1,ON,1,1024,1,0,100,5GB,4000,172.34,tpcc,10,4,4
1GB,2,2,1,ON,1,1024,1,10,100,4MB,4000,203.42,tpcc,10,4,4
1GB,2,2,1,ON,1,1024,1,10,100,48MB,4000,312.60,tpcc,10,4,4
1GB,2,2,1,ON,1,1024,1,10,100,512MB,4000,283.25,tpcc,10,4,4
1GB,2,2,1,ON,1,1024,1,10,100,5GB,4000,271.74,tpcc,10,4,4
1GB,2,2,1,ON,1,1024,1,25,100,4MB,4000,164.71,tpcc,10,4,4
1GB,2,2,1,ON,1,1024,1,25,100,48MB,4000,284.67,tpcc,10,4,4
1GB,2,2,1,ON,1,1024,1,25,100,512MB,4000,286.69,tpcc,10,4,4
1GB,2,2,1,ON,1,1024,1,25,100,5GB,4000,261.95,tpcc,10,4,4
1GB,2,2,1,ON,1,1024,1,50,100,4MB,4000,150.56,tpcc,10,4,4
1GB,2,2,1,ON,1,1024,1,50,100,48MB,4000,234.77,tpcc,10,4,4
1GB,2,2,1,ON,1,1024,1,50,100,512MB,4000,229.49,tpcc,10,4,4
1GB,2,2,1,ON,1,1024,1,50,100,5GB,4000,228.50,tpcc,10,4,4
1GB,2,2,1,ON,1,1024,1,0,100,48MB,1,127.14,tpcc,10,4,4
1GB,2,2,1,ON,1,1024,1,0,100,48MB,1000,146.63,tpcc,10,4,4
1GB,2,2,1,ON,1,1024,1,0,100,48MB,2000,156.67,tpcc,10,4,4
1GB,2,2,1,ON,1,1024,1,0,100,48MB,4000,160.78,tpcc,10,4,4
1GB,2,2,1,ON,1,1024,1,10,100,48MB,1,287.80,tpcc,10,4,4
1GB,2,2,1,ON,1,1024,1,10,100,48MB,1000,289.14,tpcc,10,4,4
1GB,2,2,1,ON,1,1024,1,10,100,48MB,2000,242.04,tpcc,10,4,4
1GB,2,2,1,ON,1,1024,1,10,100,48MB,4000,243.78,tpcc,10,4,4
1GB,2,2,1,ON,1,1024,1,25,100,48MB,1,260.41,tpcc,10,4,4
1GB,2,2,1,ON,1,1024,1,25,100,48MB,1000,269.86,tpcc,10,4,4
1GB,2,2,1,ON,1,1024,1,25,100,48MB,2000,256.02,tpcc,10,4,4
1GB,2,2,1,ON,1,1024,1,25,100,48MB,4000,245.25,tpcc,10,4,4
1GB,2,2,1,ON,1,1024,1,50,100,48MB,1,225.62,tpcc,10,4,4
1GB,2,2,1,ON,1,1024,1,50,100,48MB,1000,230.71,tpcc,10,4,4
1GB,2,2,1,ON,1,1024,1,50,100,48MB,2000,219.57,tpcc,10,4,4
1GB,2,2,1,ON,1,1024,1,50,100,48MB,4000,211.07,tpcc,10,4,4
1GB,2,2,1,ON,1,1024,1,25,100,4MB,4000,123.47,tpcc,10,4,4
1GB,2,2,1,ON,1,1024,1,25,100,48MB,4000,225.81,tpcc,10,4,4
1GB,2,2,1,ON,1,1024,1,25,100,512MB,4000,238.17,tpcc,10,4,4
1GB,2,2,1,ON,1,1024,1,25,100,5GB,4000,243.26,tpcc,10,4,4
1GB,2,2,1,ON,1,1024,1,25,5000,4MB,4000,108.97,tpcc,10,4,4
1GB,2,2,1,ON,1,1024,1,25,5000,48MB,4000,326.96,tpcc,10,4,4
1GB,2,2,1,ON,1,1024,1,25,5000,512MB,4000,330.67,tpcc,10,4,4
1GB,2,2,1,ON,1,1024,1,25,5000,5GB,4000,327.43,tpcc,10,4,4
1GB,2,2,1,ON,1,1024,1,25,10000,4MB,4000,190.01,tpcc,10,4,4
1GB,2,2,1,ON,1,1024,1,25,10000,48MB,4000,297.10,tpcc,10,4,4
1GB,2,2,1,ON,1,1024,1,25,10000,512MB,4000,291.16,tpcc,10,4,4
1GB,2,2,1,ON,1,1024,1,25,10000,5GB,4000,293.58,tpcc,10,4,4
1GB,2,2,1,ON,1,1024,1,25,20000,4MB,4000,179.46,tpcc,10,4,4
1GB,2,2,1,ON,1,1024,1,25,20000,48MB,4000,258.55,tpcc,10,4,4
1GB,2,2,1,ON,1,1024,1,25,20000,512MB,4000,256.04,tpcc,10,4,4
1GB,2,2,1,ON,1,1024,1,25,20000,5GB,4000,258.22,tpcc,10,4,4
1GB,2,2,1,ON,1,1024,1,25,100,48MB,1,316.85,tpcc,10,4,4
1GB,2,2,1,ON,1,1024,1,25,100,48MB,1000,325.23,tpcc,10,4,4
1GB,2,2,1,ON,1,1024,1,25,100,48MB,2000,308.55,tpcc,10,4,4
1GB,2,2,1,ON,1,1024,1,25,100,48MB,4000,305.20,tpcc,10,4,4
1GB,2,2,1,ON,1,1024,1,25,5000,48MB,1,286.35,tpcc,10,4,4
1GB,2,2,1,ON,1,1024,1,25,5000,48MB,1000,330.30,tpcc,10,4,4
1GB,2,2,1,ON,1,1024,1,25,5000,48MB,2000,326.26,tpcc,10,4,4
1GB,2,2,1,ON,1,1024,1,25,5000,48MB,4000,328.66,tpcc,10,4,4
1GB,2,2,1,ON,1,1024,1,25,10000,48MB,1,305.01,tpcc,10,4,4
1GB,2,2,1,ON,1,1024,1,25,10000,48MB,1000,329.47,tpcc,10,4,4
1GB,2,2,1,ON,1,1024,1,25,10000,48MB,2000,329.92,tpcc,10,4,4
1GB,2,2,1,ON,1,1024,1,25,10000,48MB,4000,327.54,tpcc,10,4,4
1GB,2,2,1,ON,1,1024,1,25,20000,48MB,1,300.75,tpcc,10,4,4
1GB,2,2,1,ON,1,1024,1,25,20000,48MB,1000,326.78,tpcc,10,4,4
1GB,2,2,1,ON,1,1024,1,25,20000,48MB,2000,325.64,tpcc,10,4,4
1GB,2,2,1,ON,1,1024,1,25,20000,48MB,4000,324.36,tpcc,10,4,4
1GB,2,2,1,ON,1,1024,1,25,100,4MB,1,178.48,tpcc,10,4,4
1GB,2,2,1,ON,1,1024,1,25,100,4MB,1000,169.97,tpcc,10,4,4
1GB,2,2,1,ON,1,1024,1,25,100,4MB,2000,174.03,tpcc,10,4,4
1GB,2,2,1,ON,1,1024,1,25,100,4MB,4000,168.71,tpcc,10,4,4
1GB,2,2,1,ON,1,1024,1,25,100,48MB,1,272.96,tpcc,10,4,4
1GB,2,2,1,ON,1,1024,1,25,100,48MB,1000,296.91,tpcc,10,4,4
1GB,2,2,1,ON,1,1024,1,25,100,48MB,2000,292.23,tpcc,10,4,4
1GB,2,2,1,ON,1,1024,1,25,100,48MB,4000,285.72,tpcc,10,4,4
1GB,2,2,1,ON,1,1024,1,25,100,512MB,1,278.18,tpcc,10,4,4
1GB,2,2,1,ON,1,1024,1,25,100,512MB,1000,302.66,tpcc,10,4,4
1GB,2,2,1,ON,1,1024,1,25,100,512MB,2000,303.73,tpcc,10,4,4
1GB,2,2,1,ON,1,1024,1,25,100,512MB,4000,300.55,tpcc,10,4,4
1GB,2,2,1,ON,1,1024,1,25,100,5GB,1,273.99,tpcc,10,4,4
1GB,2,2,1,ON,1,1024,1,25,100,5GB,1000,309.94,tpcc,10,4,4
1GB,2,2,1,ON,1,1024,1,25,100,5GB,2000,301.68,tpcc,10,4,4
1GB,2,2,1,ON,1,1024,1,25,100,5GB,4000,306.14,tpcc,10,4,4
