innodb_read_io_threads,innodb_buffer_pool_size,innodb_write_io_threads,innodb_flush_log_at_trx_commit,innodb_adaptive_hash_index,sync_binlog,innodb_lru_scan_depth,innodb_buffer_pool_instances,innodb_change_buffer_max_size,innodb_io_capacity,innodb_log_file_size,table_open_cache,tps,workload,num_table,table_size,num_client
1,1GB,2,1,ON,1,1024,1,25,100,48MB,4000,700.84,oltp_read_only,64,1000000,4
1,2GB,2,1,ON,1,1024,1,25,100,48MB,4000,694.81,oltp_read_only,64,1000000,4
1,3GB,2,1,ON,1,1024,1,25,100,48MB,4000,703.05,oltp_read_only,64,1000000,4
1,4GB,2,1,ON,1,1024,1,25,100,48MB,4000,710.07,oltp_read_only,64,1000000,4
1,6GB,2,1,ON,1,1024,1,25,100,48MB,4000,705.03,oltp_read_only,64,1000000,4
1,8GB,2,1,ON,1,1024,1,25,100,48MB,4000,742.70,oltp_read_only,64,1000000,4
1,9GB,2,1,ON,1,1024,1,25,100,48MB,4000,799.01,oltp_read_only,64,1000000,4
1,12GB,2,1,ON,1,1024,1,25,100,48MB,4000,849.43,oltp_read_only,64,1000000,4
1,16GB,2,1,ON,1,1024,1,25,100,48MB,4000,728.64,oltp_read_only,64,1000000,4
1,18GB,2,1,ON,1,1024,1,25,100,48MB,4000,781.78,oltp_read_only,64,1000000,4
1,24GB,2,1,ON,1,1024,1,25,100,48MB,4000,850.71,oltp_read_only,64,1000000,4
2,1GB,2,1,ON,1,1024,1,25,100,48MB,4000,754.63,oltp_read_only,64,1000000,4
2,2GB,2,1,ON,1,1024,1,25,100,48MB,4000,705.88,oltp_read_only,64,1000000,4
2,3GB,2,1,ON,1,1024,1,25,100,48MB,4000,694.80,oltp_read_only,64,1000000,4
2,4GB,2,1,ON,1,1024,1,25,100,48MB,4000,686.00,oltp_read_only,64,1000000,4
2,6GB,2,1,ON,1,1024,1,25,100,48MB,4000,683.38,oltp_read_only,64,1000000,4
2,8GB,2,1,ON,1,1024,1,25,100,48MB,4000,743.56,oltp_read_only,64,1000000,4
2,9GB,2,1,ON,1,1024,1,25,100,48MB,4000,766.66,oltp_read_only,64,1000000,4
2,12GB,2,1,ON,1,1024,1,25,100,48MB,4000,816.91,oltp_read_only,64,1000000,4
2,16GB,2,1,ON,1,1024,1,25,100,48MB,4000,783.12,oltp_read_only,64,1000000,4
2,18GB,2,1,ON,1,1024,1,25,100,48MB,4000,878.04,oltp_read_only,64,1000000,4
2,24GB,2,1,ON,1,1024,1,25,100,48MB,4000,808.57,oltp_read_only,64,1000000,4
3,1GB,2,1,ON,1,1024,1,25,100,48MB,4000,762.30,oltp_read_only,64,1000000,4
3,2GB,2,1,ON,1,1024,1,25,100,48MB,4000,735.97,oltp_read_only,64,1000000,4
3,3GB,2,1,ON,1,1024,1,25,100,48MB,4000,669.17,oltp_read_only,64,1000000,4
3,4GB,2,1,ON,1,1024,1,25,100,48MB,4000,737.01,oltp_read_only,64,1000000,4
3,6GB,2,1,ON,1,1024,1,25,100,48MB,4000,686.12,oltp_read_only,64,1000000,4
3,8GB,2,1,ON,1,1024,1,25,100,48MB,4000,794.46,oltp_read_only,64,1000000,4
3,9GB,2,1,ON,1,1024,1,25,100,48MB,4000,691.18,oltp_read_only,64,1000000,4
3,12GB,2,1,ON,1,1024,1,25,100,48MB,4000,805.09,oltp_read_only,64,1000000,4
3,16GB,2,1,ON,1,1024,1,25,100,48MB,4000,842.31,oltp_read_only,64,1000000,4
3,18GB,2,1,ON,1,1024,1,25,100,48MB,4000,732.71,oltp_read_only,64,1000000,4
3,24GB,2,1,ON,1,1024,1,25,100,48MB,4000,741.31,oltp_read_only,64,1000000,4
7,1GB,2,1,ON,1,1024,1,25,100,48MB,4000,687.97,oltp_read_only,64,1000000,4
7,2GB,2,1,ON,1,1024,1,25,100,48MB,4000,700.95,oltp_read_only,64,1000000,4
7,3GB,2,1,ON,1,1024,1,25,100,48MB,4000,775.01,oltp_read_only,64,1000000,4
7,4GB,2,1,ON,1,1024,1,25,100,48MB,4000,666.70,oltp_read_only,64,1000000,4
7,6GB,2,1,ON,1,1024,1,25,100,48MB,4000,766.26,oltp_read_only,64,1000000,4
7,8GB,2,1,ON,1,1024,1,25,100,48MB,4000,758.01,oltp_read_only,64,1000000,4
7,9GB,2,1,ON,1,1024,1,25,100,48MB,4000,794.27,oltp_read_only,64,1000000,4
7,12GB,2,1,ON,1,1024,1,25,100,48MB,4000,819.12,oltp_read_only,64,1000000,4
7,16GB,2,1,ON,1,1024,1,25,100,48MB,4000,740.11,oltp_read_only,64,1000000,4
7,18GB,2,1,ON,1,1024,1,25,100,48MB,4000,762.85,oltp_read_only,64,1000000,4
7,24GB,2,1,ON,1,1024,1,25,100,48MB,4000,834.20,oltp_read_only,64,1000000,4
15,1GB,2,1,ON,1,1024,1,25,100,48MB,4000,743.94,oltp_read_only,64,1000000,4
15,2GB,2,1,ON,1,1024,1,25,100,48MB,4000,754.12,oltp_read_only,64,1000000,4
15,3GB,2,1,ON,1,1024,1,25,100,48MB,4000,691.90,oltp_read_only,64,1000000,4
15,4GB,2,1,ON,1,1024,1,25,100,48MB,4000,706.31,oltp_read_only,64,1000000,4
15,6GB,2,1,ON,1,1024,1,25,100,48MB,4000,722.98,oltp_read_only,64,1000000,4
15,8GB,2,1,ON,1,1024,1,25,100,48MB,4000,772.67,oltp_read_only,64,1000000,4
15,9GB,2,1,ON,1,1024,1,25,100,48MB,4000,717.65,oltp_read_only,64,1000000,4
15,12GB,2,1,ON,1,1024,1,25,100,48MB,4000,766.78,oltp_read_only,64,1000000,4
15,16GB,2,1,ON,1,1024,1,25,100,48MB,4000,807.97,oltp_read_only,64,1000000,4
15,18GB,2,1,ON,1,1024,1,25,100,48MB,4000,817.64,oltp_read_only,64,1000000,4
15,24GB,2,1,ON,1,1024,1,25,100,48MB,4000,732.17,oltp_read_only,64,1000000,4
1,1GB,1,1,ON,1,1024,1,25,100,48MB,4000,730.08,oltp_read_only,64,1000000,4
1,1GB,2,1,ON,1,1024,1,25,100,48MB,4000,743.06,oltp_read_only,64,1000000,4
1,1GB,3,1,ON,1,1024,1,25,100,48MB,4000,721.55,oltp_read_only,64,1000000,4
1,1GB,7,1,ON,1,1024,1,25,100,48MB,4000,761.38,oltp_read_only,64,1000000,4
1,1GB,15,1,ON,1,1024,1,25,100,48MB,4000,755.63,oltp_read_only,64,1000000,4
1,1GB,23,1,ON,1,1024,1,25,100,48MB,4000,715.07,oltp_read_only,64,1000000,4
2,1GB,1,1,ON,1,1024,1,25,100,48MB,4000,701.82,oltp_read_only,64,1000000,4
2,1GB,2,1,ON,1,1024,1,25,100,48MB,4000,753.50,oltp_read_only,64,1000000,4
2,1GB,3,1,ON,1,1024,1,25,100,48MB,4000,783.07,oltp_read_only,64,1000000,4
2,1GB,7,1,ON,1,1024,1,25,100,48MB,4000,727.37,oltp_read_only,64,1000000,4
2,1GB,15,1,ON,1,1024,1,25,100,48MB,4000,726.98,oltp_read_only,64,1000000,4
3,1GB,1,1,ON,1,1024,1,25,100,48MB,4000,732.81,oltp_read_only,64,1000000,4
3,1GB,2,1,ON,1,1024,1,25,100,48MB,4000,730.17,oltp_read_only,64,1000000,4
3,1GB,3,1,ON,1,1024,1,25,100,48MB,4000,689.77,oltp_read_only,64,1000000,4
3,1GB,7,1,ON,1,1024,1,25,100,48MB,4000,726.57,oltp_read_only,64,1000000,4
3,1GB,15,1,ON,1,1024,1,25,100,48MB,4000,764.45,oltp_read_only,64,1000000,4
7,1GB,1,1,ON,1,1024,1,25,100,48MB,4000,714.69,oltp_read_only,64,1000000,4
7,1GB,2,1,ON,1,1024,1,25,100,48MB,4000,756.07,oltp_read_only,64,1000000,4
7,1GB,3,1,ON,1,1024,1,25,100,48MB,4000,754.57,oltp_read_only,64,1000000,4
7,1GB,7,1,ON,1,1024,1,25,100,48MB,4000,730.26,oltp_read_only,64,1000000,4
7,1GB,15,1,ON,1,1024,1,25,100,48MB,4000,725.07,oltp_read_only,64,1000000,4
15,1GB,1,1,ON,1,1024,1,25,100,48MB,4000,710.08,oltp_read_only,64,1000000,4
15,1GB,2,1,ON,1,1024,1,25,100,48MB,4000,719.81,oltp_read_only,64,1000000,4
15,1GB,3,1,ON,1,1024,1,25,100,48MB,4000,729.15,oltp_read_only,64,1000000,4
15,1GB,7,1,ON,1,1024,1,25,100,48MB,4000,731.71,oltp_read_only,64,1000000,4
23,1GB,1,1,ON,1,1024,1,25,100,48MB,4000,687.42,oltp_read_only,64,1000000,4
1,1GB,2,0,ON,1,1024,1,25,100,48MB,4000,724.61,oltp_read_only,64,1000000,4
1,1GB,2,1,ON,1,1024,1,25,100,48MB,4000,724.31,oltp_read_only,64,1000000,4
1,1GB,2,2,ON,1,1024,1,25,100,48MB,4000,723.65,oltp_read_only,64,1000000,4
2,1GB,2,0,ON,1,1024,1,25,100,48MB,4000,744.54,oltp_read_only,64,1000000,4
2,1GB,2,1,ON,1,1024,1,25,100,48MB,4000,718.42,oltp_read_only,64,1000000,4
2,1GB,2,2,ON,1,1024,1,25,100,48MB,4000,745.60,oltp_read_only,64,1000000,4
3,1GB,2,0,ON,1,1024,1,25,100,48MB,4000,739.80,oltp_read_only,64,1000000,4
3,1GB,2,1,ON,1,1024,1,25,100,48MB,4000,769.17,oltp_read_only,64,1000000,4
3,1GB,2,2,ON,1,1024,1,25,100,48MB,4000,711.09,oltp_read_only,64,1000000,4
7,1GB,2,0,ON,1,1024,1,25,100,48MB,4000,753.42,oltp_read_only,64,1000000,4
7,1GB,2,1,ON,1,1024,1,25,100,48MB,4000,766.85,oltp_read_only,64,1000000,4
7,1GB,2,2,ON,1,1024,1,25,100,48MB,4000,763.75,oltp_read_only,64,1000000,4
15,1GB,2,0,ON,1,1024,1,25,100,48MB,4000,694.46,oltp_read_only,64,1000000,4
15,1GB,2,1,ON,1,1024,1,25,100,48MB,4000,747.19,oltp_read_only,64,1000000,4
15,1GB,2,2,ON,1,1024,1,25,100,48MB,4000,757.55,oltp_read_only,64,1000000,4
1,1GB,2,1,ON,1,1024,1,25,100,48MB,4000,724.63,oltp_read_only,64,1000000,4
1,1GB,2,1,OFF,1,1024,1,25,100,48MB,4000,751.48,oltp_read_only,64,1000000,4
2,1GB,2,1,ON,1,1024,1,25,100,48MB,4000,749.63,oltp_read_only,64,1000000,4
2,1GB,2,1,OFF,1,1024,1,25,100,48MB,4000,692.83,oltp_read_only,64,1000000,4
3,1GB,2,1,ON,1,1024,1,25,100,48MB,4000,715.14,oltp_read_only,64,1000000,4
3,1GB,2,1,OFF,1,1024,1,25,100,48MB,4000,754.83,oltp_read_only,64,1000000,4
7,1GB,2,1,ON,1,1024,1,25,100,48MB,4000,749.79,oltp_read_only,64,1000000,4
7,1GB,2,1,OFF,1,1024,1,25,100,48MB,4000,778.12,oltp_read_only,64,1000000,4
15,1GB,2,1,ON,1,1024,1,25,100,48MB,4000,719.87,oltp_read_only,64,1000000,4
15,1GB,2,1,OFF,1,1024,1,25,100,48MB,4000,759.06,oltp_read_only,64,1000000,4
1,1GB,2,1,ON,0,1024,1,25,100,48MB,4000,759.20,oltp_read_only,64,1000000,4
1,1GB,2,1,ON,1,1024,1,25,100,48MB,4000,780.33,oltp_read_only,64,1000000,4
2,1GB,2,1,ON,0,1024,1,25,100,48MB,4000,756.17,oltp_read_only,64,1000000,4
2,1GB,2,1,ON,1,1024,1,25,100,48MB,4000,725.22,oltp_read_only,64,1000000,4
3,1GB,2,1,ON,0,1024,1,25,100,48MB,4000,743.74,oltp_read_only,64,1000000,4
3,1GB,2,1,ON,1,1024,1,25,100,48MB,4000,693.61,oltp_read_only,64,1000000,4
7,1GB,2,1,ON,0,1024,1,25,100,48MB,4000,689.05,oltp_read_only,64,1000000,4
7,1GB,2,1,ON,1,1024,1,25,100,48MB,4000,737.49,oltp_read_only,64,1000000,4
15,1GB,2,1,ON,0,1024,1,25,100,48MB,4000,715.74,oltp_read_only,64,1000000,4
15,1GB,2,1,ON,1,1024,1,25,100,48MB,4000,738.11,oltp_read_only,64,1000000,4
1,1GB,2,1,ON,1,100,1,25,100,48MB,4000,710.94,oltp_read_only,64,1000000,4
1,1GB,2,1,ON,1,1024,1,25,100,48MB,4000,784.49,oltp_read_only,64,1000000,4
1,1GB,2,1,ON,1,5000,1,25,100,48MB,4000,727.33,oltp_read_only,64,1000000,4
1,1GB,2,1,ON,1,10000,1,25,100,48MB,4000,749.79,oltp_read_only,64,1000000,4
2,1GB,2,1,ON,1,100,1,25,100,48MB,4000,745.74,oltp_read_only,64,1000000,4
2,1GB,2,1,ON,1,1024,1,25,100,48MB,4000,729.84,oltp_read_only,64,1000000,4
2,1GB,2,1,ON,1,5000,1,25,100,48MB,4000,750.53,oltp_read_only,64,1000000,4
2,1GB,2,1,ON,1,10000,1,25,100,48MB,4000,703.33,oltp_read_only,64,1000000,4
3,1GB,2,1,ON,1,100,1,25,100,48MB,4000,712.82,oltp_read_only,64,1000000,4
3,1GB,2,1,ON,1,1024,1,25,100,48MB,4000,744.01,oltp_read_only,64,1000000,4
3,1GB,2,1,ON,1,5000,1,25,100,48MB,4000,757.98,oltp_read_only,64,1000000,4
3,1GB,2,1,ON,1,10000,1,25,100,48MB,4000,747.89,oltp_read_only,64,1000000,4
7,1GB,2,1,ON,1,100,1,25,100,48MB,4000,745.61,oltp_read_only,64,1000000,4
7,1GB,2,1,ON,1,1024,1,25,100,48MB,4000,758.69,oltp_read_only,64,1000000,4
7,1GB,2,1,ON,1,5000,1,25,100,48MB,4000,768.38,oltp_read_only,64,1000000,4
7,1GB,2,1,ON,1,10000,1,25,100,48MB,4000,748.31,oltp_read_only,64,1000000,4
15,1GB,2,1,ON,1,100,1,25,100,48MB,4000,733.39,oltp_read_only,64,1000000,4
15,1GB,2,1,ON,1,1024,1,25,100,48MB,4000,681.41,oltp_read_only,64,1000000,4
15,1GB,2,1,ON,1,5000,1,25,100,48MB,4000,732.45,oltp_read_only,64,1000000,4
15,1GB,2,1,ON,1,10000,1,25,100,48MB,4000,742.65,oltp_read_only,64,1000000,4
1,1GB,2,1,ON,1,1024,1,25,100,48MB,4000,695.35,oltp_read_only,64,1000000,4
1,1GB,2,1,ON,1,1024,2,25,100,48MB,4000,750.26,oltp_read_only,64,1000000,4
1,1GB,2,1,ON,1,1024,4,25,100,48MB,4000,718.81,oltp_read_only,64,1000000,4
1,1GB,2,1,ON,1,1024,8,25,100,48MB,4000,752.93,oltp_read_only,64,1000000,4
2,1GB,2,1,ON,1,1024,1,25,100,48MB,4000,695.11,oltp_read_only,64,1000000,4
2,1GB,2,1,ON,1,1024,2,25,100,48MB,4000,726.63,oltp_read_only,64,1000000,4
2,1GB,2,1,ON,1,1024,4,25,100,48MB,4000,731.85,oltp_read_only,64,1000000,4
2,1GB,2,1,ON,1,1024,8,25,100,48MB,4000,750.89,oltp_read_only,64,1000000,4
3,1GB,2,1,ON,1,1024,1,25,100,48MB,4000,768.94,oltp_read_only,64,1000000,4
3,1GB,2,1,ON,1,1024,2,25,100,48MB,4000,711.59,oltp_read_only,64,1000000,4
3,1GB,2,1,ON,1,1024,4,25,100,48MB,4000,702.97,oltp_read_only,64,1000000,4
3,1GB,2,1,ON,1,1024,8,25,100,48MB,4000,710.83,oltp_read_only,64,1000000,4
7,1GB,2,1,ON,1,1024,1,25,100,48MB,4000,697.40,oltp_read_only,64,1000000,4
7,1GB,2,1,ON,1,1024,2,25,100,48MB,4000,745.88,oltp_read_only,64,1000000,4
7,1GB,2,1,ON,1,1024,4,25,100,48MB,4000,725.39,oltp_read_only,64,1000000,4
7,1GB,2,1,ON,1,1024,8,25,100,48MB,4000,704.75,oltp_read_only,64,1000000,4
15,1GB,2,1,ON,1,1024,1,25,100,48MB,4000,710.98,oltp_read_only,64,1000000,4
15,1GB,2,1,ON,1,1024,2,25,100,48MB,4000,733.66,oltp_read_only,64,1000000,4
15,1GB,2,1,ON,1,1024,4,25,100,48MB,4000,752.26,oltp_read_only,64,1000000,4
15,1GB,2,1,ON,1,1024,8,25,100,48MB,4000,713.83,oltp_read_only,64,1000000,4
1,1GB,2,1,ON,1,1024,1,0,100,48MB,4000,733.56,oltp_read_only,64,1000000,4
1,1GB,2,1,ON,1,1024,1,10,100,48MB,4000,757.26,oltp_read_only,64,1000000,4
1,1GB,2,1,ON,1,1024,1,25,100,48MB,4000,728.31,oltp_read_only,64,1000000,4
1,1GB,2,1,ON,1,1024,1,50,100,48MB,4000,746.83,oltp_read_only,64,1000000,4
2,1GB,2,1,ON,1,1024,1,0,100,48MB,4000,732.15,oltp_read_only,64,1000000,4
2,1GB,2,1,ON,1,1024,1,10,100,48MB,4000,695.96,oltp_read_only,64,1000000,4
2,1GB,2,1,ON,1,1024,1,25,100,48MB,4000,729.88,oltp_read_only,64,1000000,4
2,1GB,2,1,ON,1,1024,1,50,100,48MB,4000,760.12,oltp_read_only,64,1000000,4
3,1GB,2,1,ON,1,1024,1,0,100,48MB,4000,777.38,oltp_read_only,64,1000000,4
3,1GB,2,1,ON,1,1024,1,10,100,48MB,4000,724.69,oltp_read_only,64,1000000,4
3,1GB,2,1,ON,1,1024,1,25,100,48MB,4000,746.26,oltp_read_only,64,1000000,4
3,1GB,2,1,ON,1,1024,1,50,100,48MB,4000,702.20,oltp_read_only,64,1000000,4
7,1GB,2,1,ON,1,1024,1,0,100,48MB,4000,761.86,oltp_read_only,64,1000000,4
7,1GB,2,1,ON,1,1024,1,10,100,48MB,4000,729.50,oltp_read_only,64,1000000,4
7,1GB,2,1,ON,1,1024,1,25,100,48MB,4000,745.80,oltp_read_only,64,1000000,4
7,1GB,2,1,ON,1,1024,1,50,100,48MB,4000,731.42,oltp_read_only,64,1000000,4
15,1GB,2,1,ON,1,1024,1,0,100,48MB,4000,767.75,oltp_read_only,64,1000000,4
15,1GB,2,1,ON,1,1024,1,10,100,48MB,4000,687.03,oltp_read_only,64,1000000,4
15,1GB,2,1,ON,1,1024,1,25,100,48MB,4000,719.61,oltp_read_only,64,1000000,4
15,1GB,2,1,ON,1,1024,1,50,100,48MB,4000,740.81,oltp_read_only,64,1000000,4
1,1GB,2,1,ON,1,1024,1,25,100,48MB,4000,750.42,oltp_read_only,64,1000000,4
1,1GB,2,1,ON,1,1024,1,25,5000,48MB,4000,741.59,oltp_read_only,64,1000000,4
1,1GB,2,1,ON,1,1024,1,25,10000,48MB,4000,743.63,oltp_read_only,64,1000000,4
1,1GB,2,1,ON,1,1024,1,25,20000,48MB,4000,771.04,oltp_read_only,64,1000000,4
2,1GB,2,1,ON,1,1024,1,25,100,48MB,4000,723.62,oltp_read_only,64,1000000,4
2,1GB,2,1,ON,1,1024,1,25,5000,48MB,4000,736.35,oltp_read_only,64,1000000,4
2,1GB,2,1,ON,1,1024,1,25,10000,48MB,4000,729.96,oltp_read_only,64,1000000,4
2,1GB,2,1,ON,1,1024,1,25,20000,48MB,4000,744.93,oltp_read_only,64,1000000,4
3,1GB,2,1,ON,1,1024,1,25,100,48MB,4000,731.47,oltp_read_only,64,1000000,4
3,1GB,2,1,ON,1,1024,1,25,5000,48MB,4000,723.40,oltp_read_only,64,1000000,4
3,1GB,2,1,ON,1,1024,1,25,10000,48MB,4000,740.13,oltp_read_only,64,1000000,4
3,1GB,2,1,ON,1,1024,1,25,20000,48MB,4000,735.27,oltp_read_only,64,1000000,4
7,1GB,2,1,ON,1,1024,1,25,100,48MB,4000,733.33,oltp_read_only,64,1000000,4
7,1GB,2,1,ON,1,1024,1,25,5000,48MB,4000,746.19,oltp_read_only,64,1000000,4
7,1GB,2,1,ON,1,1024,1,25,10000,48MB,4000,704.55,oltp_read_only,64,1000000,4
7,1GB,2,1,ON,1,1024,1,25,20000,48MB,4000,697.15,oltp_read_only,64,1000000,4
15,1GB,2,1,ON,1,1024,1,25,100,48MB,4000,715.19,oltp_read_only,64,1000000,4
15,1GB,2,1,ON,1,1024,1,25,5000,48MB,4000,729.83,oltp_read_only,64,1000000,4
15,1GB,2,1,ON,1,1024,1,25,10000,48MB,4000,758.60,oltp_read_only,64,1000000,4
15,1GB,2,1,ON,1,1024,1,25,20000,48MB,4000,764.38,oltp_read_only,64,1000000,4
1,1GB,2,1,ON,1,1024,1,25,100,4MB,4000,716.37,oltp_read_only,64,1000000,4
1,1GB,2,1,ON,1,1024,1,25,100,48MB,4000,754.02,oltp_read_only,64,1000000,4
1,1GB,2,1,ON,1,1024,1,25,100,512MB,4000,710.14,oltp_read_only,64,1000000,4
1,1GB,2,1,ON,1,1024,1,25,100,5GB,4000,716.36,oltp_read_only,64,1000000,4
2,1GB,2,1,ON,1,1024,1,25,100,4MB,4000,751.23,oltp_read_only,64,1000000,4
2,1GB,2,1,ON,1,1024,1,25,100,48MB,4000,725.68,oltp_read_only,64,1000000,4
2,1GB,2,1,ON,1,1024,1,25,100,512MB,4000,708.50,oltp_read_only,64,1000000,4
2,1GB,2,1,ON,1,1024,1,25,100,5GB,4000,730.32,oltp_read_only,64,1000000,4
3,1GB,2,1,ON,1,1024,1,25,100,4MB,4000,704.12,oltp_read_only,64,1000000,4
3,1GB,2,1,ON,1,1024,1,25,100,48MB,4000,740.87,oltp_read_only,64,1000000,4
3,1GB,2,1,ON,1,1024,1,25,100,512MB,4000,753.58,oltp_read_only,64,1000000,4
3,1GB,2,1,ON,1,1024,1,25,100,5GB,4000,747.58,oltp_read_only,64,1000000,4
7,1GB,2,1,ON,1,1024,1,25,100,4MB,4000,744.23,oltp_read_only,64,1000000,4
7,1GB,2,1,ON,1,1024,1,25,100,48MB,4000,767.25,oltp_read_only,64,1000000,4
7,1GB,2,1,ON,1,1024,1,25,100,512MB,4000,743.30,oltp_read_only,64,1000000,4
7,1GB,2,1,ON,1,1024,1,25,100,5GB,4000,715.44,oltp_read_only,64,1000000,4
15,1GB,2,1,ON,1,1024,1,25,100,4MB,4000,738.55,oltp_read_only,64,1000000,4
15,1GB,2,1,ON,1,1024,1,25,100,48MB,4000,747.48,oltp_read_only,64,1000000,4
15,1GB,2,1,ON,1,1024,1,25,100,512MB,4000,718.19,oltp_read_only,64,1000000,4
15,1GB,2,1,ON,1,1024,1,25,100,5GB,4000,747.35,oltp_read_only,64,1000000,4
1,1GB,2,1,ON,1,1024,1,25,100,48MB,1,532.27,oltp_read_only,64,1000000,4
1,1GB,2,1,ON,1,1024,1,25,100,48MB,1000,720.78,oltp_read_only,64,1000000,4
1,1GB,2,1,ON,1,1024,1,25,100,48MB,2000,746.12,oltp_read_only,64,1000000,4
1,1GB,2,1,ON,1,1024,1,25,100,48MB,4000,713.56,oltp_read_only,64,1000000,4
2,1GB,2,1,ON,1,1024,1,25,100,48MB,1,539.36,oltp_read_only,64,1000000,4
2,1GB,2,1,ON,1,1024,1,25,100,48MB,1000,716.80,oltp_read_only,64,1000000,4
2,1GB,2,1,ON,1,1024,1,25,100,48MB,2000,752.58,oltp_read_only,64,1000000,4
2,1GB,2,1,ON,1,1024,1,25,100,48MB,4000,771.10,oltp_read_only,64,1000000,4
3,1GB,2,1,ON,1,1024,1,25,100,48MB,1,538.63,oltp_read_only,64,1000000,4
3,1GB,2,1,ON,1,1024,1,25,100,48MB,1000,709.65,oltp_read_only,64,1000000,4
3,1GB,2,1,ON,1,1024,1,25,100,48MB,2000,695.96,oltp_read_only,64,1000000,4
3,1GB,2,1,ON,1,1024,1,25,100,48MB,4000,725.42,oltp_read_only,64,1000000,4
7,1GB,2,1,ON,1,1024,1,25,100,48MB,1,534.74,oltp_read_only,64,1000000,4
7,1GB,2,1,ON,1,1024,1,25,100,48MB,1000,706.96,oltp_read_only,64,1000000,4
7,1GB,2,1,ON,1,1024,1,25,100,48MB,2000,694.63,oltp_read_only,64,1000000,4
7,1GB,2,1,ON,1,1024,1,25,100,48MB,4000,720.91,oltp_read_only,64,1000000,4
15,1GB,2,1,ON,1,1024,1,25,100,48MB,1,509.03,oltp_read_only,64,1000000,4
15,1GB,2,1,ON,1,1024,1,25,100,48MB,1000,726.32,oltp_read_only,64,1000000,4
15,1GB,2,1,ON,1,1024,1,25,100,48MB,2000,724.61,oltp_read_only,64,1000000,4
15,1GB,2,1,ON,1,1024,1,25,100,48MB,4000,746.58,oltp_read_only,64,1000000,4
2,1GB,1,1,ON,1,1024,1,25,100,48MB,4000,714.06,oltp_read_only,64,1000000,4
2,1GB,2,1,ON,1,1024,1,25,100,48MB,4000,732.30,oltp_read_only,64,1000000,4
2,1GB,3,1,ON,1,1024,1,25,100,48MB,4000,698.22,oltp_read_only,64,1000000,4
2,1GB,7,1,ON,1,1024,1,25,100,48MB,4000,711.08,oltp_read_only,64,1000000,4
2,1GB,15,1,ON,1,1024,1,25,100,48MB,4000,718.39,oltp_read_only,64,1000000,4
2,2GB,1,1,ON,1,1024,1,25,100,48MB,4000,719.59,oltp_read_only,64,1000000,4
2,2GB,2,1,ON,1,1024,1,25,100,48MB,4000,712.48,oltp_read_only,64,1000000,4
2,2GB,3,1,ON,1,1024,1,25,100,48MB,4000,670.84,oltp_read_only,64,1000000,4
2,2GB,7,1,ON,1,1024,1,25,100,48MB,4000,698.93,oltp_read_only,64,1000000,4
2,2GB,15,1,ON,1,1024,1,25,100,48MB,4000,734.06,oltp_read_only,64,1000000,4
2,3GB,1,1,ON,1,1024,1,25,100,48MB,4000,759.86,oltp_read_only,64,1000000,4
2,3GB,2,1,ON,1,1024,1,25,100,48MB,4000,709.54,oltp_read_only,64,1000000,4
2,3GB,3,1,ON,1,1024,1,25,100,48MB,4000,680.61,oltp_read_only,64,1000000,4
2,3GB,7,1,ON,1,1024,1,25,100,48MB,4000,721.72,oltp_read_only,64,1000000,4
2,3GB,15,1,ON,1,1024,1,25,100,48MB,4000,741.76,oltp_read_only,64,1000000,4
2,4GB,1,1,ON,1,1024,1,25,100,48MB,4000,703.36,oltp_read_only,64,1000000,4
2,4GB,2,1,ON,1,1024,1,25,100,48MB,4000,666.85,oltp_read_only,64,1000000,4
2,4GB,3,1,ON,1,1024,1,25,100,48MB,4000,741.42,oltp_read_only,64,1000000,4
2,4GB,7,1,ON,1,1024,1,25,100,48MB,4000,713.24,oltp_read_only,64,1000000,4
2,4GB,15,1,ON,1,1024,1,25,100,48MB,4000,768.78,oltp_read_only,64,1000000,4
2,6GB,1,1,ON,1,1024,1,25,100,48MB,4000,779.34,oltp_read_only,64,1000000,4
2,6GB,2,1,ON,1,1024,1,25,100,48MB,4000,712.88,oltp_read_only,64,1000000,4
2,6GB,3,1,ON,1,1024,1,25,100,48MB,4000,780.96,oltp_read_only,64,1000000,4
2,6GB,7,1,ON,1,1024,1,25,100,48MB,4000,776.32,oltp_read_only,64,1000000,4
2,6GB,15,1,ON,1,1024,1,25,100,48MB,4000,759.18,oltp_read_only,64,1000000,4
2,8GB,1,1,ON,1,1024,1,25,100,48MB,4000,808.78,oltp_read_only,64,1000000,4
2,8GB,2,1,ON,1,1024,1,25,100,48MB,4000,805.45,oltp_read_only,64,1000000,4
2,8GB,3,1,ON,1,1024,1,25,100,48MB,4000,744.15,oltp_read_only,64,1000000,4
2,8GB,7,1,ON,1,1024,1,25,100,48MB,4000,777.65,oltp_read_only,64,1000000,4
2,8GB,15,1,ON,1,1024,1,25,100,48MB,4000,778.16,oltp_read_only,64,1000000,4
2,9GB,1,1,ON,1,1024,1,25,100,48MB,4000,823.54,oltp_read_only,64,1000000,4
2,9GB,2,1,ON,1,1024,1,25,100,48MB,4000,844.56,oltp_read_only,64,1000000,4
2,9GB,3,1,ON,1,1024,1,25,100,48MB,4000,789.11,oltp_read_only,64,1000000,4
2,9GB,7,1,ON,1,1024,1,25,100,48MB,4000,819.31,oltp_read_only,64,1000000,4
2,9GB,15,1,ON,1,1024,1,25,100,48MB,4000,802.88,oltp_read_only,64,1000000,4
2,12GB,1,1,ON,1,1024,1,25,100,48MB,4000,777.27,oltp_read_only,64,1000000,4
2,12GB,2,1,ON,1,1024,1,25,100,48MB,4000,821.81,oltp_read_only,64,1000000,4
2,12GB,3,1,ON,1,1024,1,25,100,48MB,4000,740.87,oltp_read_only,64,1000000,4
2,12GB,7,1,ON,1,1024,1,25,100,48MB,4000,768.30,oltp_read_only,64,1000000,4
2,12GB,15,1,ON,1,1024,1,25,100,48MB,4000,790.32,oltp_read_only,64,1000000,4
2,16GB,1,1,ON,1,1024,1,25,100,48MB,4000,798.79,oltp_read_only,64,1000000,4
2,16GB,2,1,ON,1,1024,1,25,100,48MB,4000,833.77,oltp_read_only,64,1000000,4
2,16GB,3,1,ON,1,1024,1,25,100,48MB,4000,818.05,oltp_read_only,64,1000000,4
2,16GB,7,1,ON,1,1024,1,25,100,48MB,4000,830.79,oltp_read_only,64,1000000,4
2,16GB,15,1,ON,1,1024,1,25,100,48MB,4000,831.56,oltp_read_only,64,1000000,4
2,18GB,1,1,ON,1,1024,1,25,100,48MB,4000,799.87,oltp_read_only,64,1000000,4
2,18GB,2,1,ON,1,1024,1,25,100,48MB,4000,784.38,oltp_read_only,64,1000000,4
2,18GB,3,1,ON,1,1024,1,25,100,48MB,4000,811.61,oltp_read_only,64,1000000,4
2,18GB,7,1,ON,1,1024,1,25,100,48MB,4000,682.15,oltp_read_only,64,1000000,4
2,18GB,15,1,ON,1,1024,1,25,100,48MB,4000,691.25,oltp_read_only,64,1000000,4
2,24GB,1,1,ON,1,1024,1,25,100,48MB,4000,746.04,oltp_read_only,64,1000000,4
2,24GB,2,1,ON,1,1024,1,25,100,48MB,4000,823.51,oltp_read_only,64,1000000,4
2,24GB,3,1,ON,1,1024,1,25,100,48MB,4000,803.62,oltp_read_only,64,1000000,4
2,24GB,7,1,ON,1,1024,1,25,100,48MB,4000,814.99,oltp_read_only,64,1000000,4
2,24GB,15,1,ON,1,1024,1,25,100,48MB,4000,719.77,oltp_read_only,64,1000000,4
2,1GB,2,0,ON,1,1024,1,25,100,48MB,4000,690.54,oltp_read_only,64,1000000,4
2,1GB,2,1,ON,1,1024,1,25,100,48MB,4000,740.61,oltp_read_only,64,1000000,4
2,1GB,2,2,ON,1,1024,1,25,100,48MB,4000,719.55,oltp_read_only,64,1000000,4
2,2GB,2,0,ON,1,1024,1,25,100,48MB,4000,685.43,oltp_read_only,64,1000000,4
2,2GB,2,1,ON,1,1024,1,25,100,48MB,4000,681.64,oltp_read_only,64,1000000,4
2,2GB,2,2,ON,1,1024,1,25,100,48MB,4000,721.34,oltp_read_only,64,1000000,4
2,3GB,2,0,ON,1,1024,1,25,100,48MB,4000,705.75,oltp_read_only,64,1000000,4
2,3GB,2,1,ON,1,1024,1,25,100,48MB,4000,753.01,oltp_read_only,64,1000000,4
2,3GB,2,2,ON,1,1024,1,25,100,48MB,4000,730.00,oltp_read_only,64,1000000,4
2,4GB,2,0,ON,1,1024,1,25,100,48MB,4000,670.26,oltp_read_only,64,1000000,4
2,4GB,2,1,ON,1,1024,1,25,100,48MB,4000,756.74,oltp_read_only,64,1000000,4
2,4GB,2,2,ON,1,1024,1,25,100,48MB,4000,716.25,oltp_read_only,64,1000000,4
2,6GB,2,0,ON,1,1024,1,25,100,48MB,4000,667.81,oltp_read_only,64,1000000,4
2,6GB,2,1,ON,1,1024,1,25,100,48MB,4000,783.41,oltp_read_only,64,1000000,4
2,6GB,2,2,ON,1,1024,1,25,100,48MB,4000,785.02,oltp_read_only,64,1000000,4
2,8GB,2,0,ON,1,1024,1,25,100,48MB,4000,762.00,oltp_read_only,64,1000000,4
2,8GB,2,1,ON,1,1024,1,25,100,48MB,4000,806.47,oltp_read_only,64,1000000,4
2,8GB,2,2,ON,1,1024,1,25,100,48MB,4000,785.86,oltp_read_only,64,1000000,4
2,9GB,2,0,ON,1,1024,1,25,100,48MB,4000,772.03,oltp_read_only,64,1000000,4
2,9GB,2,1,ON,1,1024,1,25,100,48MB,4000,799.48,oltp_read_only,64,1000000,4
2,9GB,2,2,ON,1,1024,1,25,100,48MB,4000,824.04,oltp_read_only,64,1000000,4
2,12GB,2,0,ON,1,1024,1,25,100,48MB,4000,775.09,oltp_read_only,64,1000000,4
2,12GB,2,1,ON,1,1024,1,25,100,48MB,4000,806.94,oltp_read_only,64,1000000,4
2,12GB,2,2,ON,1,1024,1,25,100,48MB,4000,834.02,oltp_read_only,64,1000000,4
2,16GB,2,0,ON,1,1024,1,25,100,48MB,4000,751.32,oltp_read_only,64,1000000,4
2,16GB,2,1,ON,1,1024,1,25,100,48MB,4000,807.67,oltp_read_only,64,1000000,4
2,16GB,2,2,ON,1,1024,1,25,100,48MB,4000,816.51,oltp_read_only,64,1000000,4
2,18GB,2,0,ON,1,1024,1,25,100,48MB,4000,812.43,oltp_read_only,64,1000000,4
2,18GB,2,1,ON,1,1024,1,25,100,48MB,4000,805.24,oltp_read_only,64,1000000,4
2,18GB,2,2,ON,1,1024,1,25,100,48MB,4000,732.45,oltp_read_only,64,1000000,4
2,24GB,2,0,ON,1,1024,1,25,100,48MB,4000,672.21,oltp_read_only,64,1000000,4
2,24GB,2,1,ON,1,1024,1,25,100,48MB,4000,718.03,oltp_read_only,64,1000000,4
2,24GB,2,2,ON,1,1024,1,25,100,48MB,4000,740.42,oltp_read_only,64,1000000,4
2,1GB,2,1,ON,1,1024,1,25,100,48MB,4000,762.06,oltp_read_only,64,1000000,4
2,1GB,2,1,OFF,1,1024,1,25,100,48MB,4000,729.41,oltp_read_only,64,1000000,4
2,2GB,2,1,ON,1,1024,1,25,100,48MB,4000,726.99,oltp_read_only,64,1000000,4
2,2GB,2,1,OFF,1,1024,1,25,100,48MB,4000,716.09,oltp_read_only,64,1000000,4
2,3GB,2,1,ON,1,1024,1,25,100,48MB,4000,759.76,oltp_read_only,64,1000000,4
2,3GB,2,1,OFF,1,1024,1,25,100,48MB,4000,704.06,oltp_read_only,64,1000000,4
2,4GB,2,1,ON,1,1024,1,25,100,48MB,4000,780.17,oltp_read_only,64,1000000,4
2,4GB,2,1,OFF,1,1024,1,25,100,48MB,4000,744.65,oltp_read_only,64,1000000,4
2,6GB,2,1,ON,1,1024,1,25,100,48MB,4000,747.64,oltp_read_only,64,1000000,4
2,6GB,2,1,OFF,1,1024,1,25,100,48MB,4000,792.94,oltp_read_only,64,1000000,4
2,8GB,2,1,ON,1,1024,1,25,100,48MB,4000,794.49,oltp_read_only,64,1000000,4
2,8GB,2,1,OFF,1,1024,1,25,100,48MB,4000,805.49,oltp_read_only,64,1000000,4
2,9GB,2,1,ON,1,1024,1,25,100,48MB,4000,778.48,oltp_read_only,64,1000000,4
2,9GB,2,1,OFF,1,1024,1,25,100,48MB,4000,710.12,oltp_read_only,64,1000000,4
2,12GB,2,1,ON,1,1024,1,25,100,48MB,4000,809.75,oltp_read_only,64,1000000,4
2,12GB,2,1,OFF,1,1024,1,25,100,48MB,4000,847.82,oltp_read_only,64,1000000,4
2,16GB,2,1,ON,1,1024,1,25,100,48MB,4000,752.45,oltp_read_only,64,1000000,4
2,16GB,2,1,OFF,1,1024,1,25,100,48MB,4000,820.70,oltp_read_only,64,1000000,4
2,18GB,2,1,ON,1,1024,1,25,100,48MB,4000,762.58,oltp_read_only,64,1000000,4
2,18GB,2,1,OFF,1,1024,1,25,100,48MB,4000,703.86,oltp_read_only,64,1000000,4
2,24GB,2,1,ON,1,1024,1,25,100,48MB,4000,781.70,oltp_read_only,64,1000000,4
2,24GB,2,1,OFF,1,1024,1,25,100,48MB,4000,701.13,oltp_read_only,64,1000000,4
2,1GB,2,1,ON,0,1024,1,25,100,48MB,4000,711.71,oltp_read_only,64,1000000,4
2,1GB,2,1,ON,1,1024,1,25,100,48MB,4000,744.24,oltp_read_only,64,1000000,4
2,2GB,2,1,ON,0,1024,1,25,100,48MB,4000,715.24,oltp_read_only,64,1000000,4
2,2GB,2,1,ON,1,1024,1,25,100,48MB,4000,697.99,oltp_read_only,64,1000000,4
2,3GB,2,1,ON,0,1024,1,25,100,48MB,4000,680.32,oltp_read_only,64,1000000,4
2,3GB,2,1,ON,1,1024,1,25,100,48MB,4000,733.59,oltp_read_only,64,1000000,4
2,4GB,2,1,ON,0,1024,1,25,100,48MB,4000,753.56,oltp_read_only,64,1000000,4
2,4GB,2,1,ON,1,1024,1,25,100,48MB,4000,751.96,oltp_read_only,64,1000000,4
2,6GB,2,1,ON,0,1024,1,25,100,48MB,4000,772.03,oltp_read_only,64,1000000,4
2,6GB,2,1,ON,1,1024,1,25,100,48MB,4000,800.50,oltp_read_only,64,1000000,4
2,8GB,2,1,ON,0,1024,1,25,100,48MB,4000,770.15,oltp_read_only,64,1000000,4
2,8GB,2,1,ON,1,1024,1,25,100,48MB,4000,744.37,oltp_read_only,64,1000000,4
2,9GB,2,1,ON,0,1024,1,25,100,48MB,4000,785.01,oltp_read_only,64,1000000,4
2,9GB,2,1,ON,1,1024,1,25,100,48MB,4000,773.76,oltp_read_only,64,1000000,4
2,12GB,2,1,ON,0,1024,1,25,100,48MB,4000,781.17,oltp_read_only,64,1000000,4
2,12GB,2,1,ON,1,1024,1,25,100,48MB,4000,762.34,oltp_read_only,64,1000000,4
2,16GB,2,1,ON,0,1024,1,25,100,48MB,4000,836.60,oltp_read_only,64,1000000,4
2,16GB,2,1,ON,1,1024,1,25,100,48MB,4000,826.90,oltp_read_only,64,1000000,4
2,18GB,2,1,ON,0,1024,1,25,100,48MB,4000,803.05,oltp_read_only,64,1000000,4
2,18GB,2,1,ON,1,1024,1,25,100,48MB,4000,746.31,oltp_read_only,64,1000000,4
2,24GB,2,1,ON,0,1024,1,25,100,48MB,4000,815.03,oltp_read_only,64,1000000,4
2,24GB,2,1,ON,1,1024,1,25,100,48MB,4000,800.28,oltp_read_only,64,1000000,4
2,1GB,2,1,ON,1,100,1,25,100,48MB,4000,757.39,oltp_read_only,64,1000000,4
2,1GB,2,1,ON,1,1024,1,25,100,48MB,4000,689.00,oltp_read_only,64,1000000,4
2,1GB,2,1,ON,1,5000,1,25,100,48MB,4000,712.95,oltp_read_only,64,1000000,4
2,1GB,2,1,ON,1,10000,1,25,100,48MB,4000,715.62,oltp_read_only,64,1000000,4
2,2GB,2,1,ON,1,100,1,25,100,48MB,4000,740.65,oltp_read_only,64,1000000,4
2,2GB,2,1,ON,1,1024,1,25,100,48MB,4000,676.91,oltp_read_only,64,1000000,4
2,2GB,2,1,ON,1,5000,1,25,100,48MB,4000,720.05,oltp_read_only,64,1000000,4
2,2GB,2,1,ON,1,10000,1,25,100,48MB,4000,676.74,oltp_read_only,64,1000000,4
2,3GB,2,1,ON,1,100,1,25,100,48MB,4000,727.27,oltp_read_only,64,1000000,4
2,3GB,2,1,ON,1,1024,1,25,100,48MB,4000,677.84,oltp_read_only,64,1000000,4
2,3GB,2,1,ON,1,5000,1,25,100,48MB,4000,715.29,oltp_read_only,64,1000000,4
2,3GB,2,1,ON,1,10000,1,25,100,48MB,4000,726.00,oltp_read_only,64,1000000,4
2,4GB,2,1,ON,1,100,1,25,100,48MB,4000,696.92,oltp_read_only,64,1000000,4
2,4GB,2,1,ON,1,1024,1,25,100,48MB,4000,695.90,oltp_read_only,64,1000000,4
2,4GB,2,1,ON,1,5000,1,25,100,48MB,4000,785.96,oltp_read_only,64,1000000,4
2,4GB,2,1,ON,1,10000,1,25,100,48MB,4000,760.04,oltp_read_only,64,1000000,4
2,6GB,2,1,ON,1,100,1,25,100,48MB,4000,778.77,oltp_read_only,64,1000000,4
2,6GB,2,1,ON,1,1024,1,25,100,48MB,4000,785.09,oltp_read_only,64,1000000,4
2,6GB,2,1,ON,1,5000,1,25,100,48MB,4000,756.94,oltp_read_only,64,1000000,4
2,6GB,2,1,ON,1,10000,1,25,100,48MB,4000,798.84,oltp_read_only,64,1000000,4
2,8GB,2,1,ON,1,100,1,25,100,48MB,4000,771.25,oltp_read_only,64,1000000,4
2,8GB,2,1,ON,1,1024,1,25,100,48MB,4000,769.24,oltp_read_only,64,1000000,4
2,8GB,2,1,ON,1,5000,1,25,100,48MB,4000,807.92,oltp_read_only,64,1000000,4
2,8GB,2,1,ON,1,10000,1,25,100,48MB,4000,792.16,oltp_read_only,64,1000000,4
2,9GB,2,1,ON,1,100,1,25,100,48MB,4000,744.38,oltp_read_only,64,1000000,4
2,9GB,2,1,ON,1,1024,1,25,100,48MB,4000,785.24,oltp_read_only,64,1000000,4
2,9GB,2,1,ON,1,5000,1,25,100,48MB,4000,834.27,oltp_read_only,64,1000000,4
2,9GB,2,1,ON,1,10000,1,25,100,48MB,4000,744.97,oltp_read_only,64,1000000,4
2,12GB,2,1,ON,1,100,1,25,100,48MB,4000,803.66,oltp_read_only,64,1000000,4
2,12GB,2,1,ON,1,1024,1,25,100,48MB,4000,835.48,oltp_read_only,64,1000000,4
2,12GB,2,1,ON,1,5000,1,25,100,48MB,4000,799.15,oltp_read_only,64,1000000,4
2,12GB,2,1,ON,1,10000,1,25,100,48MB,4000,757.98,oltp_read_only,64,1000000,4
2,16GB,2,1,ON,1,100,1,25,100,48MB,4000,735.60,oltp_read_only,64,1000000,4
2,16GB,2,1,ON,1,1024,1,25,100,48MB,4000,792.12,oltp_read_only,64,1000000,4
2,16GB,2,1,ON,1,5000,1,25,100,48MB,4000,787.16,oltp_read_only,64,1000000,4
2,16GB,2,1,ON,1,10000,1,25,100,48MB,4000,790.96,oltp_read_only,64,1000000,4
2,18GB,2,1,ON,1,100,1,25,100,48MB,4000,823.56,oltp_read_only,64,1000000,4
2,18GB,2,1,ON,1,1024,1,25,100,48MB,4000,692.46,oltp_read_only,64,1000000,4
2,18GB,2,1,ON,1,5000,1,25,100,48MB,4000,747.18,oltp_read_only,64,1000000,4
2,18GB,2,1,ON,1,10000,1,25,100,48MB,4000,842.31,oltp_read_only,64,1000000,4
2,24GB,2,1,ON,1,100,1,25,100,48MB,4000,765.96,oltp_read_only,64,1000000,4
2,24GB,2,1,ON,1,1024,1,25,100,48MB,4000,700.58,oltp_read_only,64,1000000,4
2,24GB,2,1,ON,1,5000,1,25,100,48MB,4000,749.31,oltp_read_only,64,1000000,4
2,24GB,2,1,ON,1,10000,1,25,100,48MB,4000,784.46,oltp_read_only,64,1000000,4
2,1GB,2,1,ON,1,1024,1,25,100,48MB,4000,743.65,oltp_read_only,64,1000000,4
2,1GB,2,1,ON,1,1024,2,25,100,48MB,4000,689.94,oltp_read_only,64,1000000,4
2,1GB,2,1,ON,1,1024,4,25,100,48MB,4000,681.46,oltp_read_only,64,1000000,4
2,1GB,2,1,ON,1,1024,8,25,100,48MB,4000,740.45,oltp_read_only,64,1000000,4
2,2GB,2,1,ON,1,1024,1,25,100,48MB,4000,753.49,oltp_read_only,64,1000000,4
2,2GB,2,1,ON,1,1024,2,25,100,48MB,4000,733.35,oltp_read_only,64,1000000,4
2,2GB,2,1,ON,1,1024,4,25,100,48MB,4000,763.76,oltp_read_only,64,1000000,4
2,2GB,2,1,ON,1,1024,8,25,100,48MB,4000,741.87,oltp_read_only,64,1000000,4
2,3GB,2,1,ON,1,1024,1,25,100,48MB,4000,696.48,oltp_read_only,64,1000000,4
2,3GB,2,1,ON,1,1024,2,25,100,48MB,4000,709.27,oltp_read_only,64,1000000,4
2,3GB,2,1,ON,1,1024,4,25,100,48MB,4000,767.94,oltp_read_only,64,1000000,4
2,3GB,2,1,ON,1,1024,8,25,100,48MB,4000,714.68,oltp_read_only,64,1000000,4
2,4GB,2,1,ON,1,1024,1,25,100,48MB,4000,750.91,oltp_read_only,64,1000000,4
2,4GB,2,1,ON,1,1024,2,25,100,48MB,4000,750.55,oltp_read_only,64,1000000,4
2,4GB,2,1,ON,1,1024,4,25,100,48MB,4000,781.90,oltp_read_only,64,1000000,4
2,4GB,2,1,ON,1,1024,8,25,100,48MB,4000,760.25,oltp_read_only,64,1000000,4
2,6GB,2,1,ON,1,1024,1,25,100,48MB,4000,695.07,oltp_read_only,64,1000000,4
2,6GB,2,1,ON,1,1024,2,25,100,48MB,4000,790.91,oltp_read_only,64,1000000,4
2,6GB,2,1,ON,1,1024,4,25,100,48MB,4000,813.11,oltp_read_only,64,1000000,4
2,6GB,2,1,ON,1,1024,8,25,100,48MB,4000,771.98,oltp_read_only,64,1000000,4
2,8GB,2,1,ON,1,1024,1,25,100,48MB,4000,723.05,oltp_read_only,64,1000000,4
2,8GB,2,1,ON,1,1024,2,25,100,48MB,4000,798.26,oltp_read_only,64,1000000,4
2,8GB,2,1,ON,1,1024,4,25,100,48MB,4000,778.01,oltp_read_only,64,1000000,4
2,8GB,2,1,ON,1,1024,8,25,100,48MB,4000,795.93,oltp_read_only,64,1000000,4
2,9GB,2,1,ON,1,1024,1,25,100,48MB,4000,782.27,oltp_read_only,64,1000000,4
2,9GB,2,1,ON,1,1024,2,25,100,48MB,4000,802.32,oltp_read_only,64,1000000,4
2,9GB,2,1,ON,1,1024,4,25,100,48MB,4000,787.80,oltp_read_only,64,1000000,4
2,9GB,2,1,ON,1,1024,8,25,100,48MB,4000,774.25,oltp_read_only,64,1000000,4
2,12GB,2,1,ON,1,1024,1,25,100,48MB,4000,767.83,oltp_read_only,64,1000000,4
2,12GB,2,1,ON,1,1024,2,25,100,48MB,4000,774.45,oltp_read_only,64,1000000,4
2,12GB,2,1,ON,1,1024,4,25,100,48MB,4000,832.41,oltp_read_only,64,1000000,4
2,12GB,2,1,ON,1,1024,8,25,100,48MB,4000,829.66,oltp_read_only,64,1000000,4
2,16GB,2,1,ON,1,1024,1,25,100,48MB,4000,827.72,oltp_read_only,64,1000000,4
2,16GB,2,1,ON,1,1024,2,25,100,48MB,4000,846.11,oltp_read_only,64,1000000,4
2,16GB,2,1,ON,1,1024,4,25,100,48MB,4000,807.32,oltp_read_only,64,1000000,4
2,16GB,2,1,ON,1,1024,8,25,100,48MB,4000,705.33,oltp_read_only,64,1000000,4
2,18GB,2,1,ON,1,1024,1,25,100,48MB,4000,711.51,oltp_read_only,64,1000000,4
2,18GB,2,1,ON,1,1024,2,25,100,48MB,4000,812.91,oltp_read_only,64,1000000,4
2,18GB,2,1,ON,1,1024,4,25,100,48MB,4000,815.45,oltp_read_only,64,1000000,4
2,18GB,2,1,ON,1,1024,8,25,100,48MB,4000,813.64,oltp_read_only,64,1000000,4
2,24GB,2,1,ON,1,1024,1,25,100,48MB,4000,759.78,oltp_read_only,64,1000000,4
2,24GB,2,1,ON,1,1024,2,25,100,48MB,4000,838.55,oltp_read_only,64,1000000,4
2,24GB,2,1,ON,1,1024,4,25,100,48MB,4000,778.20,oltp_read_only,64,1000000,4
2,24GB,2,1,ON,1,1024,8,25,100,48MB,4000,796.77,oltp_read_only,64,1000000,4
2,1GB,2,1,ON,1,1024,1,0,100,48MB,4000,715.33,oltp_read_only,64,1000000,4
2,1GB,2,1,ON,1,1024,1,10,100,48MB,4000,713.40,oltp_read_only,64,1000000,4
2,1GB,2,1,ON,1,1024,1,25,100,48MB,4000,735.30,oltp_read_only,64,1000000,4
2,1GB,2,1,ON,1,1024,1,50,100,48MB,4000,758.09,oltp_read_only,64,1000000,4
2,2GB,2,1,ON,1,1024,1,0,100,48MB,4000,764.10,oltp_read_only,64,1000000,4
2,2GB,2,1,ON,1,1024,1,10,100,48MB,4000,709.53,oltp_read_only,64,1000000,4
2,2GB,2,1,ON,1,1024,1,25,100,48MB,4000,701.40,oltp_read_only,64,1000000,4
2,2GB,2,1,ON,1,1024,1,50,100,48MB,4000,756.33,oltp_read_only,64,1000000,4
2,3GB,2,1,ON,1,1024,1,0,100,48MB,4000,764.39,oltp_read_only,64,1000000,4
2,3GB,2,1,ON,1,1024,1,10,100,48MB,4000,722.79,oltp_read_only,64,1000000,4
2,3GB,2,1,ON,1,1024,1,25,100,48MB,4000,680.60,oltp_read_only,64,1000000,4
2,3GB,2,1,ON,1,1024,1,50,100,48MB,4000,716.83,oltp_read_only,64,1000000,4
2,4GB,2,1,ON,1,1024,1,0,100,48MB,4000,751.31,oltp_read_only,64,1000000,4
2,4GB,2,1,ON,1,1024,1,10,100,48MB,4000,765.27,oltp_read_only,64,1000000,4
2,4GB,2,1,ON,1,1024,1,25,100,48MB,4000,706.50,oltp_read_only,64,1000000,4
2,4GB,2,1,ON,1,1024,1,50,100,48MB,4000,720.18,oltp_read_only,64,1000000,4
2,6GB,2,1,ON,1,1024,1,0,100,48MB,4000,675.24,oltp_read_only,64,1000000,4
2,6GB,2,1,ON,1,1024,1,10,100,48MB,4000,795.06,oltp_read_only,64,1000000,4
2,6GB,2,1,ON,1,1024,1,25,100,48MB,4000,801.70,oltp_read_only,64,1000000,4
2,6GB,2,1,ON,1,1024,1,50,100,48MB,4000,763.03,oltp_read_only,64,1000000,4
2,8GB,2,1,ON,1,1024,1,0,100,48MB,4000,795.11,oltp_read_only,64,1000000,4
2,8GB,2,1,ON,1,1024,1,10,100,48MB,4000,824.29,oltp_read_only,64,1000000,4
2,8GB,2,1,ON,1,1024,1,25,100,48MB,4000,743.50,oltp_read_only,64,1000000,4
2,8GB,2,1,ON,1,1024,1,50,100,48MB,4000,814.12,oltp_read_only,64,1000000,4
2,9GB,2,1,ON,1,1024,1,0,100,48MB,4000,845.43,oltp_read_only,64,1000000,4
2,9GB,2,1,ON,1,1024,1,10,100,48MB,4000,814.95,oltp_read_only,64,1000000,4
2,9GB,2,1,ON,1,1024,1,25,100,48MB,4000,775.20,oltp_read_only,64,1000000,4
2,9GB,2,1,ON,1,1024,1,50,100,48MB,4000,775.64,oltp_read_only,64,1000000,4
2,12GB,2,1,ON,1,1024,1,0,100,48MB,4000,821.49,oltp_read_only,64,1000000,4
2,12GB,2,1,ON,1,1024,1,10,100,48MB,4000,777.21,oltp_read_only,64,1000000,4
2,12GB,2,1,ON,1,1024,1,25,100,48MB,4000,800.14,oltp_read_only,64,1000000,4
2,12GB,2,1,ON,1,1024,1,50,100,48MB,4000,838.04,oltp_read_only,64,1000000,4
2,16GB,2,1,ON,1,1024,1,0,100,48MB,4000,698.42,oltp_read_only,64,1000000,4
2,16GB,2,1,ON,1,1024,1,10,100,48MB,4000,824.65,oltp_read_only,64,1000000,4
2,16GB,2,1,ON,1,1024,1,25,100,48MB,4000,800.44,oltp_read_only,64,1000000,4
2,16GB,2,1,ON,1,1024,1,50,100,48MB,4000,815.89,oltp_read_only,64,1000000,4
2,18GB,2,1,ON,1,1024,1,0,100,48MB,4000,714.53,oltp_read_only,64,1000000,4
2,18GB,2,1,ON,1,1024,1,10,100,48MB,4000,787.14,oltp_read_only,64,1000000,4
2,18GB,2,1,ON,1,1024,1,25,100,48MB,4000,675.95,oltp_read_only,64,1000000,4
2,18GB,2,1,ON,1,1024,1,50,100,48MB,4000,760.71,oltp_read_only,64,1000000,4
2,24GB,2,1,ON,1,1024,1,0,100,48MB,4000,674.53,oltp_read_only,64,1000000,4
2,24GB,2,1,ON,1,1024,1,10,100,48MB,4000,785.76,oltp_read_only,64,1000000,4
2,24GB,2,1,ON,1,1024,1,25,100,48MB,4000,792.06,oltp_read_only,64,1000000,4
2,24GB,2,1,ON,1,1024,1,50,100,48MB,4000,716.48,oltp_read_only,64,1000000,4
2,1GB,2,1,ON,1,1024,1,25,100,48MB,4000,715.27,oltp_read_only,64,1000000,4
2,1GB,2,1,ON,1,1024,1,25,5000,48MB,4000,714.66,oltp_read_only,64,1000000,4
2,1GB,2,1,ON,1,1024,1,25,10000,48MB,4000,711.78,oltp_read_only,64,1000000,4
2,1GB,2,1,ON,1,1024,1,25,20000,48MB,4000,718.17,oltp_read_only,64,1000000,4
2,2GB,2,1,ON,1,1024,1,25,100,48MB,4000,771.02,oltp_read_only,64,1000000,4
2,2GB,2,1,ON,1,1024,1,25,5000,48MB,4000,717.61,oltp_read_only,64,1000000,4
2,2GB,2,1,ON,1,1024,1,25,10000,48MB,4000,760.91,oltp_read_only,64,1000000,4
2,2GB,2,1,ON,1,1024,1,25,20000,48MB,4000,665.81,oltp_read_only,64,1000000,4
2,3GB,2,1,ON,1,1024,1,25,100,48MB,4000,681.84,oltp_read_only,64,1000000,4
2,3GB,2,1,ON,1,1024,1,25,5000,48MB,4000,740.95,oltp_read_only,64,1000000,4
2,3GB,2,1,ON,1,1024,1,25,10000,48MB,4000,703.34,oltp_read_only,64,1000000,4
2,3GB,2,1,ON,1,1024,1,25,20000,48MB,4000,766.79,oltp_read_only,64,1000000,4
2,4GB,2,1,ON,1,1024,1,25,100,48MB,4000,736.69,oltp_read_only,64,1000000,4
2,4GB,2,1,ON,1,1024,1,25,5000,48MB,4000,716.16,oltp_read_only,64,1000000,4
2,4GB,2,1,ON,1,1024,1,25,10000,48MB,4000,764.95,oltp_read_only,64,1000000,4
2,4GB,2,1,ON,1,1024,1,25,20000,48MB,4000,781.19,oltp_read_only,64,1000000,4
2,6GB,2,1,ON,1,1024,1,25,100,48MB,4000,721.51,oltp_read_only,64,1000000,4
2,6GB,2,1,ON,1,1024,1,25,5000,48MB,4000,788.16,oltp_read_only,64,1000000,4
2,6GB,2,1,ON,1,1024,1,25,10000,48MB,4000,763.29,oltp_read_only,64,1000000,4
2,6GB,2,1,ON,1,1024,1,25,20000,48MB,4000,756.24,oltp_read_only,64,1000000,4
2,8GB,2,1,ON,1,1024,1,25,100,48MB,4000,744.88,oltp_read_only,64,1000000,4
2,8GB,2,1,ON,1,1024,1,25,5000,48MB,4000,806.47,oltp_read_only,64,1000000,4
2,8GB,2,1,ON,1,1024,1,25,10000,48MB,4000,798.56,oltp_read_only,64,1000000,4
2,8GB,2,1,ON,1,1024,1,25,20000,48MB,4000,744.68,oltp_read_only,64,1000000,4
2,9GB,2,1,ON,1,1024,1,25,100,48MB,4000,803.69,oltp_read_only,64,1000000,4
2,9GB,2,1,ON,1,1024,1,25,5000,48MB,4000,832.17,oltp_read_only,64,1000000,4
2,9GB,2,1,ON,1,1024,1,25,10000,48MB,4000,746.18,oltp_read_only,64,1000000,4
2,9GB,2,1,ON,1,1024,1,25,20000,48MB,4000,806.13,oltp_read_only,64,1000000,4
2,12GB,2,1,ON,1,1024,1,25,100,48MB,4000,724.14,oltp_read_only,64,1000000,4
2,12GB,2,1,ON,1,1024,1,25,5000,48MB,4000,716.69,oltp_read_only,64,1000000,4
2,12GB,2,1,ON,1,1024,1,25,10000,48MB,4000,765.08,oltp_read_only,64,1000000,4
2,12GB,2,1,ON,1,1024,1,25,20000,48MB,4000,816.72,oltp_read_only,64,1000000,4
2,16GB,2,1,ON,1,1024,1,25,100,48MB,4000,796.07,oltp_read_only,64,1000000,4
2,16GB,2,1,ON,1,1024,1,25,5000,48MB,4000,834.69,oltp_read_only,64,1000000,4
2,16GB,2,1,ON,1,1024,1,25,10000,48MB,4000,806.84,oltp_read_only,64,1000000,4
2,16GB,2,1,ON,1,1024,1,25,20000,48MB,4000,802.21,oltp_read_only,64,1000000,4
2,18GB,2,1,ON,1,1024,1,25,100,48MB,4000,809.30,oltp_read_only,64,1000000,4
2,18GB,2,1,ON,1,1024,1,25,5000,48MB,4000,765.54,oltp_read_only,64,1000000,4
2,18GB,2,1,ON,1,1024,1,25,10000,48MB,4000,809.74,oltp_read_only,64,1000000,4
2,18GB,2,1,ON,1,1024,1,25,20000,48MB,4000,782.08,oltp_read_only,64,1000000,4
2,24GB,2,1,ON,1,1024,1,25,100,48MB,4000,814.45,oltp_read_only,64,1000000,4
2,24GB,2,1,ON,1,1024,1,25,5000,48MB,4000,835.76,oltp_read_only,64,1000000,4
2,24GB,2,1,ON,1,1024,1,25,10000,48MB,4000,784.45,oltp_read_only,64,1000000,4
2,24GB,2,1,ON,1,1024,1,25,20000,48MB,4000,784.83,oltp_read_only,64,1000000,4
2,1GB,2,1,ON,1,1024,1,25,100,4MB,4000,723.51,oltp_read_only,64,1000000,4
2,1GB,2,1,ON,1,1024,1,25,100,48MB,4000,731.18,oltp_read_only,64,1000000,4
2,1GB,2,1,ON,1,1024,1,25,100,512MB,4000,749.55,oltp_read_only,64,1000000,4
2,1GB,2,1,ON,1,1024,1,25,100,5GB,4000,709.51,oltp_read_only,64,1000000,4
2,2GB,2,1,ON,1,1024,1,25,100,4MB,4000,731.33,oltp_read_only,64,1000000,4
2,2GB,2,1,ON,1,1024,1,25,100,48MB,4000,755.87,oltp_read_only,64,1000000,4
2,2GB,2,1,ON,1,1024,1,25,100,512MB,4000,695.45,oltp_read_only,64,1000000,4
2,2GB,2,1,ON,1,1024,1,25,100,5GB,4000,764.41,oltp_read_only,64,1000000,4
2,3GB,2,1,ON,1,1024,1,25,100,4MB,4000,716.27,oltp_read_only,64,1000000,4
2,3GB,2,1,ON,1,1024,1,25,100,48MB,4000,740.40,oltp_read_only,64,1000000,4
2,3GB,2,1,ON,1,1024,1,25,100,512MB,4000,726.22,oltp_read_only,64,1000000,4
2,3GB,2,1,ON,1,1024,1,25,100,5GB,4000,736.73,oltp_read_only,64,1000000,4
2,4GB,2,1,ON,1,1024,1,25,100,4MB,4000,740.76,oltp_read_only,64,1000000,4
2,4GB,2,1,ON,1,1024,1,25,100,48MB,4000,678.16,oltp_read_only,64,1000000,4
2,4GB,2,1,ON,1,1024,1,25,100,512MB,4000,747.90,oltp_read_only,64,1000000,4
2,4GB,2,1,ON,1,1024,1,25,100,5GB,4000,757.86,oltp_read_only,64,1000000,4
2,6GB,2,1,ON,1,1024,1,25,100,4MB,4000,796.67,oltp_read_only,64,1000000,4
2,6GB,2,1,ON,1,1024,1,25,100,48MB,4000,781.72,oltp_read_only,64,1000000,4
2,6GB,2,1,ON,1,1024,1,25,100,512MB,4000,733.73,oltp_read_only,64,1000000,4
2,6GB,2,1,ON,1,1024,1,25,100,5GB,4000,770.32,oltp_read_only,64,1000000,4
2,8GB,2,1,ON,1,1024,1,25,100,4MB,4000,724.40,oltp_read_only,64,1000000,4
2,8GB,2,1,ON,1,1024,1,25,100,48MB,4000,790.31,oltp_read_only,64,1000000,4
2,8GB,2,1,ON,1,1024,1,25,100,512MB,4000,808.65,oltp_read_only,64,1000000,4
2,8GB,2,1,ON,1,1024,1,25,100,5GB,4000,782.82,oltp_read_only,64,1000000,4
2,9GB,2,1,ON,1,1024,1,25,100,4MB,4000,820.38,oltp_read_only,64,1000000,4
2,9GB,2,1,ON,1,1024,1,25,100,48MB,4000,751.06,oltp_read_only,64,1000000,4
2,9GB,2,1,ON,1,1024,1,25,100,512MB,4000,746.62,oltp_read_only,64,1000000,4
2,9GB,2,1,ON,1,1024,1,25,100,5GB,4000,781.12,oltp_read_only,64,1000000,4
2,12GB,2,1,ON,1,1024,1,25,100,4MB,4000,819.14,oltp_read_only,64,1000000,4
2,12GB,2,1,ON,1,1024,1,25,100,48MB,4000,829.70,oltp_read_only,64,1000000,4
2,12GB,2,1,ON,1,1024,1,25,100,512MB,4000,726.62,oltp_read_only,64,1000000,4
2,12GB,2,1,ON,1,1024,1,25,100,5GB,4000,800.09,oltp_read_only,64,1000000,4
2,16GB,2,1,ON,1,1024,1,25,100,4MB,4000,702.16,oltp_read_only,64,1000000,4
2,16GB,2,1,ON,1,1024,1,25,100,48MB,4000,790.38,oltp_read_only,64,1000000,4
2,16GB,2,1,ON,1,1024,1,25,100,512MB,4000,810.03,oltp_read_only,64,1000000,4
2,16GB,2,1,ON,1,1024,1,25,100,5GB,4000,758.06,oltp_read_only,64,1000000,4
2,18GB,2,1,ON,1,1024,1,25,100,4MB,4000,808.99,oltp_read_only,64,1000000,4
2,18GB,2,1,ON,1,1024,1,25,100,48MB,4000,694.38,oltp_read_only,64,1000000,4
2,18GB,2,1,ON,1,1024,1,25,100,512MB,4000,803.00,oltp_read_only,64,1000000,4
2,18GB,2,1,ON,1,1024,1,25,100,5GB,4000,830.66,oltp_read_only,64,1000000,4
2,24GB,2,1,ON,1,1024,1,25,100,4MB,4000,793.49,oltp_read_only,64,1000000,4
2,24GB,2,1,ON,1,1024,1,25,100,48MB,4000,664.52,oltp_read_only,64,1000000,4
2,24GB,2,1,ON,1,1024,1,25,100,512MB,4000,664.24,oltp_read_only,64,1000000,4
2,24GB,2,1,ON,1,1024,1,25,100,5GB,4000,725.50,oltp_read_only,64,1000000,4
2,1GB,2,1,ON,1,1024,1,25,100,48MB,1,526.72,oltp_read_only,64,1000000,4
2,1GB,2,1,ON,1,1024,1,25,100,48MB,1000,740.68,oltp_read_only,64,1000000,4
2,1GB,2,1,ON,1,1024,1,25,100,48MB,2000,690.25,oltp_read_only,64,1000000,4
2,1GB,2,1,ON,1,1024,1,25,100,48MB,4000,704.71,oltp_read_only,64,1000000,4
2,2GB,2,1,ON,1,1024,1,25,100,48MB,1,515.13,oltp_read_only,64,1000000,4
2,2GB,2,1,ON,1,1024,1,25,100,48MB,1000,702.65,oltp_read_only,64,1000000,4
2,2GB,2,1,ON,1,1024,1,25,100,48MB,2000,715.22,oltp_read_only,64,1000000,4
2,2GB,2,1,ON,1,1024,1,25,100,48MB,4000,681.24,oltp_read_only,64,1000000,4
2,3GB,2,1,ON,1,1024,1,25,100,48MB,1,526.56,oltp_read_only,64,1000000,4
2,3GB,2,1,ON,1,1024,1,25,100,48MB,1000,679.69,oltp_read_only,64,1000000,4
2,3GB,2,1,ON,1,1024,1,25,100,48MB,2000,760.42,oltp_read_only,64,1000000,4
2,3GB,2,1,ON,1,1024,1,25,100,48MB,4000,718.47,oltp_read_only,64,1000000,4
2,4GB,2,1,ON,1,1024,1,25,100,48MB,1,549.22,oltp_read_only,64,1000000,4
2,4GB,2,1,ON,1,1024,1,25,100,48MB,1000,753.57,oltp_read_only,64,1000000,4
2,4GB,2,1,ON,1,1024,1,25,100,48MB,2000,666.81,oltp_read_only,64,1000000,4
2,4GB,2,1,ON,1,1024,1,25,100,48MB,4000,746.85,oltp_read_only,64,1000000,4
2,6GB,2,1,ON,1,1024,1,25,100,48MB,1,523.04,oltp_read_only,64,1000000,4
2,6GB,2,1,ON,1,1024,1,25,100,48MB,1000,683.79,oltp_read_only,64,1000000,4
2,6GB,2,1,ON,1,1024,1,25,100,48MB,2000,811.61,oltp_read_only,64,1000000,4
2,6GB,2,1,ON,1,1024,1,25,100,48MB,4000,703.74,oltp_read_only,64,1000000,4
2,8GB,2,1,ON,1,1024,1,25,100,48MB,1,545.94,oltp_read_only,64,1000000,4
2,8GB,2,1,ON,1,1024,1,25,100,48MB,1000,768.34,oltp_read_only,64,1000000,4
2,8GB,2,1,ON,1,1024,1,25,100,48MB,2000,778.54,oltp_read_only,64,1000000,4
2,8GB,2,1,ON,1,1024,1,25,100,48MB,4000,798.87,oltp_read_only,64,1000000,4
2,9GB,2,1,ON,1,1024,1,25,100,48MB,1,536.37,oltp_read_only,64,1000000,4
2,9GB,2,1,ON,1,1024,1,25,100,48MB,1000,703.01,oltp_read_only,64,1000000,4
2,9GB,2,1,ON,1,1024,1,25,100,48MB,2000,799.78,oltp_read_only,64,1000000,4
2,9GB,2,1,ON,1,1024,1,25,100,48MB,4000,771.73,oltp_read_only,64,1000000,4
2,12GB,2,1,ON,1,1024,1,25,100,48MB,1,504.38,oltp_read_only,64,1000000,4
2,12GB,2,1,ON,1,1024,1,25,100,48MB,1000,722.48,oltp_read_only,64,1000000,4
2,12GB,2,1,ON,1,1024,1,25,100,48MB,2000,833.17,oltp_read_only,64,1000000,4
2,12GB,2,1,ON,1,1024,1,25,100,48MB,4000,807.81,oltp_read_only,64,1000000,4
2,16GB,2,1,ON,1,1024,1,25,100,48MB,1,501.69,oltp_read_only,64,1000000,4
2,16GB,2,1,ON,1,1024,1,25,100,48MB,1000,760.65,oltp_read_only,64,1000000,4
2,16GB,2,1,ON,1,1024,1,25,100,48MB,2000,814.89,oltp_read_only,64,1000000,4
2,16GB,2,1,ON,1,1024,1,25,100,48MB,4000,706.80,oltp_read_only,64,1000000,4
2,18GB,2,1,ON,1,1024,1,25,100,48MB,1,555.92,oltp_read_only,64,1000000,4
2,18GB,2,1,ON,1,1024,1,25,100,48MB,1000,740.70,oltp_read_only,64,1000000,4
2,18GB,2,1,ON,1,1024,1,25,100,48MB,2000,760.88,oltp_read_only,64,1000000,4
2,18GB,2,1,ON,1,1024,1,25,100,48MB,4000,782.71,oltp_read_only,64,1000000,4
2,24GB,2,1,ON,1,1024,1,25,100,48MB,1,498.21,oltp_read_only,64,1000000,4
2,24GB,2,1,ON,1,1024,1,25,100,48MB,1000,724.29,oltp_read_only,64,1000000,4
2,24GB,2,1,ON,1,1024,1,25,100,48MB,2000,749.64,oltp_read_only,64,1000000,4
2,24GB,2,1,ON,1,1024,1,25,100,48MB,4000,803.92,oltp_read_only,64,1000000,4
2,1GB,1,0,ON,1,1024,1,25,100,48MB,4000,736.98,oltp_read_only,64,1000000,4
2,1GB,1,1,ON,1,1024,1,25,100,48MB,4000,723.44,oltp_read_only,64,1000000,4
2,1GB,1,2,ON,1,1024,1,25,100,48MB,4000,742.97,oltp_read_only,64,1000000,4
2,1GB,2,0,ON,1,1024,1,25,100,48MB,4000,738.31,oltp_read_only,64,1000000,4
2,1GB,2,1,ON,1,1024,1,25,100,48MB,4000,705.67,oltp_read_only,64,1000000,4
2,1GB,2,2,ON,1,1024,1,25,100,48MB,4000,741.71,oltp_read_only,64,1000000,4
2,1GB,3,0,ON,1,1024,1,25,100,48MB,4000,729.79,oltp_read_only,64,1000000,4
2,1GB,3,1,ON,1,1024,1,25,100,48MB,4000,709.66,oltp_read_only,64,1000000,4
2,1GB,3,2,ON,1,1024,1,25,100,48MB,4000,729.93,oltp_read_only,64,1000000,4
2,1GB,7,0,ON,1,1024,1,25,100,48MB,4000,702.66,oltp_read_only,64,1000000,4
2,1GB,7,1,ON,1,1024,1,25,100,48MB,4000,773.75,oltp_read_only,64,1000000,4
2,1GB,7,2,ON,1,1024,1,25,100,48MB,4000,681.86,oltp_read_only,64,1000000,4
2,1GB,15,0,ON,1,1024,1,25,100,48MB,4000,736.84,oltp_read_only,64,1000000,4
2,1GB,15,1,ON,1,1024,1,25,100,48MB,4000,749.45,oltp_read_only,64,1000000,4
2,1GB,15,2,ON,1,1024,1,25,100,48MB,4000,727.70,oltp_read_only,64,1000000,4
2,1GB,1,1,ON,1,1024,1,25,100,48MB,4000,715.64,oltp_read_only,64,1000000,4
2,1GB,1,1,OFF,1,1024,1,25,100,48MB,4000,711.83,oltp_read_only,64,1000000,4
2,1GB,2,1,ON,1,1024,1,25,100,48MB,4000,722.93,oltp_read_only,64,1000000,4
2,1GB,2,1,OFF,1,1024,1,25,100,48MB,4000,743.75,oltp_read_only,64,1000000,4
2,1GB,3,1,ON,1,1024,1,25,100,48MB,4000,716.96,oltp_read_only,64,1000000,4
2,1GB,3,1,OFF,1,1024,1,25,100,48MB,4000,725.28,oltp_read_only,64,1000000,4
2,1GB,7,1,ON,1,1024,1,25,100,48MB,4000,734.97,oltp_read_only,64,1000000,4
2,1GB,7,1,OFF,1,1024,1,25,100,48MB,4000,754.00,oltp_read_only,64,1000000,4
2,1GB,15,1,ON,1,1024,1,25,100,48MB,4000,754.37,oltp_read_only,64,1000000,4
2,1GB,15,1,OFF,1,1024,1,25,100,48MB,4000,705.37,oltp_read_only,64,1000000,4
2,1GB,1,1,ON,0,1024,1,25,100,48MB,4000,715.17,oltp_read_only,64,1000000,4
2,1GB,1,1,ON,1,1024,1,25,100,48MB,4000,762.84,oltp_read_only,64,1000000,4
2,1GB,2,1,ON,0,1024,1,25,100,48MB,4000,759.30,oltp_read_only,64,1000000,4
2,1GB,2,1,ON,1,1024,1,25,100,48MB,4000,741.86,oltp_read_only,64,1000000,4
2,1GB,3,1,ON,0,1024,1,25,100,48MB,4000,700.63,oltp_read_only,64,1000000,4
2,1GB,3,1,ON,1,1024,1,25,100,48MB,4000,732.68,oltp_read_only,64,1000000,4
2,1GB,7,1,ON,0,1024,1,25,100,48MB,4000,709.14,oltp_read_only,64,1000000,4
2,1GB,7,1,ON,1,1024,1,25,100,48MB,4000,702.85,oltp_read_only,64,1000000,4
2,1GB,15,1,ON,0,1024,1,25,100,48MB,4000,749.70,oltp_read_only,64,1000000,4
2,1GB,15,1,ON,1,1024,1,25,100,48MB,4000,688.18,oltp_read_only,64,1000000,4
2,1GB,1,1,ON,1,100,1,25,100,48MB,4000,759.93,oltp_read_only,64,1000000,4
2,1GB,1,1,ON,1,1024,1,25,100,48MB,4000,727.18,oltp_read_only,64,1000000,4
2,1GB,1,1,ON,1,5000,1,25,100,48MB,4000,732.91,oltp_read_only,64,1000000,4
2,1GB,1,1,ON,1,10000,1,25,100,48MB,4000,680.03,oltp_read_only,64,1000000,4
2,1GB,2,1,ON,1,100,1,25,100,48MB,4000,743.55,oltp_read_only,64,1000000,4
2,1GB,2,1,ON,1,1024,1,25,100,48MB,4000,734.58,oltp_read_only,64,1000000,4
2,1GB,2,1,ON,1,5000,1,25,100,48MB,4000,722.14,oltp_read_only,64,1000000,4
2,1GB,2,1,ON,1,10000,1,25,100,48MB,4000,708.11,oltp_read_only,64,1000000,4
2,1GB,3,1,ON,1,100,1,25,100,48MB,4000,706.29,oltp_read_only,64,1000000,4
2,1GB,3,1,ON,1,1024,1,25,100,48MB,4000,708.37,oltp_read_only,64,1000000,4
2,1GB,3,1,ON,1,5000,1,25,100,48MB,4000,736.70,oltp_read_only,64,1000000,4
2,1GB,3,1,ON,1,10000,1,25,100,48MB,4000,735.64,oltp_read_only,64,1000000,4
2,1GB,7,1,ON,1,100,1,25,100,48MB,4000,736.13,oltp_read_only,64,1000000,4
2,1GB,7,1,ON,1,1024,1,25,100,48MB,4000,774.84,oltp_read_only,64,1000000,4
2,1GB,7,1,ON,1,5000,1,25,100,48MB,4000,700.93,oltp_read_only,64,1000000,4
2,1GB,7,1,ON,1,10000,1,25,100,48MB,4000,716.54,oltp_read_only,64,1000000,4
2,1GB,15,1,ON,1,100,1,25,100,48MB,4000,707.19,oltp_read_only,64,1000000,4
2,1GB,15,1,ON,1,1024,1,25,100,48MB,4000,733.72,oltp_read_only,64,1000000,4
2,1GB,15,1,ON,1,5000,1,25,100,48MB,4000,709.57,oltp_read_only,64,1000000,4
2,1GB,15,1,ON,1,10000,1,25,100,48MB,4000,736.89,oltp_read_only,64,1000000,4
2,1GB,1,1,ON,1,1024,1,25,100,48MB,4000,695.50,oltp_read_only,64,1000000,4
2,1GB,1,1,ON,1,1024,2,25,100,48MB,4000,745.87,oltp_read_only,64,1000000,4
2,1GB,1,1,ON,1,1024,4,25,100,48MB,4000,774.00,oltp_read_only,64,1000000,4
2,1GB,1,1,ON,1,1024,8,25,100,48MB,4000,691.27,oltp_read_only,64,1000000,4
2,1GB,2,1,ON,1,1024,1,25,100,48MB,4000,753.20,oltp_read_only,64,1000000,4
2,1GB,2,1,ON,1,1024,2,25,100,48MB,4000,756.94,oltp_read_only,64,1000000,4
2,1GB,2,1,ON,1,1024,4,25,100,48MB,4000,683.74,oltp_read_only,64,1000000,4
2,1GB,2,1,ON,1,1024,8,25,100,48MB,4000,713.56,oltp_read_only,64,1000000,4
2,1GB,3,1,ON,1,1024,1,25,100,48MB,4000,694.85,oltp_read_only,64,1000000,4
2,1GB,3,1,ON,1,1024,2,25,100,48MB,4000,712.66,oltp_read_only,64,1000000,4
2,1GB,3,1,ON,1,1024,4,25,100,48MB,4000,697.99,oltp_read_only,64,1000000,4
2,1GB,3,1,ON,1,1024,8,25,100,48MB,4000,700.18,oltp_read_only,64,1000000,4
2,1GB,7,1,ON,1,1024,1,25,100,48MB,4000,733.14,oltp_read_only,64,1000000,4
2,1GB,7,1,ON,1,1024,2,25,100,48MB,4000,751.83,oltp_read_only,64,1000000,4
2,1GB,7,1,ON,1,1024,4,25,100,48MB,4000,684.24,oltp_read_only,64,1000000,4
2,1GB,7,1,ON,1,1024,8,25,100,48MB,4000,737.78,oltp_read_only,64,1000000,4
2,1GB,15,1,ON,1,1024,1,25,100,48MB,4000,736.90,oltp_read_only,64,1000000,4
2,1GB,15,1,ON,1,1024,2,25,100,48MB,4000,684.31,oltp_read_only,64,1000000,4
2,1GB,15,1,ON,1,1024,4,25,100,48MB,4000,746.11,oltp_read_only,64,1000000,4
2,1GB,15,1,ON,1,1024,8,25,100,48MB,4000,760.17,oltp_read_only,64,1000000,4
2,1GB,1,1,ON,1,1024,1,0,100,48MB,4000,732.60,oltp_read_only,64,1000000,4
2,1GB,1,1,ON,1,1024,1,10,100,48MB,4000,773.12,oltp_read_only,64,1000000,4
2,1GB,1,1,ON,1,1024,1,25,100,48MB,4000,701.09,oltp_read_only,64,1000000,4
2,1GB,1,1,ON,1,1024,1,50,100,48MB,4000,701.34,oltp_read_only,64,1000000,4
2,1GB,2,1,ON,1,1024,1,0,100,48MB,4000,686.11,oltp_read_only,64,1000000,4
2,1GB,2,1,ON,1,1024,1,10,100,48MB,4000,708.04,oltp_read_only,64,1000000,4
2,1GB,2,1,ON,1,1024,1,25,100,48MB,4000,684.14,oltp_read_only,64,1000000,4
2,1GB,2,1,ON,1,1024,1,50,100,48MB,4000,704.42,oltp_read_only,64,1000000,4
2,1GB,3,1,ON,1,1024,1,0,100,48MB,4000,743.40,oltp_read_only,64,1000000,4
2,1GB,3,1,ON,1,1024,1,10,100,48MB,4000,691.36,oltp_read_only,64,1000000,4
2,1GB,3,1,ON,1,1024,1,25,100,48MB,4000,684.54,oltp_read_only,64,1000000,4
2,1GB,3,1,ON,1,1024,1,50,100,48MB,4000,713.20,oltp_read_only,64,1000000,4
2,1GB,7,1,ON,1,1024,1,0,100,48MB,4000,710.47,oltp_read_only,64,1000000,4
2,1GB,7,1,ON,1,1024,1,10,100,48MB,4000,755.88,oltp_read_only,64,1000000,4
2,1GB,7,1,ON,1,1024,1,25,100,48MB,4000,760.56,oltp_read_only,64,1000000,4
2,1GB,7,1,ON,1,1024,1,50,100,48MB,4000,728.69,oltp_read_only,64,1000000,4
2,1GB,15,1,ON,1,1024,1,0,100,48MB,4000,720.06,oltp_read_only,64,1000000,4
2,1GB,15,1,ON,1,1024,1,10,100,48MB,4000,733.52,oltp_read_only,64,1000000,4
2,1GB,15,1,ON,1,1024,1,25,100,48MB,4000,722.42,oltp_read_only,64,1000000,4
2,1GB,15,1,ON,1,1024,1,50,100,48MB,4000,735.18,oltp_read_only,64,1000000,4
2,1GB,1,1,ON,1,1024,1,25,100,48MB,4000,690.78,oltp_read_only,64,1000000,4
2,1GB,1,1,ON,1,1024,1,25,5000,48MB,4000,723.27,oltp_read_only,64,1000000,4
2,1GB,1,1,ON,1,1024,1,25,10000,48MB,4000,701.07,oltp_read_only,64,1000000,4
2,1GB,1,1,ON,1,1024,1,25,20000,48MB,4000,708.76,oltp_read_only,64,1000000,4
2,1GB,2,1,ON,1,1024,1,25,100,48MB,4000,703.03,oltp_read_only,64,1000000,4
2,1GB,2,1,ON,1,1024,1,25,5000,48MB,4000,706.41,oltp_read_only,64,1000000,4
2,1GB,2,1,ON,1,1024,1,25,10000,48MB,4000,718.78,oltp_read_only,64,1000000,4
2,1GB,2,1,ON,1,1024,1,25,20000,48MB,4000,717.65,oltp_read_only,64,1000000,4
2,1GB,3,1,ON,1,1024,1,25,100,48MB,4000,739.22,oltp_read_only,64,1000000,4
2,1GB,3,1,ON,1,1024,1,25,5000,48MB,4000,732.39,oltp_read_only,64,1000000,4
2,1GB,3,1,ON,1,1024,1,25,10000,48MB,4000,729.64,oltp_read_only,64,1000000,4
2,1GB,3,1,ON,1,1024,1,25,20000,48MB,4000,747.29,oltp_read_only,64,1000000,4
2,1GB,7,1,ON,1,1024,1,25,100,48MB,4000,727.51,oltp_read_only,64,1000000,4
2,1GB,7,1,ON,1,1024,1,25,5000,48MB,4000,757.27,oltp_read_only,64,1000000,4
2,1GB,7,1,ON,1,1024,1,25,10000,48MB,4000,680.34,oltp_read_only,64,1000000,4
2,1GB,7,1,ON,1,1024,1,25,20000,48MB,4000,708.42,oltp_read_only,64,1000000,4
2,1GB,15,1,ON,1,1024,1,25,100,48MB,4000,736.47,oltp_read_only,64,1000000,4
2,1GB,15,1,ON,1,1024,1,25,5000,48MB,4000,720.29,oltp_read_only,64,1000000,4
2,1GB,15,1,ON,1,1024,1,25,10000,48MB,4000,734.12,oltp_read_only,64,1000000,4
2,1GB,15,1,ON,1,1024,1,25,20000,48MB,4000,739.27,oltp_read_only,64,1000000,4
2,1GB,1,1,ON,1,1024,1,25,100,4MB,4000,711.68,oltp_read_only,64,1000000,4
2,1GB,1,1,ON,1,1024,1,25,100,48MB,4000,722.94,oltp_read_only,64,1000000,4
2,1GB,1,1,ON,1,1024,1,25,100,512MB,4000,695.10,oltp_read_only,64,1000000,4
2,1GB,1,1,ON,1,1024,1,25,100,5GB,4000,694.97,oltp_read_only,64,1000000,4
2,1GB,2,1,ON,1,1024,1,25,100,4MB,4000,684.79,oltp_read_only,64,1000000,4
2,1GB,2,1,ON,1,1024,1,25,100,48MB,4000,726.67,oltp_read_only,64,1000000,4
2,1GB,2,1,ON,1,1024,1,25,100,512MB,4000,771.94,oltp_read_only,64,1000000,4
2,1GB,2,1,ON,1,1024,1,25,100,5GB,4000,685.78,oltp_read_only,64,1000000,4
2,1GB,3,1,ON,1,1024,1,25,100,4MB,4000,720.56,oltp_read_only,64,1000000,4
2,1GB,3,1,ON,1,1024,1,25,100,48MB,4000,716.07,oltp_read_only,64,1000000,4
2,1GB,3,1,ON,1,1024,1,25,100,512MB,4000,735.01,oltp_read_only,64,1000000,4
2,1GB,3,1,ON,1,1024,1,25,100,5GB,4000,742.91,oltp_read_only,64,1000000,4
2,1GB,7,1,ON,1,1024,1,25,100,4MB,4000,691.35,oltp_read_only,64,1000000,4
2,1GB,7,1,ON,1,1024,1,25,100,48MB,4000,760.91,oltp_read_only,64,1000000,4
2,1GB,7,1,ON,1,1024,1,25,100,512MB,4000,707.99,oltp_read_only,64,1000000,4
2,1GB,7,1,ON,1,1024,1,25,100,5GB,4000,722.93,oltp_read_only,64,1000000,4
2,1GB,15,1,ON,1,1024,1,25,100,4MB,4000,691.50,oltp_read_only,64,1000000,4
2,1GB,15,1,ON,1,1024,1,25,100,48MB,4000,723.47,oltp_read_only,64,1000000,4
2,1GB,15,1,ON,1,1024,1,25,100,512MB,4000,714.12,oltp_read_only,64,1000000,4
2,1GB,15,1,ON,1,1024,1,25,100,5GB,4000,701.30,oltp_read_only,64,1000000,4
2,1GB,1,1,ON,1,1024,1,25,100,48MB,1,526.42,oltp_read_only,64,1000000,4
2,1GB,1,1,ON,1,1024,1,25,100,48MB,1000,769.24,oltp_read_only,64,1000000,4
2,1GB,1,1,ON,1,1024,1,25,100,48MB,2000,718.39,oltp_read_only,64,1000000,4
2,1GB,1,1,ON,1,1024,1,25,100,48MB,4000,756.00,oltp_read_only,64,1000000,4
2,1GB,2,1,ON,1,1024,1,25,100,48MB,1,534.06,oltp_read_only,64,1000000,4
2,1GB,2,1,ON,1,1024,1,25,100,48MB,1000,723.90,oltp_read_only,64,1000000,4
2,1GB,2,1,ON,1,1024,1,25,100,48MB,2000,675.86,oltp_read_only,64,1000000,4
2,1GB,2,1,ON,1,1024,1,25,100,48MB,4000,701.73,oltp_read_only,64,1000000,4
2,1GB,3,1,ON,1,1024,1,25,100,48MB,1,528.06,oltp_read_only,64,1000000,4
2,1GB,3,1,ON,1,1024,1,25,100,48MB,1000,709.84,oltp_read_only,64,1000000,4
2,1GB,3,1,ON,1,1024,1,25,100,48MB,2000,754.03,oltp_read_only,64,1000000,4
2,1GB,3,1,ON,1,1024,1,25,100,48MB,4000,759.22,oltp_read_only,64,1000000,4
2,1GB,7,1,ON,1,1024,1,25,100,48MB,1,526.81,oltp_read_only,64,1000000,4
2,1GB,7,1,ON,1,1024,1,25,100,48MB,1000,692.77,oltp_read_only,64,1000000,4
2,1GB,7,1,ON,1,1024,1,25,100,48MB,2000,743.27,oltp_read_only,64,1000000,4
2,1GB,7,1,ON,1,1024,1,25,100,48MB,4000,733.07,oltp_read_only,64,1000000,4
2,1GB,15,1,ON,1,1024,1,25,100,48MB,1,533.99,oltp_read_only,64,1000000,4
2,1GB,15,1,ON,1,1024,1,25,100,48MB,1000,757.43,oltp_read_only,64,1000000,4
2,1GB,15,1,ON,1,1024,1,25,100,48MB,2000,698.01,oltp_read_only,64,1000000,4
2,1GB,15,1,ON,1,1024,1,25,100,48MB,4000,733.10,oltp_read_only,64,1000000,4
2,1GB,2,0,ON,1,1024,1,25,100,48MB,4000,730.84,oltp_read_only,64,1000000,4
2,1GB,2,0,OFF,1,1024,1,25,100,48MB,4000,756.26,oltp_read_only,64,1000000,4
2,1GB,2,1,ON,1,1024,1,25,100,48MB,4000,754.53,oltp_read_only,64,1000000,4
2,1GB,2,1,OFF,1,1024,1,25,100,48MB,4000,723.14,oltp_read_only,64,1000000,4
2,1GB,2,2,ON,1,1024,1,25,100,48MB,4000,727.52,oltp_read_only,64,1000000,4
2,1GB,2,2,OFF,1,1024,1,25,100,48MB,4000,740.66,oltp_read_only,64,1000000,4
2,1GB,2,0,ON,0,1024,1,25,100,48MB,4000,736.22,oltp_read_only,64,1000000,4
2,1GB,2,0,ON,1,1024,1,25,100,48MB,4000,742.71,oltp_read_only,64,1000000,4
2,1GB,2,1,ON,0,1024,1,25,100,48MB,4000,692.25,oltp_read_only,64,1000000,4
2,1GB,2,1,ON,1,1024,1,25,100,48MB,4000,725.14,oltp_read_only,64,1000000,4
2,1GB,2,2,ON,0,1024,1,25,100,48MB,4000,739.05,oltp_read_only,64,1000000,4
2,1GB,2,2,ON,1,1024,1,25,100,48MB,4000,739.75,oltp_read_only,64,1000000,4
2,1GB,2,0,ON,1,100,1,25,100,48MB,4000,749.00,oltp_read_only,64,1000000,4
2,1GB,2,0,ON,1,1024,1,25,100,48MB,4000,701.10,oltp_read_only,64,1000000,4
2,1GB,2,0,ON,1,5000,1,25,100,48MB,4000,719.10,oltp_read_only,64,1000000,4
2,1GB,2,0,ON,1,10000,1,25,100,48MB,4000,728.67,oltp_read_only,64,1000000,4
2,1GB,2,1,ON,1,100,1,25,100,48MB,4000,740.80,oltp_read_only,64,1000000,4
2,1GB,2,1,ON,1,1024,1,25,100,48MB,4000,738.16,oltp_read_only,64,1000000,4
2,1GB,2,1,ON,1,5000,1,25,100,48MB,4000,724.04,oltp_read_only,64,1000000,4
2,1GB,2,1,ON,1,10000,1,25,100,48MB,4000,734.32,oltp_read_only,64,1000000,4
2,1GB,2,2,ON,1,100,1,25,100,48MB,4000,744.83,oltp_read_only,64,1000000,4
2,1GB,2,2,ON,1,1024,1,25,100,48MB,4000,716.92,oltp_read_only,64,1000000,4
2,1GB,2,2,ON,1,5000,1,25,100,48MB,4000,713.15,oltp_read_only,64,1000000,4
2,1GB,2,2,ON,1,10000,1,25,100,48MB,4000,750.06,oltp_read_only,64,1000000,4
2,1GB,2,0,ON,1,1024,1,25,100,48MB,4000,703.08,oltp_read_only,64,1000000,4
2,1GB,2,0,ON,1,1024,2,25,100,48MB,4000,733.32,oltp_read_only,64,1000000,4
2,1GB,2,0,ON,1,1024,4,25,100,48MB,4000,734.74,oltp_read_only,64,1000000,4
2,1GB,2,0,ON,1,1024,8,25,100,48MB,4000,744.55,oltp_read_only,64,1000000,4
2,1GB,2,1,ON,1,1024,1,25,100,48MB,4000,739.41,oltp_read_only,64,1000000,4
2,1GB,2,1,ON,1,1024,2,25,100,48MB,4000,737.83,oltp_read_only,64,1000000,4
2,1GB,2,1,ON,1,1024,4,25,100,48MB,4000,738.12,oltp_read_only,64,1000000,4
2,1GB,2,1,ON,1,1024,8,25,100,48MB,4000,733.68,oltp_read_only,64,1000000,4
2,1GB,2,2,ON,1,1024,1,25,100,48MB,4000,730.15,oltp_read_only,64,1000000,4
2,1GB,2,2,ON,1,1024,2,25,100,48MB,4000,757.22,oltp_read_only,64,1000000,4
2,1GB,2,2,ON,1,1024,4,25,100,48MB,4000,702.03,oltp_read_only,64,1000000,4
2,1GB,2,2,ON,1,1024,8,25,100,48MB,4000,765.35,oltp_read_only,64,1000000,4
2,1GB,2,0,ON,1,1024,1,0,100,48MB,4000,702.88,oltp_read_only,64,1000000,4
2,1GB,2,0,ON,1,1024,1,10,100,48MB,4000,695.37,oltp_read_only,64,1000000,4
2,1GB,2,0,ON,1,1024,1,25,100,48MB,4000,704.17,oltp_read_only,64,1000000,4
2,1GB,2,0,ON,1,1024,1,50,100,48MB,4000,721.79,oltp_read_only,64,1000000,4
2,1GB,2,1,ON,1,1024,1,0,100,48MB,4000,718.20,oltp_read_only,64,1000000,4
2,1GB,2,1,ON,1,1024,1,10,100,48MB,4000,736.93,oltp_read_only,64,1000000,4
2,1GB,2,1,ON,1,1024,1,25,100,48MB,4000,715.44,oltp_read_only,64,1000000,4
2,1GB,2,1,ON,1,1024,1,50,100,48MB,4000,724.62,oltp_read_only,64,1000000,4
2,1GB,2,2,ON,1,1024,1,0,100,48MB,4000,723.02,oltp_read_only,64,1000000,4
2,1GB,2,2,ON,1,1024,1,10,100,48MB,4000,748.19,oltp_read_only,64,1000000,4
2,1GB,2,2,ON,1,1024,1,25,100,48MB,4000,745.33,oltp_read_only,64,1000000,4
2,1GB,2,2,ON,1,1024,1,50,100,48MB,4000,751.04,oltp_read_only,64,1000000,4
2,1GB,2,0,ON,1,1024,1,25,100,48MB,4000,766.85,oltp_read_only,64,1000000,4
2,1GB,2,0,ON,1,1024,1,25,5000,48MB,4000,742.69,oltp_read_only,64,1000000,4
2,1GB,2,0,ON,1,1024,1,25,10000,48MB,4000,728.54,oltp_read_only,64,1000000,4
2,1GB,2,0,ON,1,1024,1,25,20000,48MB,4000,725.19,oltp_read_only,64,1000000,4
2,1GB,2,1,ON,1,1024,1,25,100,48MB,4000,724.70,oltp_read_only,64,1000000,4
2,1GB,2,1,ON,1,1024,1,25,5000,48MB,4000,741.68,oltp_read_only,64,1000000,4
2,1GB,2,1,ON,1,1024,1,25,10000,48MB,4000,748.52,oltp_read_only,64,1000000,4
2,1GB,2,1,ON,1,1024,1,25,20000,48MB,4000,731.00,oltp_read_only,64,1000000,4
2,1GB,2,2,ON,1,1024,1,25,100,48MB,4000,749.10,oltp_read_only,64,1000000,4
2,1GB,2,2,ON,1,1024,1,25,5000,48MB,4000,750.34,oltp_read_only,64,1000000,4
2,1GB,2,2,ON,1,1024,1,25,10000,48MB,4000,762.81,oltp_read_only,64,1000000,4
2,1GB,2,2,ON,1,1024,1,25,20000,48MB,4000,750.14,oltp_read_only,64,1000000,4
2,1GB,2,0,ON,1,1024,1,25,100,4MB,4000,733.45,oltp_read_only,64,1000000,4
2,1GB,2,0,ON,1,1024,1,25,100,48MB,4000,707.08,oltp_read_only,64,1000000,4
2,1GB,2,0,ON,1,1024,1,25,100,512MB,4000,707.43,oltp_read_only,64,1000000,4
2,1GB,2,0,ON,1,1024,1,25,100,5GB,4000,733.54,oltp_read_only,64,1000000,4
2,1GB,2,1,ON,1,1024,1,25,100,4MB,4000,763.70,oltp_read_only,64,1000000,4
2,1GB,2,1,ON,1,1024,1,25,100,48MB,4000,729.13,oltp_read_only,64,1000000,4
2,1GB,2,1,ON,1,1024,1,25,100,512MB,4000,703.11,oltp_read_only,64,1000000,4
2,1GB,2,1,ON,1,1024,1,25,100,5GB,4000,742.62,oltp_read_only,64,1000000,4
2,1GB,2,2,ON,1,1024,1,25,100,4MB,4000,724.54,oltp_read_only,64,1000000,4
2,1GB,2,2,ON,1,1024,1,25,100,48MB,4000,772.78,oltp_read_only,64,1000000,4
2,1GB,2,2,ON,1,1024,1,25,100,512MB,4000,713.67,oltp_read_only,64,1000000,4
2,1GB,2,2,ON,1,1024,1,25,100,5GB,4000,723.67,oltp_read_only,64,1000000,4
2,1GB,2,0,ON,1,1024,1,25,100,48MB,1,554.39,oltp_read_only,64,1000000,4
2,1GB,2,0,ON,1,1024,1,25,100,48MB,1000,726.13,oltp_read_only,64,1000000,4
2,1GB,2,0,ON,1,1024,1,25,100,48MB,2000,728.09,oltp_read_only,64,1000000,4
2,1GB,2,0,ON,1,1024,1,25,100,48MB,4000,726.86,oltp_read_only,64,1000000,4
2,1GB,2,1,ON,1,1024,1,25,100,48MB,1,499.18,oltp_read_only,64,1000000,4
2,1GB,2,1,ON,1,1024,1,25,100,48MB,1000,727.07,oltp_read_only,64,1000000,4
2,1GB,2,1,ON,1,1024,1,25,100,48MB,2000,738.56,oltp_read_only,64,1000000,4
2,1GB,2,1,ON,1,1024,1,25,100,48MB,4000,749.29,oltp_read_only,64,1000000,4
2,1GB,2,2,ON,1,1024,1,25,100,48MB,1,521.58,oltp_read_only,64,1000000,4
2,1GB,2,2,ON,1,1024,1,25,100,48MB,1000,722.31,oltp_read_only,64,1000000,4
2,1GB,2,2,ON,1,1024,1,25,100,48MB,2000,713.79,oltp_read_only,64,1000000,4
2,1GB,2,2,ON,1,1024,1,25,100,48MB,4000,730.08,oltp_read_only,64,1000000,4
2,1GB,2,1,ON,0,1024,1,25,100,48MB,4000,721.11,oltp_read_only,64,1000000,4
2,1GB,2,1,ON,1,1024,1,25,100,48MB,4000,715.74,oltp_read_only,64,1000000,4
2,1GB,2,1,OFF,0,1024,1,25,100,48MB,4000,736.53,oltp_read_only,64,1000000,4
2,1GB,2,1,OFF,1,1024,1,25,100,48MB,4000,743.91,oltp_read_only,64,1000000,4
2,1GB,2,1,ON,1,100,1,25,100,48MB,4000,723.59,oltp_read_only,64,1000000,4
2,1GB,2,1,ON,1,1024,1,25,100,48MB,4000,727.50,oltp_read_only,64,1000000,4
2,1GB,2,1,ON,1,5000,1,25,100,48MB,4000,745.06,oltp_read_only,64,1000000,4
2,1GB,2,1,ON,1,10000,1,25,100,48MB,4000,704.18,oltp_read_only,64,1000000,4
2,1GB,2,1,OFF,1,100,1,25,100,48MB,4000,723.51,oltp_read_only,64,1000000,4
2,1GB,2,1,OFF,1,1024,1,25,100,48MB,4000,714.50,oltp_read_only,64,1000000,4
2,1GB,2,1,OFF,1,5000,1,25,100,48MB,4000,742.07,oltp_read_only,64,1000000,4
2,1GB,2,1,OFF,1,10000,1,25,100,48MB,4000,746.44,oltp_read_only,64,1000000,4
2,1GB,2,1,ON,1,1024,1,25,100,48MB,4000,740.29,oltp_read_only,64,1000000,4
2,1GB,2,1,ON,1,1024,2,25,100,48MB,4000,761.03,oltp_read_only,64,1000000,4
2,1GB,2,1,ON,1,1024,4,25,100,48MB,4000,760.60,oltp_read_only,64,1000000,4
2,1GB,2,1,ON,1,1024,8,25,100,48MB,4000,755.40,oltp_read_only,64,1000000,4
2,1GB,2,1,OFF,1,1024,1,25,100,48MB,4000,692.51,oltp_read_only,64,1000000,4
2,1GB,2,1,OFF,1,1024,2,25,100,48MB,4000,733.00,oltp_read_only,64,1000000,4
2,1GB,2,1,OFF,1,1024,4,25,100,48MB,4000,742.75,oltp_read_only,64,1000000,4
2,1GB,2,1,OFF,1,1024,8,25,100,48MB,4000,696.89,oltp_read_only,64,1000000,4
2,1GB,2,1,ON,1,1024,1,0,100,48MB,4000,715.26,oltp_read_only,64,1000000,4
2,1GB,2,1,ON,1,1024,1,10,100,48MB,4000,729.05,oltp_read_only,64,1000000,4
2,1GB,2,1,ON,1,1024,1,25,100,48MB,4000,714.19,oltp_read_only,64,1000000,4
2,1GB,2,1,ON,1,1024,1,50,100,48MB,4000,695.23,oltp_read_only,64,1000000,4
2,1GB,2,1,OFF,1,1024,1,0,100,48MB,4000,720.31,oltp_read_only,64,1000000,4
2,1GB,2,1,OFF,1,1024,1,10,100,48MB,4000,725.83,oltp_read_only,64,1000000,4
2,1GB,2,1,OFF,1,1024,1,25,100,48MB,4000,741.79,oltp_read_only,64,1000000,4
2,1GB,2,1,OFF,1,1024,1,50,100,48MB,4000,703.48,oltp_read_only,64,1000000,4
2,1GB,2,1,ON,1,1024,1,25,100,48MB,4000,695.17,oltp_read_only,64,1000000,4
2,1GB,2,1,ON,1,1024,1,25,5000,48MB,4000,737.06,oltp_read_only,64,1000000,4
2,1GB,2,1,ON,1,1024,1,25,10000,48MB,4000,730.37,oltp_read_only,64,1000000,4
2,1GB,2,1,ON,1,1024,1,25,20000,48MB,4000,738.03,oltp_read_only,64,1000000,4
2,1GB,2,1,OFF,1,1024,1,25,100,48MB,4000,742.47,oltp_read_only,64,1000000,4
2,1GB,2,1,OFF,1,1024,1,25,5000,48MB,4000,720.03,oltp_read_only,64,1000000,4
2,1GB,2,1,OFF,1,1024,1,25,10000,48MB,4000,723.86,oltp_read_only,64,1000000,4
2,1GB,2,1,OFF,1,1024,1,25,20000,48MB,4000,760.91,oltp_read_only,64,1000000,4
2,1GB,2,1,ON,1,1024,1,25,100,4MB,4000,728.77,oltp_read_only,64,1000000,4
2,1GB,2,1,ON,1,1024,1,25,100,48MB,4000,721.95,oltp_read_only,64,1000000,4
2,1GB,2,1,ON,1,1024,1,25,100,512MB,4000,734.32,oltp_read_only,64,1000000,4
2,1GB,2,1,ON,1,1024,1,25,100,5GB,4000,736.66,oltp_read_only,64,1000000,4
2,1GB,2,1,OFF,1,1024,1,25,100,4MB,4000,764.23,oltp_read_only,64,1000000,4
2,1GB,2,1,OFF,1,1024,1,25,100,48MB,4000,703.46,oltp_read_only,64,1000000,4
2,1GB,2,1,OFF,1,1024,1,25,100,512MB,4000,686.22,oltp_read_only,64,1000000,4
2,1GB,2,1,OFF,1,1024,1,25,100,5GB,4000,735.47,oltp_read_only,64,1000000,4
2,1GB,2,1,ON,1,1024,1,25,100,48MB,1,528.13,oltp_read_only,64,1000000,4
2,1GB,2,1,ON,1,1024,1,25,100,48MB,1000,696.43,oltp_read_only,64,1000000,4
2,1GB,2,1,ON,1,1024,1,25,100,48MB,2000,735.78,oltp_read_only,64,1000000,4
2,1GB,2,1,ON,1,1024,1,25,100,48MB,4000,715.03,oltp_read_only,64,1000000,4
2,1GB,2,1,OFF,1,1024,1,25,100,48MB,1,523.56,oltp_read_only,64,1000000,4
2,1GB,2,1,OFF,1,1024,1,25,100,48MB,1000,712.61,oltp_read_only,64,1000000,4
2,1GB,2,1,OFF,1,1024,1,25,100,48MB,2000,736.47,oltp_read_only,64,1000000,4
2,1GB,2,1,OFF,1,1024,1,25,100,48MB,4000,722.01,oltp_read_only,64,1000000,4
2,1GB,2,1,ON,0,100,1,25,100,48MB,4000,713.06,oltp_read_only,64,1000000,4
2,1GB,2,1,ON,0,1024,1,25,100,48MB,4000,726.51,oltp_read_only,64,1000000,4
2,1GB,2,1,ON,0,5000,1,25,100,48MB,4000,723.69,oltp_read_only,64,1000000,4
2,1GB,2,1,ON,0,10000,1,25,100,48MB,4000,708.31,oltp_read_only,64,1000000,4
2,1GB,2,1,ON,1,100,1,25,100,48MB,4000,732.33,oltp_read_only,64,1000000,4
2,1GB,2,1,ON,1,1024,1,25,100,48MB,4000,717.15,oltp_read_only,64,1000000,4
2,1GB,2,1,ON,1,5000,1,25,100,48MB,4000,716.73,oltp_read_only,64,1000000,4
2,1GB,2,1,ON,1,10000,1,25,100,48MB,4000,713.09,oltp_read_only,64,1000000,4
2,1GB,2,1,ON,0,1024,1,25,100,48MB,4000,708.68,oltp_read_only,64,1000000,4
2,1GB,2,1,ON,0,1024,2,25,100,48MB,4000,747.56,oltp_read_only,64,1000000,4
2,1GB,2,1,ON,0,1024,4,25,100,48MB,4000,749.92,oltp_read_only,64,1000000,4
2,1GB,2,1,ON,0,1024,8,25,100,48MB,4000,736.32,oltp_read_only,64,1000000,4
2,1GB,2,1,ON,1,1024,1,25,100,48MB,4000,737.29,oltp_read_only,64,1000000,4
2,1GB,2,1,ON,1,1024,2,25,100,48MB,4000,718.02,oltp_read_only,64,1000000,4
2,1GB,2,1,ON,1,1024,4,25,100,48MB,4000,717.23,oltp_read_only,64,1000000,4
2,1GB,2,1,ON,1,1024,8,25,100,48MB,4000,707.06,oltp_read_only,64,1000000,4
2,1GB,2,1,ON,0,1024,1,0,100,48MB,4000,707.14,oltp_read_only,64,1000000,4
2,1GB,2,1,ON,0,1024,1,10,100,48MB,4000,754.49,oltp_read_only,64,1000000,4
2,1GB,2,1,ON,0,1024,1,25,100,48MB,4000,719.15,oltp_read_only,64,1000000,4
2,1GB,2,1,ON,0,1024,1,50,100,48MB,4000,716.70,oltp_read_only,64,1000000,4
2,1GB,2,1,ON,1,1024,1,0,100,48MB,4000,736.18,oltp_read_only,64,1000000,4
2,1GB,2,1,ON,1,1024,1,10,100,48MB,4000,725.53,oltp_read_only,64,1000000,4
2,1GB,2,1,ON,1,1024,1,25,100,48MB,4000,724.67,oltp_read_only,64,1000000,4
2,1GB,2,1,ON,1,1024,1,50,100,48MB,4000,739.44,oltp_read_only,64,1000000,4
2,1GB,2,1,ON,0,1024,1,25,100,48MB,4000,703.79,oltp_read_only,64,1000000,4
2,1GB,2,1,ON,0,1024,1,25,5000,48MB,4000,720.16,oltp_read_only,64,1000000,4
2,1GB,2,1,ON,0,1024,1,25,10000,48MB,4000,721.02,oltp_read_only,64,1000000,4
2,1GB,2,1,ON,0,1024,1,25,20000,48MB,4000,722.01,oltp_read_only,64,1000000,4
2,1GB,2,1,ON,1,1024,1,25,100,48MB,4000,706.51,oltp_read_only,64,1000000,4
2,1GB,2,1,ON,1,1024,1,25,5000,48MB,4000,736.09,oltp_read_only,64,1000000,4
2,1GB,2,1,ON,1,1024,1,25,10000,48MB,4000,738.78,oltp_read_only,64,1000000,4
2,1GB,2,1,ON,1,1024,1,25,20000,48MB,4000,737.76,oltp_read_only,64,1000000,4
2,1GB,2,1,ON,0,1024,1,25,100,4MB,4000,744.68,oltp_read_only,64,1000000,4
2,1GB,2,1,ON,0,1024,1,25,100,48MB,4000,725.41,oltp_read_only,64,1000000,4
2,1GB,2,1,ON,0,1024,1,25,100,512MB,4000,698.41,oltp_read_only,64,1000000,4
2,1GB,2,1,ON,0,1024,1,25,100,5GB,4000,737.47,oltp_read_only,64,1000000,4
2,1GB,2,1,ON,1,1024,1,25,100,4MB,4000,704.35,oltp_read_only,64,1000000,4
2,1GB,2,1,ON,1,1024,1,25,100,48MB,4000,715.79,oltp_read_only,64,1000000,4
2,1GB,2,1,ON,1,1024,1,25,100,512MB,4000,753.07,oltp_read_only,64,1000000,4
2,1GB,2,1,ON,1,1024,1,25,100,5GB,4000,675.61,oltp_read_only,64,1000000,4
2,1GB,2,1,ON,0,1024,1,25,100,48MB,1,544.42,oltp_read_only,64,1000000,4
2,1GB,2,1,ON,0,1024,1,25,100,48MB,1000,747.25,oltp_read_only,64,1000000,4
2,1GB,2,1,ON,0,1024,1,25,100,48MB,2000,721.44,oltp_read_only,64,1000000,4
2,1GB,2,1,ON,0,1024,1,25,100,48MB,4000,739.56,oltp_read_only,64,1000000,4
2,1GB,2,1,ON,1,1024,1,25,100,48MB,1,491.63,oltp_read_only,64,1000000,4
2,1GB,2,1,ON,1,1024,1,25,100,48MB,1000,713.66,oltp_read_only,64,1000000,4
2,1GB,2,1,ON,1,1024,1,25,100,48MB,2000,741.00,oltp_read_only,64,1000000,4
2,1GB,2,1,ON,1,1024,1,25,100,48MB,4000,754.75,oltp_read_only,64,1000000,4
2,1GB,2,1,ON,1,100,1,25,100,48MB,4000,718.60,oltp_read_only,64,1000000,4
2,1GB,2,1,ON,1,100,2,25,100,48MB,4000,710.37,oltp_read_only,64,1000000,4
2,1GB,2,1,ON,1,100,4,25,100,48MB,4000,744.96,oltp_read_only,64,1000000,4
2,1GB,2,1,ON,1,100,8,25,100,48MB,4000,720.18,oltp_read_only,64,1000000,4
2,1GB,2,1,ON,1,1024,1,25,100,48MB,4000,755.52,oltp_read_only,64,1000000,4
2,1GB,2,1,ON,1,1024,2,25,100,48MB,4000,712.59,oltp_read_only,64,1000000,4
2,1GB,2,1,ON,1,1024,4,25,100,48MB,4000,678.77,oltp_read_only,64,1000000,4
2,1GB,2,1,ON,1,1024,8,25,100,48MB,4000,726.84,oltp_read_only,64,1000000,4
2,1GB,2,1,ON,1,5000,1,25,100,48MB,4000,737.54,oltp_read_only,64,1000000,4
2,1GB,2,1,ON,1,5000,2,25,100,48MB,4000,735.09,oltp_read_only,64,1000000,4
2,1GB,2,1,ON,1,5000,4,25,100,48MB,4000,724.23,oltp_read_only,64,1000000,4
2,1GB,2,1,ON,1,5000,8,25,100,48MB,4000,677.77,oltp_read_only,64,1000000,4
2,1GB,2,1,ON,1,10000,1,25,100,48MB,4000,702.56,oltp_read_only,64,1000000,4
2,1GB,2,1,ON,1,10000,2,25,100,48MB,4000,729.83,oltp_read_only,64,1000000,4
2,1GB,2,1,ON,1,10000,4,25,100,48MB,4000,727.72,oltp_read_only,64,1000000,4
2,1GB,2,1,ON,1,10000,8,25,100,48MB,4000,709.58,oltp_read_only,64,1000000,4
2,1GB,2,1,ON,1,100,1,0,100,48MB,4000,721.58,oltp_read_only,64,1000000,4
2,1GB,2,1,ON,1,100,1,10,100,48MB,4000,751.94,oltp_read_only,64,1000000,4
2,1GB,2,1,ON,1,100,1,25,100,48MB,4000,711.11,oltp_read_only,64,1000000,4
2,1GB,2,1,ON,1,100,1,50,100,48MB,4000,746.49,oltp_read_only,64,1000000,4
2,1GB,2,1,ON,1,1024,1,0,100,48MB,4000,720.06,oltp_read_only,64,1000000,4
2,1GB,2,1,ON,1,1024,1,10,100,48MB,4000,716.13,oltp_read_only,64,1000000,4
2,1GB,2,1,ON,1,1024,1,25,100,48MB,4000,727.41,oltp_read_only,64,1000000,4
2,1GB,2,1,ON,1,1024,1,50,100,48MB,4000,714.73,oltp_read_only,64,1000000,4
2,1GB,2,1,ON,1,5000,1,0,100,48MB,4000,771.15,oltp_read_only,64,1000000,4
2,1GB,2,1,ON,1,5000,1,10,100,48MB,4000,718.33,oltp_read_only,64,1000000,4
2,1GB,2,1,ON,1,5000,1,25,100,48MB,4000,719.51,oltp_read_only,64,1000000,4
2,1GB,2,1,ON,1,5000,1,50,100,48MB,4000,719.93,oltp_read_only,64,1000000,4
2,1GB,2,1,ON,1,10000,1,0,100,48MB,4000,730.18,oltp_read_only,64,1000000,4
2,1GB,2,1,ON,1,10000,1,10,100,48MB,4000,719.02,oltp_read_only,64,1000000,4
2,1GB,2,1,ON,1,10000,1,25,100,48MB,4000,714.71,oltp_read_only,64,1000000,4
2,1GB,2,1,ON,1,10000,1,50,100,48MB,4000,738.55,oltp_read_only,64,1000000,4
2,1GB,2,1,ON,1,100,1,25,100,48MB,4000,703.28,oltp_read_only,64,1000000,4
2,1GB,2,1,ON,1,100,1,25,5000,48MB,4000,752.45,oltp_read_only,64,1000000,4
2,1GB,2,1,ON,1,100,1,25,10000,48MB,4000,740.71,oltp_read_only,64,1000000,4
2,1GB,2,1,ON,1,100,1,25,20000,48MB,4000,738.89,oltp_read_only,64,1000000,4
2,1GB,2,1,ON,1,1024,1,25,100,48MB,4000,738.89,oltp_read_only,64,1000000,4
2,1GB,2,1,ON,1,1024,1,25,5000,48MB,4000,732.04,oltp_read_only,64,1000000,4
2,1GB,2,1,ON,1,1024,1,25,10000,48MB,4000,746.49,oltp_read_only,64,1000000,4
2,1GB,2,1,ON,1,1024,1,25,20000,48MB,4000,743.62,oltp_read_only,64,1000000,4
2,1GB,2,1,ON,1,5000,1,25,100,48MB,4000,703.74,oltp_read_only,64,1000000,4
2,1GB,2,1,ON,1,5000,1,25,5000,48MB,4000,733.82,oltp_read_only,64,1000000,4
2,1GB,2,1,ON,1,5000,1,25,10000,48MB,4000,775.09,oltp_read_only,64,1000000,4
2,1GB,2,1,ON,1,5000,1,25,20000,48MB,4000,728.48,oltp_read_only,64,1000000,4
2,1GB,2,1,ON,1,10000,1,25,100,48MB,4000,744.20,oltp_read_only,64,1000000,4
2,1GB,2,1,ON,1,10000,1,25,5000,48MB,4000,766.56,oltp_read_only,64,1000000,4
2,1GB,2,1,ON,1,10000,1,25,10000,48MB,4000,716.56,oltp_read_only,64,1000000,4
2,1GB,2,1,ON,1,10000,1,25,20000,48MB,4000,736.03,oltp_read_only,64,1000000,4
2,1GB,2,1,ON,1,100,1,25,100,4MB,4000,693.91,oltp_read_only,64,1000000,4
2,1GB,2,1,ON,1,100,1,25,100,48MB,4000,695.02,oltp_read_only,64,1000000,4
2,1GB,2,1,ON,1,100,1,25,100,512MB,4000,748.49,oltp_read_only,64,1000000,4
2,1GB,2,1,ON,1,100,1,25,100,5GB,4000,715.74,oltp_read_only,64,1000000,4
2,1GB,2,1,ON,1,1024,1,25,100,4MB,4000,737.77,oltp_read_only,64,1000000,4
2,1GB,2,1,ON,1,1024,1,25,100,48MB,4000,741.93,oltp_read_only,64,1000000,4
2,1GB,2,1,ON,1,1024,1,25,100,512MB,4000,757.90,oltp_read_only,64,1000000,4
2,1GB,2,1,ON,1,1024,1,25,100,5GB,4000,713.98,oltp_read_only,64,1000000,4
2,1GB,2,1,ON,1,5000,1,25,100,4MB,4000,745.63,oltp_read_only,64,1000000,4
2,1GB,2,1,ON,1,5000,1,25,100,48MB,4000,761.05,oltp_read_only,64,1000000,4
2,1GB,2,1,ON,1,5000,1,25,100,512MB,4000,720.73,oltp_read_only,64,1000000,4
2,1GB,2,1,ON,1,5000,1,25,100,5GB,4000,739.71,oltp_read_only,64,1000000,4
2,1GB,2,1,ON,1,10000,1,25,100,4MB,4000,745.89,oltp_read_only,64,1000000,4
2,1GB,2,1,ON,1,10000,1,25,100,48MB,4000,726.75,oltp_read_only,64,1000000,4
2,1GB,2,1,ON,1,10000,1,25,100,512MB,4000,707.22,oltp_read_only,64,1000000,4
2,1GB,2,1,ON,1,10000,1,25,100,5GB,4000,718.58,oltp_read_only,64,1000000,4
2,1GB,2,1,ON,1,100,1,25,100,48MB,1,524.13,oltp_read_only,64,1000000,4
2,1GB,2,1,ON,1,100,1,25,100,48MB,1000,740.65,oltp_read_only,64,1000000,4
2,1GB,2,1,ON,1,100,1,25,100,48MB,2000,727.79,oltp_read_only,64,1000000,4
2,1GB,2,1,ON,1,100,1,25,100,48MB,4000,724.50,oltp_read_only,64,1000000,4
2,1GB,2,1,ON,1,1024,1,25,100,48MB,1,514.31,oltp_read_only,64,1000000,4
2,1GB,2,1,ON,1,1024,1,25,100,48MB,1000,732.81,oltp_read_only,64,1000000,4
2,1GB,2,1,ON,1,1024,1,25,100,48MB,2000,747.45,oltp_read_only,64,1000000,4
2,1GB,2,1,ON,1,1024,1,25,100,48MB,4000,752.08,oltp_read_only,64,1000000,4
2,1GB,2,1,ON,1,5000,1,25,100,48MB,1,510.21,oltp_read_only,64,1000000,4
2,1GB,2,1,ON,1,5000,1,25,100,48MB,1000,731.36,oltp_read_only,64,1000000,4
2,1GB,2,1,ON,1,5000,1,25,100,48MB,2000,756.71,oltp_read_only,64,1000000,4
2,1GB,2,1,ON,1,5000,1,25,100,48MB,4000,723.25,oltp_read_only,64,1000000,4
2,1GB,2,1,ON,1,10000,1,25,100,48MB,1,531.48,oltp_read_only,64,1000000,4
2,1GB,2,1,ON,1,10000,1,25,100,48MB,1000,724.59,oltp_read_only,64,1000000,4
2,1GB,2,1,ON,1,10000,1,25,100,48MB,2000,733.88,oltp_read_only,64,1000000,4
2,1GB,2,1,ON,1,10000,1,25,100,48MB,4000,724.59,oltp_read_only,64,1000000,4
2,1GB,2,1,ON,1,1024,1,0,100,48MB,4000,721.56,oltp_read_only,64,1000000,4
2,1GB,2,1,ON,1,1024,1,10,100,48MB,4000,729.60,oltp_read_only,64,1000000,4
2,1GB,2,1,ON,1,1024,1,25,100,48MB,4000,738.56,oltp_read_only,64,1000000,4
2,1GB,2,1,ON,1,1024,1,50,100,48MB,4000,700.02,oltp_read_only,64,1000000,4
2,1GB,2,1,ON,1,1024,2,0,100,48MB,4000,724.38,oltp_read_only,64,1000000,4
2,1GB,2,1,ON,1,1024,2,10,100,48MB,4000,737.44,oltp_read_only,64,1000000,4
2,1GB,2,1,ON,1,1024,2,25,100,48MB,4000,706.13,oltp_read_only,64,1000000,4
2,1GB,2,1,ON,1,1024,2,50,100,48MB,4000,696.48,oltp_read_only,64,1000000,4
2,1GB,2,1,ON,1,1024,4,0,100,48MB,4000,707.66,oltp_read_only,64,1000000,4
2,1GB,2,1,ON,1,1024,4,10,100,48MB,4000,695.33,oltp_read_only,64,1000000,4
2,1GB,2,1,ON,1,1024,4,25,100,48MB,4000,717.76,oltp_read_only,64,1000000,4
2,1GB,2,1,ON,1,1024,4,50,100,48MB,4000,707.01,oltp_read_only,64,1000000,4
2,1GB,2,1,ON,1,1024,8,0,100,48MB,4000,731.91,oltp_read_only,64,1000000,4
2,1GB,2,1,ON,1,1024,8,10,100,48MB,4000,711.67,oltp_read_only,64,1000000,4
2,1GB,2,1,ON,1,1024,8,25,100,48MB,4000,695.83,oltp_read_only,64,1000000,4
2,1GB,2,1,ON,1,1024,8,50,100,48MB,4000,766.66,oltp_read_only,64,1000000,4
2,1GB,2,1,ON,1,1024,1,25,100,48MB,4000,730.60,oltp_read_only,64,1000000,4
2,1GB,2,1,ON,1,1024,1,25,5000,48MB,4000,693.37,oltp_read_only,64,1000000,4
2,1GB,2,1,ON,1,1024,1,25,10000,48MB,4000,752.21,oltp_read_only,64,1000000,4
2,1GB,2,1,ON,1,1024,1,25,20000,48MB,4000,721.55,oltp_read_only,64,1000000,4
2,1GB,2,1,ON,1,1024,2,25,100,48MB,4000,703.30,oltp_read_only,64,1000000,4
2,1GB,2,1,ON,1,1024,2,25,5000,48MB,4000,729.39,oltp_read_only,64,1000000,4
2,1GB,2,1,ON,1,1024,2,25,10000,48MB,4000,738.22,oltp_read_only,64,1000000,4
2,1GB,2,1,ON,1,1024,2,25,20000,48MB,4000,741.37,oltp_read_only,64,1000000,4
2,1GB,2,1,ON,1,1024,4,25,100,48MB,4000,705.01,oltp_read_only,64,1000000,4
2,1GB,2,1,ON,1,1024,4,25,5000,48MB,4000,682.15,oltp_read_only,64,1000000,4
2,1GB,2,1,ON,1,1024,4,25,10000,48MB,4000,725.61,oltp_read_only,64,1000000,4
2,1GB,2,1,ON,1,1024,4,25,20000,48MB,4000,691.33,oltp_read_only,64,1000000,4
2,1GB,2,1,ON,1,1024,8,25,100,48MB,4000,713.39,oltp_read_only,64,1000000,4
2,1GB,2,1,ON,1,1024,8,25,5000,48MB,4000,736.01,oltp_read_only,64,1000000,4
2,1GB,2,1,ON,1,1024,8,25,10000,48MB,4000,711.56,oltp_read_only,64,1000000,4
2,1GB,2,1,ON,1,1024,8,25,20000,48MB,4000,703.44,oltp_read_only,64,1000000,4
2,1GB,2,1,ON,1,1024,1,25,100,4MB,4000,757.57,oltp_read_only,64,1000000,4
2,1GB,2,1,ON,1,1024,1,25,100,48MB,4000,740.82,oltp_read_only,64,1000000,4
2,1GB,2,1,ON,1,1024,1,25,100,512MB,4000,697.28,oltp_read_only,64,1000000,4
2,1GB,2,1,ON,1,1024,1,25,100,5GB,4000,731.45,oltp_read_only,64,1000000,4
2,1GB,2,1,ON,1,1024,2,25,100,4MB,4000,677.74,oltp_read_only,64,1000000,4
2,1GB,2,1,ON,1,1024,2,25,100,48MB,4000,695.52,oltp_read_only,64,1000000,4
2,1GB,2,1,ON,1,1024,2,25,100,512MB,4000,722.13,oltp_read_only,64,1000000,4
2,1GB,2,1,ON,1,1024,2,25,100,5GB,4000,723.22,oltp_read_only,64,1000000,4
2,1GB,2,1,ON,1,1024,4,25,100,4MB,4000,683.05,oltp_read_only,64,1000000,4
2,1GB,2,1,ON,1,1024,4,25,100,48MB,4000,717.32,oltp_read_only,64,1000000,4
2,1GB,2,1,ON,1,1024,4,25,100,512MB,4000,701.15,oltp_read_only,64,1000000,4
2,1GB,2,1,ON,1,1024,4,25,100,5GB,4000,710.30,oltp_read_only,64,1000000,4
2,1GB,2,1,ON,1,1024,8,25,100,4MB,4000,716.20,oltp_read_only,64,1000000,4
2,1GB,2,1,ON,1,1024,8,25,100,48MB,4000,736.79,oltp_read_only,64,1000000,4
2,1GB,2,1,ON,1,1024,8,25,100,512MB,4000,739.70,oltp_read_only,64,1000000,4
2,1GB,2,1,ON,1,1024,8,25,100,5GB,4000,735.79,oltp_read_only,64,1000000,4
2,1GB,2,1,ON,1,1024,1,25,100,48MB,1,526.24,oltp_read_only,64,1000000,4
2,1GB,2,1,ON,1,1024,1,25,100,48MB,1000,764.16,oltp_read_only,64,1000000,4
2,1GB,2,1,ON,1,1024,1,25,100,48MB,2000,767.07,oltp_read_only,64,1000000,4
2,1GB,2,1,ON,1,1024,1,25,100,48MB,4000,720.96,oltp_read_only,64,1000000,4
2,1GB,2,1,ON,1,1024,2,25,100,48MB,1,522.79,oltp_read_only,64,1000000,4
2,1GB,2,1,ON,1,1024,2,25,100,48MB,1000,768.73,oltp_read_only,64,1000000,4
2,1GB,2,1,ON,1,1024,2,25,100,48MB,2000,717.18,oltp_read_only,64,1000000,4
2,1GB,2,1,ON,1,1024,2,25,100,48MB,4000,742.32,oltp_read_only,64,1000000,4
2,1GB,2,1,ON,1,1024,4,25,100,48MB,1,534.50,oltp_read_only,64,1000000,4
2,1GB,2,1,ON,1,1024,4,25,100,48MB,1000,716.07,oltp_read_only,64,1000000,4
2,1GB,2,1,ON,1,1024,4,25,100,48MB,2000,748.82,oltp_read_only,64,1000000,4
2,1GB,2,1,ON,1,1024,4,25,100,48MB,4000,697.65,oltp_read_only,64,1000000,4
2,1GB,2,1,ON,1,1024,8,25,100,48MB,1,500.79,oltp_read_only,64,1000000,4
2,1GB,2,1,ON,1,1024,8,25,100,48MB,1000,735.55,oltp_read_only,64,1000000,4
2,1GB,2,1,ON,1,1024,8,25,100,48MB,2000,738.65,oltp_read_only,64,1000000,4
2,1GB,2,1,ON,1,1024,8,25,100,48MB,4000,717.37,oltp_read_only,64,1000000,4
2,1GB,2,1,ON,1,1024,1,0,100,48MB,4000,723.29,oltp_read_only,64,1000000,4
2,1GB,2,1,ON,1,1024,1,0,5000,48MB,4000,726.45,oltp_read_only,64,1000000,4
2,1GB,2,1,ON,1,1024,1,0,10000,48MB,4000,752.43,oltp_read_only,64,1000000,4
2,1GB,2,1,ON,1,1024,1,0,20000,48MB,4000,741.78,oltp_read_only,64,1000000,4
2,1GB,2,1,ON,1,1024,1,10,100,48MB,4000,722.04,oltp_read_only,64,1000000,4
2,1GB,2,1,ON,1,1024,1,10,5000,48MB,4000,748.90,oltp_read_only,64,1000000,4
2,1GB,2,1,ON,1,1024,1,10,10000,48MB,4000,736.95,oltp_read_only,64,1000000,4
2,1GB,2,1,ON,1,1024,1,10,20000,48MB,4000,735.64,oltp_read_only,64,1000000,4
2,1GB,2,1,ON,1,1024,1,25,100,48MB,4000,747.33,oltp_read_only,64,1000000,4
2,1GB,2,1,ON,1,1024,1,25,5000,48MB,4000,731.61,oltp_read_only,64,1000000,4
2,1GB,2,1,ON,1,1024,1,25,10000,48MB,4000,742.77,oltp_read_only,64,1000000,4
2,1GB,2,1,ON,1,1024,1,25,20000,48MB,4000,739.71,oltp_read_only,64,1000000,4
2,1GB,2,1,ON,1,1024,1,50,100,48MB,4000,716.85,oltp_read_only,64,1000000,4
2,1GB,2,1,ON,1,1024,1,50,5000,48MB,4000,714.90,oltp_read_only,64,1000000,4
2,1GB,2,1,ON,1,1024,1,50,10000,48MB,4000,709.95,oltp_read_only,64,1000000,4
2,1GB,2,1,ON,1,1024,1,50,20000,48MB,4000,726.90,oltp_read_only,64,1000000,4
2,1GB,2,1,ON,1,1024,1,0,100,4MB,4000,720.07,oltp_read_only,64,1000000,4
2,1GB,2,1,ON,1,1024,1,0,100,48MB,4000,706.26,oltp_read_only,64,1000000,4
2,1GB,2,1,ON,1,1024,1,0,100,512MB,4000,744.24,oltp_read_only,64,1000000,4
2,1GB,2,1,ON,1,1024,1,0,100,5GB,4000,754.55,oltp_read_only,64,1000000,4
2,1GB,2,1,ON,1,1024,1,10,100,4MB,4000,737.98,oltp_read_only,64,1000000,4
2,1GB,2,1,ON,1,1024,1,10,100,48MB,4000,746.07,oltp_read_only,64,1000000,4
2,1GB,2,1,ON,1,1024,1,10,100,512MB,4000,689.96,oltp_read_only,64,1000000,4
2,1GB,2,1,ON,1,1024,1,10,100,5GB,4000,750.94,oltp_read_only,64,1000000,4
2,1GB,2,1,ON,1,1024,1,25,100,4MB,4000,701.78,oltp_read_only,64,1000000,4
2,1GB,2,1,ON,1,1024,1,25,100,48MB,4000,761.01,oltp_read_only,64,1000000,4
2,1GB,2,1,ON,1,1024,1,25,100,512MB,4000,761.95,oltp_read_only,64,1000000,4
2,1GB,2,1,ON,1,1024,1,25,100,5GB,4000,736.43,oltp_read_only,64,1000000,4
2,1GB,2,1,ON,1,1024,1,50,100,4MB,4000,735.86,oltp_read_only,64,1000000,4
2,1GB,2,1,ON,1,1024,1,50,100,48MB,4000,709.37,oltp_read_only,64,1000000,4
2,1GB,2,1,ON,1,1024,1,50,100,512MB,4000,693.24,oltp_read_only,64,1000000,4
2,1GB,2,1,ON,1,1024,1,50,100,5GB,4000,669.14,oltp_read_only,64,1000000,4
2,1GB,2,1,ON,1,1024,1,0,100,48MB,1,503.67,oltp_read_only,64,1000000,4
2,1GB,2,1,ON,1,1024,1,0,100,48MB,1000,721.35,oltp_read_only,64,1000000,4
2,1GB,2,1,ON,1,1024,1,0,100,48MB,2000,745.41,oltp_read_only,64,1000000,4
2,1GB,2,1,ON,1,1024,1,0,100,48MB,4000,732.83,oltp_read_only,64,1000000,4
2,1GB,2,1,ON,1,1024,1,10,100,48MB,1,515.51,oltp_read_only,64,1000000,4
2,1GB,2,1,ON,1,1024,1,10,100,48MB,1000,701.27,oltp_read_only,64,1000000,4
2,1GB,2,1,ON,1,1024,1,10,100,48MB,2000,735.07,oltp_read_only,64,1000000,4
2,1GB,2,1,ON,1,1024,1,10,100,48MB,4000,716.09,oltp_read_only,64,1000000,4
2,1GB,2,1,ON,1,1024,1,25,100,48MB,1,501.13,oltp_read_only,64,1000000,4
2,1GB,2,1,ON,1,1024,1,25,100,48MB,1000,709.97,oltp_read_only,64,1000000,4
2,1GB,2,1,ON,1,1024,1,25,100,48MB,2000,723.00,oltp_read_only,64,1000000,4
2,1GB,2,1,ON,1,1024,1,25,100,48MB,4000,715.60,oltp_read_only,64,1000000,4
2,1GB,2,1,ON,1,1024,1,50,100,48MB,1,513.77,oltp_read_only,64,1000000,4
2,1GB,2,1,ON,1,1024,1,50,100,48MB,1000,698.41,oltp_read_only,64,1000000,4
2,1GB,2,1,ON,1,1024,1,50,100,48MB,2000,732.41,oltp_read_only,64,1000000,4
2,1GB,2,1,ON,1,1024,1,50,100,48MB,4000,740.88,oltp_read_only,64,1000000,4
2,1GB,2,1,ON,1,1024,1,25,100,4MB,4000,705.40,oltp_read_only,64,1000000,4
2,1GB,2,1,ON,1,1024,1,25,100,48MB,4000,694.70,oltp_read_only,64,1000000,4
2,1GB,2,1,ON,1,1024,1,25,100,512MB,4000,746.55,oltp_read_only,64,1000000,4
2,1GB,2,1,ON,1,1024,1,25,100,5GB,4000,757.31,oltp_read_only,64,1000000,4
2,1GB,2,1,ON,1,1024,1,25,5000,4MB,4000,711.02,oltp_read_only,64,1000000,4
2,1GB,2,1,ON,1,1024,1,25,5000,48MB,4000,692.96,oltp_read_only,64,1000000,4
2,1GB,2,1,ON,1,1024,1,25,5000,512MB,4000,739.37,oltp_read_only,64,1000000,4
2,1GB,2,1,ON,1,1024,1,25,5000,5GB,4000,721.23,oltp_read_only,64,1000000,4
2,1GB,2,1,ON,1,1024,1,25,10000,4MB,4000,729.23,oltp_read_only,64,1000000,4
2,1GB,2,1,ON,1,1024,1,25,10000,48MB,4000,712.22,oltp_read_only,64,1000000,4
2,1GB,2,1,ON,1,1024,1,25,10000,512MB,4000,692.64,oltp_read_only,64,1000000,4
2,1GB,2,1,ON,1,1024,1,25,10000,5GB,4000,693.88,oltp_read_only,64,1000000,4
2,1GB,2,1,ON,1,1024,1,25,20000,4MB,4000,705.81,oltp_read_only,64,1000000,4
2,1GB,2,1,ON,1,1024,1,25,20000,48MB,4000,737.59,oltp_read_only,64,1000000,4
2,1GB,2,1,ON,1,1024,1,25,20000,512MB,4000,727.09,oltp_read_only,64,1000000,4
2,1GB,2,1,ON,1,1024,1,25,20000,5GB,4000,753.50,oltp_read_only,64,1000000,4
2,1GB,2,1,ON,1,1024,1,25,100,48MB,1,506.99,oltp_read_only,64,1000000,4
2,1GB,2,1,ON,1,1024,1,25,100,48MB,1000,700.00,oltp_read_only,64,1000000,4
2,1GB,2,1,ON,1,1024,1,25,100,48MB,2000,741.90,oltp_read_only,64,1000000,4
2,1GB,2,1,ON,1,1024,1,25,100,48MB,4000,736.12,oltp_read_only,64,1000000,4
2,1GB,2,1,ON,1,1024,1,25,5000,48MB,1,515.82,oltp_read_only,64,1000000,4
2,1GB,2,1,ON,1,1024,1,25,5000,48MB,1000,723.69,oltp_read_only,64,1000000,4
2,1GB,2,1,ON,1,1024,1,25,5000,48MB,2000,721.66,oltp_read_only,64,1000000,4
2,1GB,2,1,ON,1,1024,1,25,5000,48MB,4000,696.16,oltp_read_only,64,1000000,4
2,1GB,2,1,ON,1,1024,1,25,10000,48MB,1,495.62,oltp_read_only,64,1000000,4
2,1GB,2,1,ON,1,1024,1,25,10000,48MB,1000,713.66,oltp_read_only,64,1000000,4
2,1GB,2,1,ON,1,1024,1,25,10000,48MB,2000,717.78,oltp_read_only,64,1000000,4
2,1GB,2,1,ON,1,1024,1,25,10000,48MB,4000,712.06,oltp_read_only,64,1000000,4
2,1GB,2,1,ON,1,1024,1,25,20000,48MB,1,532.95,oltp_read_only,64,1000000,4
2,1GB,2,1,ON,1,1024,1,25,20000,48MB,1000,734.33,oltp_read_only,64,1000000,4
2,1GB,2,1,ON,1,1024,1,25,20000,48MB,2000,727.70,oltp_read_only,64,1000000,4
2,1GB,2,1,ON,1,1024,1,25,20000,48MB,4000,724.56,oltp_read_only,64,1000000,4
2,1GB,2,1,ON,1,1024,1,25,100,4MB,1,523.16,oltp_read_only,64,1000000,4
2,1GB,2,1,ON,1,1024,1,25,100,4MB,1000,733.33,oltp_read_only,64,1000000,4
2,1GB,2,1,ON,1,1024,1,25,100,4MB,2000,726.92,oltp_read_only,64,1000000,4
2,1GB,2,1,ON,1,1024,1,25,100,4MB,4000,710.58,oltp_read_only,64,1000000,4
2,1GB,2,1,ON,1,1024,1,25,100,48MB,1,497.08,oltp_read_only,64,1000000,4
2,1GB,2,1,ON,1,1024,1,25,100,48MB,1000,735.94,oltp_read_only,64,1000000,4
2,1GB,2,1,ON,1,1024,1,25,100,48MB,2000,741.05,oltp_read_only,64,1000000,4
2,1GB,2,1,ON,1,1024,1,25,100,48MB,4000,700.26,oltp_read_only,64,1000000,4
2,1GB,2,1,ON,1,1024,1,25,100,512MB,1,506.20,oltp_read_only,64,1000000,4
2,1GB,2,1,ON,1,1024,1,25,100,512MB,1000,709.50,oltp_read_only,64,1000000,4
2,1GB,2,1,ON,1,1024,1,25,100,512MB,2000,757.23,oltp_read_only,64,1000000,4
2,1GB,2,1,ON,1,1024,1,25,100,512MB,4000,730.99,oltp_read_only,64,1000000,4
2,1GB,2,1,ON,1,1024,1,25,100,5GB,1,514.26,oltp_read_only,64,1000000,4
2,1GB,2,1,ON,1,1024,1,25,100,5GB,1000,696.66,oltp_read_only,64,1000000,4
2,1GB,2,1,ON,1,1024,1,25,100,5GB,2000,760.97,oltp_read_only,64,1000000,4
2,1GB,2,1,ON,1,1024,1,25,100,5GB,4000,767.12,oltp_read_only,64,1000000,4
