id,innodb_buffer_pool_size,innodb_read_io_threads,innodb_write_io_threads,innodb_flush_log_at_trx_commit,innodb_adaptive_hash_index,sync_binlog,innodb_lru_scan_depth,innodb_buffer_pool_instances,innodb_change_buffer_max_size,innodb_io_capacity,innodb_log_file_size,table_open_cache,tps,workload_label
0,1GB,2,2,1,ON,1,1024,1,25,100,48MB,4000,268.41,64-1000000-4-oltp_read_only-0.2
1,2GB,2,2,1,ON,1,1024,1,25,100,48MB,4000,343.58,64-1000000-4-oltp_read_only-0.2
2,3GB,2,2,1,ON,1,1024,1,25,100,48MB,4000,379.78,64-1000000-4-oltp_read_only-0.2
3,4GB,2,2,1,ON,1,1024,1,25,100,48MB,4000,410.89,64-1000000-4-oltp_read_only-0.2
4,1GB,1,2,1,ON,1,1024,1,25,100,48MB,4000,343.69,64-1000000-4-oltp_read_only-0.2
5,1GB,2,2,1,ON,1,1024,1,25,100,48MB,4000,341.65,64-1000000-4-oltp_read_only-0.2
6,1GB,2,1,1,ON,1,1024,1,25,100,48MB,4000,336.15,64-1000000-4-oltp_read_only-0.2
7,1GB,2,2,1,ON,1,1024,1,25,100,48MB,4000,341.57,64-1000000-4-oltp_read_only-0.2
8,1GB,2,2,0,ON,1,1024,1,25,100,48MB,4000,342.09,64-1000000-4-oltp_read_only-0.2
9,1GB,2,2,1,ON,1,1024,1,25,100,48MB,4000,341.1,64-1000000-4-oltp_read_only-0.2
10,1GB,2,2,2,ON,1,1024,1,25,100,48MB,4000,340.95,64-1000000-4-oltp_read_only-0.2
11,1GB,2,2,1,ON,1,1024,1,25,100,48MB,4000,346.05,64-1000000-4-oltp_read_only-0.2
12,1GB,2,2,1,OFF,1,1024,1,25,100,48MB,4000,343.52,64-1000000-4-oltp_read_only-0.2
13,1GB,2,2,1,ON,0,1024,1,25,100,48MB,4000,341.52,64-1000000-4-oltp_read_only-0.2
14,1GB,2,2,1,ON,1,1024,1,25,100,48MB,4000,339.24,64-1000000-4-oltp_read_only-0.2
15,1GB,2,2,1,ON,1,100,1,25,100,48MB,4000,342.42,64-1000000-4-oltp_read_only-0.2
16,1GB,2,2,1,ON,1,1024,1,25,100,48MB,4000,341.07,64-1000000-4-oltp_read_only-0.2
17,1GB,2,2,1,ON,1,5000,1,25,100,48MB,4000,341.1,64-1000000-4-oltp_read_only-0.2
18,1GB,2,2,1,ON,1,10000,1,25,100,48MB,4000,344.93,64-1000000-4-oltp_read_only-0.2
19,1GB,2,2,1,ON,1,1024,1,25,100,48MB,4000,343.14,64-1000000-4-oltp_read_only-0.2
20,1GB,2,2,1,ON,1,1024,2,25,100,48MB,4000,336.89,64-1000000-4-oltp_read_only-0.2
21,1GB,2,2,1,ON,1,1024,4,25,100,48MB,4000,338.29,64-1000000-4-oltp_read_only-0.2
22,1GB,2,2,1,ON,1,1024,8,25,100,48MB,4000,343.39,64-1000000-4-oltp_read_only-0.2
23,1GB,2,2,1,ON,1,1024,1,0,100,48MB,4000,342.48,64-1000000-4-oltp_read_only-0.2
24,1GB,2,2,1,ON,1,1024,1,10,100,48MB,4000,341.04,64-1000000-4-oltp_read_only-0.2
25,1GB,2,2,1,ON,1,1024,1,25,100,48MB,4000,341.87,64-1000000-4-oltp_read_only-0.2
26,1GB,2,2,1,ON,1,1024,1,50,100,48MB,4000,343.73,64-1000000-4-oltp_read_only-0.2
27,1GB,2,2,1,ON,1,1024,1,25,100,48MB,4000,340.48,64-1000000-4-oltp_read_only-0.2
28,1GB,2,2,1,ON,1,1024,1,25,5000,48MB,4000,338.6,64-1000000-4-oltp_read_only-0.2
29,1GB,2,2,1,ON,1,1024,1,25,10000,48MB,4000,342.5,64-1000000-4-oltp_read_only-0.2
30,1GB,2,2,1,ON,1,1024,1,25,20000,48MB,4000,344.17,64-1000000-4-oltp_read_only-0.2
31,1GB,2,2,1,ON,1,1024,1,25,100,4MB,4000,342.75,64-1000000-4-oltp_read_only-0.2
32,1GB,2,2,1,ON,1,1024,1,25,100,48MB,4000,341.89,64-1000000-4-oltp_read_only-0.2
33,1GB,2,2,1,ON,1,1024,1,25,100,512MB,4000,340.75,64-1000000-4-oltp_read_only-0.2
34,1GB,2,2,1,ON,1,1024,1,25,100,5GB,4000,344.34,64-1000000-4-oltp_read_only-0.2
35,1GB,2,2,1,ON,1,1024,1,25,100,48MB,1,283.63,64-1000000-4-oltp_read_only-0.2
36,1GB,2,2,1,ON,1,1024,1,25,100,48MB,1000,339.82,64-1000000-4-oltp_read_only-0.2
37,1GB,2,2,1,ON,1,1024,1,25,100,48MB,2000,340.88,64-1000000-4-oltp_read_only-0.2
38,1GB,2,2,1,ON,1,1024,1,25,100,48MB,4000,341.75,64-1000000-4-oltp_read_only-0.2
39,1GB,2,2,1,ON,1,1024,1,25,100,48MB,4000,399.09,64-1000000-4-oltp_read_only-0.6
40,2GB,2,2,1,ON,1,1024,1,25,100,48MB,4000,438.25,64-1000000-4-oltp_read_only-0.6
41,3GB,2,2,1,ON,1,1024,1,25,100,48MB,4000,474.68,64-1000000-4-oltp_read_only-0.6
42,4GB,2,2,1,ON,1,1024,1,25,100,48MB,4000,513.05,64-1000000-4-oltp_read_only-0.6
43,1GB,1,2,1,ON,1,1024,1,25,100,48MB,4000,397.8,64-1000000-4-oltp_read_only-0.6
44,1GB,2,2,1,ON,1,1024,1,25,100,48MB,4000,388.68,64-1000000-4-oltp_read_only-0.6
45,1GB,2,1,1,ON,1,1024,1,25,100,48MB,4000,394.57,64-1000000-4-oltp_read_only-0.6
46,1GB,2,2,1,ON,1,1024,1,25,100,48MB,4000,400.31,64-1000000-4-oltp_read_only-0.6
47,1GB,2,2,0,ON,1,1024,1,25,100,48MB,4000,398.06,64-1000000-4-oltp_read_only-0.6
48,1GB,2,2,1,ON,1,1024,1,25,100,48MB,4000,404.23,64-1000000-4-oltp_read_only-0.6
49,1GB,2,2,2,ON,1,1024,1,25,100,48MB,4000,402.96,64-1000000-4-oltp_read_only-0.6
50,1GB,2,2,1,ON,1,1024,1,25,100,48MB,4000,397.46,64-1000000-4-oltp_read_only-0.6
51,1GB,2,2,1,OFF,1,1024,1,25,100,48MB,4000,404.54,64-1000000-4-oltp_read_only-0.6
52,1GB,2,2,1,ON,0,1024,1,25,100,48MB,4000,393.28,64-1000000-4-oltp_read_only-0.6
53,1GB,2,2,1,ON,1,1024,1,25,100,48MB,4000,401.94,64-1000000-4-oltp_read_only-0.6
54,1GB,2,2,1,ON,1,100,1,25,100,48MB,4000,399.36,64-1000000-4-oltp_read_only-0.6
55,1GB,2,2,1,ON,1,1024,1,25,100,48MB,4000,403.2,64-1000000-4-oltp_read_only-0.6
56,1GB,2,2,1,ON,1,5000,1,25,100,48MB,4000,404.04,64-1000000-4-oltp_read_only-0.6
57,1GB,2,2,1,ON,1,10000,1,25,100,48MB,4000,408.2,64-1000000-4-oltp_read_only-0.6
58,1GB,2,2,1,ON,1,1024,1,25,100,48MB,4000,400.22,64-1000000-4-oltp_read_only-0.6
59,1GB,2,2,1,ON,1,1024,2,25,100,48MB,4000,399.49,64-1000000-4-oltp_read_only-0.6
60,1GB,2,2,1,ON,1,1024,4,25,100,48MB,4000,401.45,64-1000000-4-oltp_read_only-0.6
61,1GB,2,2,1,ON,1,1024,8,25,100,48MB,4000,395.09,64-1000000-4-oltp_read_only-0.6
62,1GB,2,2,1,ON,1,1024,1,0,100,48MB,4000,396.38,64-1000000-4-oltp_read_only-0.6
63,1GB,2,2,1,ON,1,1024,1,10,100,48MB,4000,404.51,64-1000000-4-oltp_read_only-0.6
64,1GB,2,2,1,ON,1,1024,1,25,100,48MB,4000,402.61,64-1000000-4-oltp_read_only-0.6
65,1GB,2,2,1,ON,1,1024,1,50,100,48MB,4000,404.97,64-1000000-4-oltp_read_only-0.6
66,1GB,2,2,1,ON,1,1024,1,25,100,48MB,4000,397.81,64-1000000-4-oltp_read_only-0.6
67,1GB,2,2,1,ON,1,1024,1,25,5000,48MB,4000,404.24,64-1000000-4-oltp_read_only-0.6
68,1GB,2,2,1,ON,1,1024,1,25,10000,48MB,4000,406.14,64-1000000-4-oltp_read_only-0.6
69,1GB,2,2,1,ON,1,1024,1,25,20000,48MB,4000,402.51,64-1000000-4-oltp_read_only-0.6
70,1GB,2,2,1,ON,1,1024,1,25,100,4MB,4000,397.6,64-1000000-4-oltp_read_only-0.6
71,1GB,2,2,1,ON,1,1024,1,25,100,48MB,4000,396.93,64-1000000-4-oltp_read_only-0.6
72,1GB,2,2,1,ON,1,1024,1,25,100,512MB,4000,398.49,64-1000000-4-oltp_read_only-0.6
73,1GB,2,2,1,ON,1,1024,1,25,100,5GB,4000,399.69,64-1000000-4-oltp_read_only-0.6
74,1GB,2,2,1,ON,1,1024,1,25,100,48MB,1,316.58,64-1000000-4-oltp_read_only-0.6
75,1GB,2,2,1,ON,1,1024,1,25,100,48MB,1000,389.63,64-1000000-4-oltp_read_only-0.6
76,1GB,2,2,1,ON,1,1024,1,25,100,48MB,2000,401.75,64-1000000-4-oltp_read_only-0.6
77,1GB,2,2,1,ON,1,1024,1,25,100,48MB,4000,403.75,64-1000000-4-oltp_read_only-0.6
78,1GB,2,2,1,ON,1,1024,1,25,100,48MB,4000,715.75,64-1000000-4-oltp_read_only-1.0
79,2GB,2,2,1,ON,1,1024,1,25,100,48MB,4000,838.99,64-1000000-4-oltp_read_only-1.0
80,3GB,2,2,1,ON,1,1024,1,25,100,48MB,4000,891.93,64-1000000-4-oltp_read_only-1.0
81,4GB,2,2,1,ON,1,1024,1,25,100,48MB,4000,917.21,64-1000000-4-oltp_read_only-1.0
82,1GB,1,2,1,ON,1,1024,1,25,100,48MB,4000,768.92,64-1000000-4-oltp_read_only-1.0
83,1GB,2,2,1,ON,1,1024,1,25,100,48MB,4000,773.02,64-1000000-4-oltp_read_only-1.0
84,1GB,2,1,1,ON,1,1024,1,25,100,48MB,4000,767.31,64-1000000-4-oltp_read_only-1.0
85,1GB,2,2,1,ON,1,1024,1,25,100,48MB,4000,778.83,64-1000000-4-oltp_read_only-1.0
86,1GB,2,2,0,ON,1,1024,1,25,100,48MB,4000,784.28,64-1000000-4-oltp_read_only-1.0
87,1GB,2,2,1,ON,1,1024,1,25,100,48MB,4000,782.7,64-1000000-4-oltp_read_only-1.0
88,1GB,2,2,2,ON,1,1024,1,25,100,48MB,4000,784.09,64-1000000-4-oltp_read_only-1.0
89,1GB,2,2,1,ON,1,1024,1,25,100,48MB,4000,783.39,64-1000000-4-oltp_read_only-1.0
90,1GB,2,2,1,OFF,1,1024,1,25,100,48MB,4000,791.88,64-1000000-4-oltp_read_only-1.0
91,1GB,2,2,1,ON,0,1024,1,25,100,48MB,4000,776.45,64-1000000-4-oltp_read_only-1.0
92,1GB,2,2,1,ON,1,1024,1,25,100,48MB,4000,786.75,64-1000000-4-oltp_read_only-1.0
93,1GB,2,2,1,ON,1,100,1,25,100,48MB,4000,777.65,64-1000000-4-oltp_read_only-1.0
94,1GB,2,2,1,ON,1,1024,1,25,100,48MB,4000,781.17,64-1000000-4-oltp_read_only-1.0
95,1GB,2,2,1,ON,1,5000,1,25,100,48MB,4000,782.08,64-1000000-4-oltp_read_only-1.0
96,1GB,2,2,1,ON,1,10000,1,25,100,48MB,4000,776.57,64-1000000-4-oltp_read_only-1.0
97,1GB,2,2,1,ON,1,1024,1,25,100,48MB,4000,776.29,64-1000000-4-oltp_read_only-1.0
98,1GB,2,2,1,ON,1,1024,2,25,100,48MB,4000,782.11,64-1000000-4-oltp_read_only-1.0
99,1GB,2,2,1,ON,1,1024,4,25,100,48MB,4000,780.76,64-1000000-4-oltp_read_only-1.0
100,1GB,2,2,1,ON,1,1024,8,25,100,48MB,4000,779.22,64-1000000-4-oltp_read_only-1.0
101,1GB,2,2,1,ON,1,1024,1,0,100,48MB,4000,772.52,64-1000000-4-oltp_read_only-1.0
102,1GB,2,2,1,ON,1,1024,1,10,100,48MB,4000,774.53,64-1000000-4-oltp_read_only-1.0
103,1GB,2,2,1,ON,1,1024,1,25,100,48MB,4000,780.52,64-1000000-4-oltp_read_only-1.0
104,1GB,2,2,1,ON,1,1024,1,50,100,48MB,4000,787.16,64-1000000-4-oltp_read_only-1.0
105,1GB,2,2,1,ON,1,1024,1,25,100,48MB,4000,782.07,64-1000000-4-oltp_read_only-1.0
106,1GB,2,2,1,ON,1,1024,1,25,5000,48MB,4000,789.82,64-1000000-4-oltp_read_only-1.0
107,1GB,2,2,1,ON,1,1024,1,25,10000,48MB,4000,783.7,64-1000000-4-oltp_read_only-1.0
108,1GB,2,2,1,ON,1,1024,1,25,20000,48MB,4000,786.74,64-1000000-4-oltp_read_only-1.0
109,1GB,2,2,1,ON,1,1024,1,25,100,4MB,4000,773.52,64-1000000-4-oltp_read_only-1.0
110,1GB,2,2,1,ON,1,1024,1,25,100,48MB,4000,774.43,64-1000000-4-oltp_read_only-1.0
111,1GB,2,2,1,ON,1,1024,1,25,100,512MB,4000,772.98,64-1000000-4-oltp_read_only-1.0
112,1GB,2,2,1,ON,1,1024,1,25,100,5GB,4000,780.18,64-1000000-4-oltp_read_only-1.0
113,1GB,2,2,1,ON,1,1024,1,25,100,48MB,1,547.62,64-1000000-4-oltp_read_only-1.0
114,1GB,2,2,1,ON,1,1024,1,25,100,48MB,1000,762.59,64-1000000-4-oltp_read_only-1.0
115,1GB,2,2,1,ON,1,1024,1,25,100,48MB,2000,770.74,64-1000000-4-oltp_read_only-1.0
116,1GB,2,2,1,ON,1,1024,1,25,100,48MB,4000,768.93,64-1000000-4-oltp_read_only-1.0
117,1GB,2,2,1,ON,1,1024,1,25,100,48MB,4000,133.58,64-1000000-4-oltp_write_only-0.2
118,2GB,2,2,1,ON,1,1024,1,25,100,48MB,4000,153.39,64-1000000-4-oltp_write_only-0.2
119,3GB,2,2,1,ON,1,1024,1,25,100,48MB,4000,167.07,64-1000000-4-oltp_write_only-0.2
120,4GB,2,2,1,ON,1,1024,1,25,100,48MB,4000,176.75,64-1000000-4-oltp_write_only-0.2
121,1GB,1,2,1,ON,1,1024,1,25,100,48MB,4000,221.49,64-1000000-4-oltp_write_only-0.2
122,1GB,2,2,1,ON,1,1024,1,25,100,48MB,4000,227.16,64-1000000-4-oltp_write_only-0.2
123,1GB,2,1,1,ON,1,1024,1,25,100,48MB,4000,175.32,64-1000000-4-oltp_write_only-0.2
124,1GB,2,2,1,ON,1,1024,1,25,100,48MB,4000,234.67,64-1000000-4-oltp_write_only-0.2
125,1GB,2,2,0,ON,1,1024,1,25,100,48MB,4000,262.23,64-1000000-4-oltp_write_only-0.2
126,1GB,2,2,1,ON,1,1024,1,25,100,48MB,4000,244.25,64-1000000-4-oltp_write_only-0.2
127,1GB,2,2,2,ON,1,1024,1,25,100,48MB,4000,281.0,64-1000000-4-oltp_write_only-0.2
128,1GB,2,2,1,ON,1,1024,1,25,100,48MB,4000,241.75,64-1000000-4-oltp_write_only-0.2
129,1GB,2,2,1,OFF,1,1024,1,25,100,48MB,4000,242.54,64-1000000-4-oltp_write_only-0.2
130,1GB,2,2,1,ON,0,1024,1,25,100,48MB,4000,255.41,64-1000000-4-oltp_write_only-0.2
131,1GB,2,2,1,ON,1,1024,1,25,100,48MB,4000,249.96,64-1000000-4-oltp_write_only-0.2
132,1GB,2,2,1,ON,1,100,1,25,100,48MB,4000,248.07,64-1000000-4-oltp_write_only-0.2
133,1GB,2,2,1,ON,1,1024,1,25,100,48MB,4000,250.43,64-1000000-4-oltp_write_only-0.2
134,1GB,2,2,1,ON,1,5000,1,25,100,48MB,4000,253.29,64-1000000-4-oltp_write_only-0.2
135,1GB,2,2,1,ON,1,10000,1,25,100,48MB,4000,259.51,64-1000000-4-oltp_write_only-0.2
136,1GB,2,2,1,ON,1,1024,1,25,100,48MB,4000,248.45,64-1000000-4-oltp_write_only-0.2
137,1GB,2,2,1,ON,1,1024,2,25,100,48MB,4000,262.77,64-1000000-4-oltp_write_only-0.2
138,1GB,2,2,1,ON,1,1024,4,25,100,48MB,4000,329.3,64-1000000-4-oltp_write_only-0.2
139,1GB,2,2,1,ON,1,1024,8,25,100,48MB,4000,334.02,64-1000000-4-oltp_write_only-0.2
140,1GB,2,2,1,ON,1,1024,1,0,100,48MB,4000,211.75,64-1000000-4-oltp_write_only-0.2
141,1GB,2,2,1,ON,1,1024,1,10,100,48MB,4000,248.69,64-1000000-4-oltp_write_only-0.2
142,1GB,2,2,1,ON,1,1024,1,25,100,48MB,4000,252.44,64-1000000-4-oltp_write_only-0.2
143,1GB,2,2,1,ON,1,1024,1,50,100,48MB,4000,254.52,64-1000000-4-oltp_write_only-0.2
144,1GB,2,2,1,ON,1,1024,1,25,100,48MB,4000,253.0,64-1000000-4-oltp_write_only-0.2
145,1GB,2,2,1,ON,1,1024,1,25,5000,48MB,4000,238.63,64-1000000-4-oltp_write_only-0.2
146,1GB,2,2,1,ON,1,1024,1,25,10000,48MB,4000,239.5,64-1000000-4-oltp_write_only-0.2
147,1GB,2,2,1,ON,1,1024,1,25,20000,48MB,4000,235.43,64-1000000-4-oltp_write_only-0.2
148,1GB,2,2,1,ON,1,1024,1,25,100,4MB,4000,161.45,64-1000000-4-oltp_write_only-0.2
149,1GB,2,2,1,ON,1,1024,1,25,100,48MB,4000,247.79,64-1000000-4-oltp_write_only-0.2
150,1GB,2,2,1,ON,1,1024,1,25,100,512MB,4000,258.25,64-1000000-4-oltp_write_only-0.2
151,1GB,2,2,1,ON,1,1024,1,25,100,5GB,4000,278.64,64-1000000-4-oltp_write_only-0.2
152,1GB,2,2,1,ON,1,1024,1,25,100,48MB,1,246.49,64-1000000-4-oltp_write_only-0.2
153,1GB,2,2,1,ON,1,1024,1,25,100,48MB,1000,254.37,64-1000000-4-oltp_write_only-0.2
154,1GB,2,2,1,ON,1,1024,1,25,100,48MB,2000,254.65,64-1000000-4-oltp_write_only-0.2
155,1GB,2,2,1,ON,1,1024,1,25,100,48MB,4000,251.26,64-1000000-4-oltp_write_only-0.2
156,1GB,2,2,1,ON,1,1024,1,25,100,48MB,4000,268.38,64-1000000-4-oltp_write_only-0.6
157,2GB,2,2,1,ON,1,1024,1,25,100,48MB,4000,320.21,64-1000000-4-oltp_write_only-0.6
158,3GB,2,2,1,ON,1,1024,1,25,100,48MB,4000,323.19,64-1000000-4-oltp_write_only-0.6
159,4GB,2,2,1,ON,1,1024,1,25,100,48MB,4000,331.13,64-1000000-4-oltp_write_only-0.6
160,1GB,1,2,1,ON,1,1024,1,25,100,48MB,4000,267.28,64-1000000-4-oltp_write_only-0.6
161,1GB,2,2,1,ON,1,1024,1,25,100,48MB,4000,266.87,64-1000000-4-oltp_write_only-0.6
162,1GB,2,1,1,ON,1,1024,1,25,100,48MB,4000,245.89,64-1000000-4-oltp_write_only-0.6
163,1GB,2,2,1,ON,1,1024,1,25,100,48MB,4000,271.29,64-1000000-4-oltp_write_only-0.6
164,1GB,2,2,0,ON,1,1024,1,25,100,48MB,4000,317.39,64-1000000-4-oltp_write_only-0.6
165,1GB,2,2,1,ON,1,1024,1,25,100,48MB,4000,274.67,64-1000000-4-oltp_write_only-0.6
166,1GB,2,2,2,ON,1,1024,1,25,100,48MB,4000,320.63,64-1000000-4-oltp_write_only-0.6
167,1GB,2,2,1,ON,1,1024,1,25,100,48MB,4000,267.83,64-1000000-4-oltp_write_only-0.6
168,1GB,2,2,1,OFF,1,1024,1,25,100,48MB,4000,272.23,64-1000000-4-oltp_write_only-0.6
169,1GB,2,2,1,ON,0,1024,1,25,100,48MB,4000,284.79,64-1000000-4-oltp_write_only-0.6
170,1GB,2,2,1,ON,1,1024,1,25,100,48MB,4000,276.02,64-1000000-4-oltp_write_only-0.6
171,1GB,2,2,1,ON,1,100,1,25,100,48MB,4000,274.27,64-1000000-4-oltp_write_only-0.6
172,1GB,2,2,1,ON,1,1024,1,25,100,48MB,4000,274.38,64-1000000-4-oltp_write_only-0.6
173,1GB,2,2,1,ON,1,5000,1,25,100,48MB,4000,285.73,64-1000000-4-oltp_write_only-0.6
174,1GB,2,2,1,ON,1,10000,1,25,100,48MB,4000,295.7,64-1000000-4-oltp_write_only-0.6
175,1GB,2,2,1,ON,1,1024,1,25,100,48MB,4000,275.61,64-1000000-4-oltp_write_only-0.6
176,1GB,2,2,1,ON,1,1024,2,25,100,48MB,4000,294.99,64-1000000-4-oltp_write_only-0.6
177,1GB,2,2,1,ON,1,1024,4,25,100,48MB,4000,352.1,64-1000000-4-oltp_write_only-0.6
178,1GB,2,2,1,ON,1,1024,8,25,100,48MB,4000,340.58,64-1000000-4-oltp_write_only-0.6
179,1GB,2,2,1,ON,1,1024,1,0,100,48MB,4000,238.2,64-1000000-4-oltp_write_only-0.6
180,1GB,2,2,1,ON,1,1024,1,10,100,48MB,4000,268.92,64-1000000-4-oltp_write_only-0.6
181,1GB,2,2,1,ON,1,1024,1,25,100,48MB,4000,268.6,64-1000000-4-oltp_write_only-0.6
182,1GB,2,2,1,ON,1,1024,1,50,100,48MB,4000,271.09,64-1000000-4-oltp_write_only-0.6
183,1GB,2,2,1,ON,1,1024,1,25,100,48MB,4000,272.72,64-1000000-4-oltp_write_only-0.6
184,1GB,2,2,1,ON,1,1024,1,25,5000,48MB,4000,260.44,64-1000000-4-oltp_write_only-0.6
185,1GB,2,2,1,ON,1,1024,1,25,10000,48MB,4000,258.04,64-1000000-4-oltp_write_only-0.6
186,1GB,2,2,1,ON,1,1024,1,25,20000,48MB,4000,259.85,64-1000000-4-oltp_write_only-0.6
187,1GB,2,2,1,ON,1,1024,1,25,100,4MB,4000,194.53,64-1000000-4-oltp_write_only-0.6
188,1GB,2,2,1,ON,1,1024,1,25,100,48MB,4000,273.6,64-1000000-4-oltp_write_only-0.6
189,1GB,2,2,1,ON,1,1024,1,25,100,512MB,4000,302.47,64-1000000-4-oltp_write_only-0.6
190,1GB,2,2,1,ON,1,1024,1,25,100,5GB,4000,297.85,64-1000000-4-oltp_write_only-0.6
191,1GB,2,2,1,ON,1,1024,1,25,100,48MB,1,270.3,64-1000000-4-oltp_write_only-0.6
192,1GB,2,2,1,ON,1,1024,1,25,100,48MB,1000,281.07,64-1000000-4-oltp_write_only-0.6
193,1GB,2,2,1,ON,1,1024,1,25,100,48MB,2000,279.48,64-1000000-4-oltp_write_only-0.6
194,1GB,2,2,1,ON,1,1024,1,25,100,48MB,4000,277.29,64-1000000-4-oltp_write_only-0.6
195,1GB,2,2,1,ON,1,1024,1,25,100,48MB,4000,472.99,64-1000000-4-oltp_write_only-1.0
196,2GB,2,2,1,ON,1,1024,1,25,100,48MB,4000,480.95,64-1000000-4-oltp_write_only-1.0
197,3GB,2,2,1,ON,1,1024,1,25,100,48MB,4000,486.36,64-1000000-4-oltp_write_only-1.0
198,4GB,2,2,1,ON,1,1024,1,25,100,48MB,4000,490.91,64-1000000-4-oltp_write_only-1.0
199,1GB,1,2,1,ON,1,1024,1,25,100,48MB,4000,471.84,64-1000000-4-oltp_write_only-1.0
200,1GB,2,2,1,ON,1,1024,1,25,100,48MB,4000,474.84,64-1000000-4-oltp_write_only-1.0
201,1GB,2,1,1,ON,1,1024,1,25,100,48MB,4000,419.89,64-1000000-4-oltp_write_only-1.0
202,1GB,2,2,1,ON,1,1024,1,25,100,48MB,4000,477.03,64-1000000-4-oltp_write_only-1.0
203,1GB,2,2,0,ON,1,1024,1,25,100,48MB,4000,613.1,64-1000000-4-oltp_write_only-1.0
204,1GB,2,2,1,ON,1,1024,1,25,100,48MB,4000,485.5,64-1000000-4-oltp_write_only-1.0
205,1GB,2,2,2,ON,1,1024,1,25,100,48MB,4000,598.7,64-1000000-4-oltp_write_only-1.0
206,1GB,2,2,1,ON,1,1024,1,25,100,48MB,4000,479.53,64-1000000-4-oltp_write_only-1.0
207,1GB,2,2,1,OFF,1,1024,1,25,100,48MB,4000,487.65,64-1000000-4-oltp_write_only-1.0
208,1GB,2,2,1,ON,0,1024,1,25,100,48MB,4000,588.64,64-1000000-4-oltp_write_only-1.0
209,1GB,2,2,1,ON,1,1024,1,25,100,48MB,4000,490.1,64-1000000-4-oltp_write_only-1.0
210,1GB,2,2,1,ON,1,100,1,25,100,48MB,4000,472.19,64-1000000-4-oltp_write_only-1.0
211,1GB,2,2,1,ON,1,1024,1,25,100,48MB,4000,491.35,64-1000000-4-oltp_write_only-1.0
212,1GB,2,2,1,ON,1,5000,1,25,100,48MB,4000,487.96,64-1000000-4-oltp_write_only-1.0
213,1GB,2,2,1,ON,1,10000,1,25,100,48MB,4000,486.56,64-1000000-4-oltp_write_only-1.0
214,1GB,2,2,1,ON,1,1024,1,25,100,48MB,4000,473.87,64-1000000-4-oltp_write_only-1.0
215,1GB,2,2,1,ON,1,1024,2,25,100,48MB,4000,447.94,64-1000000-4-oltp_write_only-1.0
216,1GB,2,2,1,ON,1,1024,4,25,100,48MB,4000,453.73,64-1000000-4-oltp_write_only-1.0
217,1GB,2,2,1,ON,1,1024,8,25,100,48MB,4000,456.06,64-1000000-4-oltp_write_only-1.0
218,1GB,2,2,1,ON,1,1024,1,0,100,48MB,4000,459.87,64-1000000-4-oltp_write_only-1.0
219,1GB,2,2,1,ON,1,1024,1,10,100,48MB,4000,492.15,64-1000000-4-oltp_write_only-1.0
220,1GB,2,2,1,ON,1,1024,1,25,100,48MB,4000,493.81,64-1000000-4-oltp_write_only-1.0
221,1GB,2,2,1,ON,1,1024,1,50,100,48MB,4000,493.92,64-1000000-4-oltp_write_only-1.0
222,1GB,2,2,1,ON,1,1024,1,25,100,48MB,4000,473.01,64-1000000-4-oltp_write_only-1.0
223,1GB,2,2,1,ON,1,1024,1,25,5000,48MB,4000,480.35,64-1000000-4-oltp_write_only-1.0
224,1GB,2,2,1,ON,1,1024,1,25,10000,48MB,4000,483.95,64-1000000-4-oltp_write_only-1.0
225,1GB,2,2,1,ON,1,1024,1,25,20000,48MB,4000,486.5,64-1000000-4-oltp_write_only-1.0
226,1GB,2,2,1,ON,1,1024,1,25,100,4MB,4000,322.02,64-1000000-4-oltp_write_only-1.0
227,1GB,2,2,1,ON,1,1024,1,25,100,48MB,4000,478.14,64-1000000-4-oltp_write_only-1.0
228,1GB,2,2,1,ON,1,1024,1,25,100,512MB,4000,493.47,64-1000000-4-oltp_write_only-1.0
229,1GB,2,2,1,ON,1,1024,1,25,100,5GB,4000,500.89,64-1000000-4-oltp_write_only-1.0
230,1GB,2,2,1,ON,1,1024,1,25,100,48MB,1,430.38,64-1000000-4-oltp_write_only-1.0
231,1GB,2,2,1,ON,1,1024,1,25,100,48MB,1000,487.93,64-1000000-4-oltp_write_only-1.0
232,1GB,2,2,1,ON,1,1024,1,25,100,48MB,2000,490.39,64-1000000-4-oltp_write_only-1.0
233,1GB,2,2,1,ON,1,1024,1,25,100,48MB,4000,487.55,64-1000000-4-oltp_write_only-1.0
234,1GB,2,2,1,ON,1,1024,1,25,100,48MB,4000,58.78,64-1000000-4-oltp_read_write_95-0.2
235,2GB,2,2,1,ON,1,1024,1,25,100,48MB,4000,63.56,64-1000000-4-oltp_read_write_95-0.2
236,3GB,2,2,1,ON,1,1024,1,25,100,48MB,4000,67.86,64-1000000-4-oltp_read_write_95-0.2
237,4GB,2,2,1,ON,1,1024,1,25,100,48MB,4000,72.65,64-1000000-4-oltp_read_write_95-0.2
238,1GB,1,2,1,ON,1,1024,1,25,100,48MB,4000,60.85,64-1000000-4-oltp_read_write_95-0.2
239,1GB,2,2,1,ON,1,1024,1,25,100,48MB,4000,61.47,64-1000000-4-oltp_read_write_95-0.2
240,1GB,2,1,1,ON,1,1024,1,25,100,48MB,4000,58.61,64-1000000-4-oltp_read_write_95-0.2
241,1GB,2,2,1,ON,1,1024,1,25,100,48MB,4000,62.21,64-1000000-4-oltp_read_write_95-0.2
242,1GB,2,2,0,ON,1,1024,1,25,100,48MB,4000,65.33,64-1000000-4-oltp_read_write_95-0.2
243,1GB,2,2,1,ON,1,1024,1,25,100,48MB,4000,61.39,64-1000000-4-oltp_read_write_95-0.2
244,1GB,2,2,2,ON,1,1024,1,25,100,48MB,4000,64.85,64-1000000-4-oltp_read_write_95-0.2
245,1GB,2,2,1,ON,1,1024,1,25,100,48MB,4000,60.71,64-1000000-4-oltp_read_write_95-0.2
246,1GB,2,2,1,OFF,1,1024,1,25,100,48MB,4000,59.82,64-1000000-4-oltp_read_write_95-0.2
247,1GB,2,2,1,ON,0,1024,1,25,100,48MB,4000,62.37,64-1000000-4-oltp_read_write_95-0.2
248,1GB,2,2,1,ON,1,1024,1,25,100,48MB,4000,61.1,64-1000000-4-oltp_read_write_95-0.2
249,1GB,2,2,1,ON,1,100,1,25,100,48MB,4000,60.76,64-1000000-4-oltp_read_write_95-0.2
250,1GB,2,2,1,ON,1,1024,1,25,100,48MB,4000,61.38,64-1000000-4-oltp_read_write_95-0.2
251,1GB,2,2,1,ON,1,5000,1,25,100,48MB,4000,60.49,64-1000000-4-oltp_read_write_95-0.2
252,1GB,2,2,1,ON,1,10000,1,25,100,48MB,4000,60.49,64-1000000-4-oltp_read_write_95-0.2
253,1GB,2,2,1,ON,1,1024,1,25,100,48MB,4000,61.41,64-1000000-4-oltp_read_write_95-0.2
254,1GB,2,2,1,ON,1,1024,2,25,100,48MB,4000,63.93,64-1000000-4-oltp_read_write_95-0.2
255,1GB,2,2,1,ON,1,1024,4,25,100,48MB,4000,66.21,64-1000000-4-oltp_read_write_95-0.2
256,1GB,2,2,1,ON,1,1024,8,25,100,48MB,4000,66.31,64-1000000-4-oltp_read_write_95-0.2
257,1GB,2,2,1,ON,1,1024,1,0,100,48MB,4000,57.24,64-1000000-4-oltp_read_write_95-0.2
258,1GB,2,2,1,ON,1,1024,1,10,100,48MB,4000,62.24,64-1000000-4-oltp_read_write_95-0.2
259,1GB,2,2,1,ON,1,1024,1,25,100,48MB,4000,62.39,64-1000000-4-oltp_read_write_95-0.2
260,1GB,2,2,1,ON,1,1024,1,50,100,48MB,4000,61.49,64-1000000-4-oltp_read_write_95-0.2
261,1GB,2,2,1,ON,1,1024,1,25,100,48MB,4000,61.82,64-1000000-4-oltp_read_write_95-0.2
262,1GB,2,2,1,ON,1,1024,1,25,5000,48MB,4000,58.88,64-1000000-4-oltp_read_write_95-0.2
263,1GB,2,2,1,ON,1,1024,1,25,10000,48MB,4000,58.48,64-1000000-4-oltp_read_write_95-0.2
264,1GB,2,2,1,ON,1,1024,1,25,20000,48MB,4000,58.74,64-1000000-4-oltp_read_write_95-0.2
265,1GB,2,2,1,ON,1,1024,1,25,100,4MB,4000,65.52,64-1000000-4-oltp_read_write_95-0.2
266,1GB,2,2,1,ON,1,1024,1,25,100,48MB,4000,61.29,64-1000000-4-oltp_read_write_95-0.2
267,1GB,2,2,1,ON,1,1024,1,25,100,512MB,4000,61.37,64-1000000-4-oltp_read_write_95-0.2
268,1GB,2,2,1,ON,1,1024,1,25,100,5GB,4000,60.89,64-1000000-4-oltp_read_write_95-0.2
269,1GB,2,2,1,ON,1,1024,1,25,100,48MB,1,51.11,64-1000000-4-oltp_read_write_95-0.2
270,1GB,2,2,1,ON,1,1024,1,25,100,48MB,1000,61.65,64-1000000-4-oltp_read_write_95-0.2
271,1GB,2,2,1,ON,1,1024,1,25,100,48MB,2000,61.6,64-1000000-4-oltp_read_write_95-0.2
272,1GB,2,2,1,ON,1,1024,1,25,100,48MB,4000,62.28,64-1000000-4-oltp_read_write_95-0.2
273,1GB,2,2,1,ON,1,1024,1,25,100,48MB,4000,68.38,64-1000000-4-oltp_read_write_95-0.6
274,2GB,2,2,1,ON,1,1024,1,25,100,48MB,4000,75.62,64-1000000-4-oltp_read_write_95-0.6
275,3GB,2,2,1,ON,1,1024,1,25,100,48MB,4000,81.69,64-1000000-4-oltp_read_write_95-0.6
276,4GB,2,2,1,ON,1,1024,1,25,100,48MB,4000,87.72,64-1000000-4-oltp_read_write_95-0.6
277,1GB,1,2,1,ON,1,1024,1,25,100,48MB,4000,68.74,64-1000000-4-oltp_read_write_95-0.6
278,1GB,2,2,1,ON,1,1024,1,25,100,48MB,4000,69.03,64-1000000-4-oltp_read_write_95-0.6
279,1GB,2,1,1,ON,1,1024,1,25,100,48MB,4000,65.51,64-1000000-4-oltp_read_write_95-0.6
280,1GB,2,2,1,ON,1,1024,1,25,100,48MB,4000,69.44,64-1000000-4-oltp_read_write_95-0.6
281,1GB,2,2,0,ON,1,1024,1,25,100,48MB,4000,73.02,64-1000000-4-oltp_read_write_95-0.6
282,1GB,2,2,1,ON,1,1024,1,25,100,48MB,4000,69.02,64-1000000-4-oltp_read_write_95-0.6
283,1GB,2,2,2,ON,1,1024,1,25,100,48MB,4000,73.11,64-1000000-4-oltp_read_write_95-0.6
284,1GB,2,2,1,ON,1,1024,1,25,100,48MB,4000,69.37,64-1000000-4-oltp_read_write_95-0.6
285,1GB,2,2,1,OFF,1,1024,1,25,100,48MB,4000,69.07,64-1000000-4-oltp_read_write_95-0.6
286,1GB,2,2,1,ON,0,1024,1,25,100,48MB,4000,71.7,64-1000000-4-oltp_read_write_95-0.6
287,1GB,2,2,1,ON,1,1024,1,25,100,48MB,4000,69.21,64-1000000-4-oltp_read_write_95-0.6
288,1GB,2,2,1,ON,1,100,1,25,100,48MB,4000,68.8,64-1000000-4-oltp_read_write_95-0.6
289,1GB,2,2,1,ON,1,1024,1,25,100,48MB,4000,67.96,64-1000000-4-oltp_read_write_95-0.6
290,1GB,2,2,1,ON,1,5000,1,25,100,48MB,4000,66.8,64-1000000-4-oltp_read_write_95-0.6
291,1GB,2,2,1,ON,1,10000,1,25,100,48MB,4000,67.04,64-1000000-4-oltp_read_write_95-0.6
292,1GB,2,2,1,ON,1,1024,1,25,100,48MB,4000,69.19,64-1000000-4-oltp_read_write_95-0.6
293,1GB,2,2,1,ON,1,1024,2,25,100,48MB,4000,72.61,64-1000000-4-oltp_read_write_95-0.6
294,1GB,2,2,1,ON,1,1024,4,25,100,48MB,4000,74.87,64-1000000-4-oltp_read_write_95-0.6
295,1GB,2,2,1,ON,1,1024,8,25,100,48MB,4000,74.62,64-1000000-4-oltp_read_write_95-0.6
296,1GB,2,2,1,ON,1,1024,1,0,100,48MB,4000,63.24,64-1000000-4-oltp_read_write_95-0.6
297,1GB,2,2,1,ON,1,1024,1,10,100,48MB,4000,69.58,64-1000000-4-oltp_read_write_95-0.6
298,1GB,2,2,1,ON,1,1024,1,25,100,48MB,4000,70.3,64-1000000-4-oltp_read_write_95-0.6
299,1GB,2,2,1,ON,1,1024,1,50,100,48MB,4000,69.5,64-1000000-4-oltp_read_write_95-0.6
300,1GB,2,2,1,ON,1,1024,1,25,100,48MB,4000,68.58,64-1000000-4-oltp_read_write_95-0.6
301,1GB,2,2,1,ON,1,1024,1,25,5000,48MB,4000,66.62,64-1000000-4-oltp_read_write_95-0.6
302,1GB,2,2,1,ON,1,1024,1,25,10000,48MB,4000,66.77,64-1000000-4-oltp_read_write_95-0.6
303,1GB,2,2,1,ON,1,1024,1,25,20000,48MB,4000,67.36,64-1000000-4-oltp_read_write_95-0.6
304,1GB,2,2,1,ON,1,1024,1,25,100,4MB,4000,75.2,64-1000000-4-oltp_read_write_95-0.6
305,1GB,2,2,1,ON,1,1024,1,25,100,48MB,4000,69.1,64-1000000-4-oltp_read_write_95-0.6
306,1GB,2,2,1,ON,1,1024,1,25,100,512MB,4000,69.04,64-1000000-4-oltp_read_write_95-0.6
307,1GB,2,2,1,ON,1,1024,1,25,100,5GB,4000,68.54,64-1000000-4-oltp_read_write_95-0.6
308,1GB,2,2,1,ON,1,1024,1,25,100,48MB,1,56.56,64-1000000-4-oltp_read_write_95-0.6
309,1GB,2,2,1,ON,1,1024,1,25,100,48MB,1000,69.33,64-1000000-4-oltp_read_write_95-0.6
310,1GB,2,2,1,ON,1,1024,1,25,100,48MB,2000,68.9,64-1000000-4-oltp_read_write_95-0.6
311,1GB,2,2,1,ON,1,1024,1,25,100,48MB,4000,69.53,64-1000000-4-oltp_read_write_95-0.6
312,1GB,2,2,1,ON,1,1024,1,25,100,48MB,4000,126.33,64-1000000-4-oltp_read_write_95-1.0
313,2GB,2,2,1,ON,1,1024,1,25,100,48MB,4000,138.2,64-1000000-4-oltp_read_write_95-1.0
314,3GB,2,2,1,ON,1,1024,1,25,100,48MB,4000,149.22,64-1000000-4-oltp_read_write_95-1.0
315,4GB,2,2,1,ON,1,1024,1,25,100,48MB,4000,153.29,64-1000000-4-oltp_read_write_95-1.0
316,1GB,1,2,1,ON,1,1024,1,25,100,48MB,4000,126.66,64-1000000-4-oltp_read_write_95-1.0
317,1GB,2,2,1,ON,1,1024,1,25,100,48MB,4000,127.05,64-1000000-4-oltp_read_write_95-1.0
318,1GB,2,1,1,ON,1,1024,1,25,100,48MB,4000,122.41,64-1000000-4-oltp_read_write_95-1.0
319,1GB,2,2,1,ON,1,1024,1,25,100,48MB,4000,125.65,64-1000000-4-oltp_read_write_95-1.0
320,1GB,2,2,0,ON,1,1024,1,25,100,48MB,4000,142.03,64-1000000-4-oltp_read_write_95-1.0
321,1GB,2,2,1,ON,1,1024,1,25,100,48MB,4000,127.3,64-1000000-4-oltp_read_write_95-1.0
322,1GB,2,2,2,ON,1,1024,1,25,100,48MB,4000,144.09,64-1000000-4-oltp_read_write_95-1.0
323,1GB,2,2,1,ON,1,1024,1,25,100,48MB,4000,126.25,64-1000000-4-oltp_read_write_95-1.0
324,1GB,2,2,1,OFF,1,1024,1,25,100,48MB,4000,126.98,64-1000000-4-oltp_read_write_95-1.0
325,1GB,2,2,1,ON,0,1024,1,25,100,48MB,4000,133.49,64-1000000-4-oltp_read_write_95-1.0
326,1GB,2,2,1,ON,1,1024,1,25,100,48MB,4000,127.14,64-1000000-4-oltp_read_write_95-1.0
327,1GB,2,2,1,ON,1,100,1,25,100,48MB,4000,128.51,64-1000000-4-oltp_read_write_95-1.0
328,1GB,2,2,1,ON,1,1024,1,25,100,48MB,4000,127.09,64-1000000-4-oltp_read_write_95-1.0
329,1GB,2,2,1,ON,1,5000,1,25,100,48MB,4000,126.25,64-1000000-4-oltp_read_write_95-1.0
330,1GB,2,2,1,ON,1,10000,1,25,100,48MB,4000,126.22,64-1000000-4-oltp_read_write_95-1.0
331,1GB,2,2,1,ON,1,1024,1,25,100,48MB,4000,128.6,64-1000000-4-oltp_read_write_95-1.0
332,1GB,2,2,1,ON,1,1024,2,25,100,48MB,4000,131.14,64-1000000-4-oltp_read_write_95-1.0
333,1GB,2,2,1,ON,1,1024,4,25,100,48MB,4000,131.4,64-1000000-4-oltp_read_write_95-1.0
334,1GB,2,2,1,ON,1,1024,8,25,100,48MB,4000,130.87,64-1000000-4-oltp_read_write_95-1.0
335,1GB,2,2,1,ON,1,1024,1,0,100,48MB,4000,119.88,64-1000000-4-oltp_read_write_95-1.0
336,1GB,2,2,1,ON,1,1024,1,10,100,48MB,4000,128.29,64-1000000-4-oltp_read_write_95-1.0
337,1GB,2,2,1,ON,1,1024,1,25,100,48MB,4000,129.66,64-1000000-4-oltp_read_write_95-1.0
338,1GB,2,2,1,ON,1,1024,1,50,100,48MB,4000,128.13,64-1000000-4-oltp_read_write_95-1.0
339,1GB,2,2,1,ON,1,1024,1,25,100,48MB,4000,127.75,64-1000000-4-oltp_read_write_95-1.0
340,1GB,2,2,1,ON,1,1024,1,25,5000,48MB,4000,122.67,64-1000000-4-oltp_read_write_95-1.0
341,1GB,2,2,1,ON,1,1024,1,25,10000,48MB,4000,124.11,64-1000000-4-oltp_read_write_95-1.0
342,1GB,2,2,1,ON,1,1024,1,25,20000,48MB,4000,122.04,64-1000000-4-oltp_read_write_95-1.0
343,1GB,2,2,1,ON,1,1024,1,25,100,4MB,4000,127.56,64-1000000-4-oltp_read_write_95-1.0
344,1GB,2,2,1,ON,1,1024,1,25,100,48MB,4000,127.87,64-1000000-4-oltp_read_write_95-1.0
345,1GB,2,2,1,ON,1,1024,1,25,100,512MB,4000,128.42,64-1000000-4-oltp_read_write_95-1.0
346,1GB,2,2,1,ON,1,1024,1,25,100,5GB,4000,126.82,64-1000000-4-oltp_read_write_95-1.0
347,1GB,2,2,1,ON,1,1024,1,25,100,48MB,1,91.68,64-1000000-4-oltp_read_write_95-1.0
348,1GB,2,2,1,ON,1,1024,1,25,100,48MB,1000,128.51,64-1000000-4-oltp_read_write_95-1.0
349,1GB,2,2,1,ON,1,1024,1,25,100,48MB,2000,127.53,64-1000000-4-oltp_read_write_95-1.0
350,1GB,2,2,1,ON,1,1024,1,25,100,48MB,4000,129.0,64-1000000-4-oltp_read_write_95-1.0
351,1GB,2,2,1,ON,1,1024,1,25,100,48MB,4000,141.84,64-1000000-4-oltp_read_write_80-0.2
352,2GB,2,2,1,ON,1,1024,1,25,100,48MB,4000,149.89,64-1000000-4-oltp_read_write_80-0.2
353,3GB,2,2,1,ON,1,1024,1,25,100,48MB,4000,172.51,64-1000000-4-oltp_read_write_80-0.2
354,4GB,2,2,1,ON,1,1024,1,25,100,48MB,4000,183.51,64-1000000-4-oltp_read_write_80-0.2
355,1GB,1,2,1,ON,1,1024,1,25,100,48MB,4000,143.9,64-1000000-4-oltp_read_write_80-0.2
356,1GB,2,2,1,ON,1,1024,1,25,100,48MB,4000,144.19,64-1000000-4-oltp_read_write_80-0.2
357,1GB,2,1,1,ON,1,1024,1,25,100,48MB,4000,128.18,64-1000000-4-oltp_read_write_80-0.2
358,1GB,2,2,1,ON,1,1024,1,25,100,48MB,4000,142.66,64-1000000-4-oltp_read_write_80-0.2
359,1GB,2,2,0,ON,1,1024,1,25,100,48MB,4000,165.08,64-1000000-4-oltp_read_write_80-0.2
360,1GB,2,2,1,ON,1,1024,1,25,100,48MB,4000,146.24,64-1000000-4-oltp_read_write_80-0.2
361,1GB,2,2,2,ON,1,1024,1,25,100,48MB,4000,163.43,64-1000000-4-oltp_read_write_80-0.2
362,1GB,2,2,1,ON,1,1024,1,25,100,48MB,4000,142.14,64-1000000-4-oltp_read_write_80-0.2
363,1GB,2,2,1,OFF,1,1024,1,25,100,48MB,4000,143.95,64-1000000-4-oltp_read_write_80-0.2
364,1GB,2,2,1,ON,0,1024,1,25,100,48MB,4000,153.29,64-1000000-4-oltp_read_write_80-0.2
365,1GB,2,2,1,ON,1,1024,1,25,100,48MB,4000,145.17,64-1000000-4-oltp_read_write_80-0.2
366,1GB,2,2,1,ON,1,100,1,25,100,48MB,4000,138.68,64-1000000-4-oltp_read_write_80-0.2
367,1GB,2,2,1,ON,1,1024,1,25,100,48MB,4000,145.49,64-1000000-4-oltp_read_write_80-0.2
368,1GB,2,2,1,ON,1,5000,1,25,100,48MB,4000,151.26,64-1000000-4-oltp_read_write_80-0.2
369,1GB,2,2,1,ON,1,10000,1,25,100,48MB,4000,149.41,64-1000000-4-oltp_read_write_80-0.2
370,1GB,2,2,1,ON,1,1024,1,25,100,48MB,4000,144.33,64-1000000-4-oltp_read_write_80-0.2
371,1GB,2,2,1,ON,1,1024,2,25,100,48MB,4000,152.82,64-1000000-4-oltp_read_write_80-0.2
372,1GB,2,2,1,ON,1,1024,4,25,100,48MB,4000,161.17,64-1000000-4-oltp_read_write_80-0.2
373,1GB,2,2,1,ON,1,1024,8,25,100,48MB,4000,163.67,64-1000000-4-oltp_read_write_80-0.2
374,1GB,2,2,1,ON,1,1024,1,0,100,48MB,4000,124.64,64-1000000-4-oltp_read_write_80-0.2
375,1GB,2,2,1,ON,1,1024,1,10,100,48MB,4000,142.28,64-1000000-4-oltp_read_write_80-0.2
376,1GB,2,2,1,ON,1,1024,1,25,100,48MB,4000,144.83,64-1000000-4-oltp_read_write_80-0.2
377,1GB,2,2,1,ON,1,1024,1,50,100,48MB,4000,147.44,64-1000000-4-oltp_read_write_80-0.2
378,1GB,2,2,1,ON,1,1024,1,25,100,48MB,4000,142.95,64-1000000-4-oltp_read_write_80-0.2
379,1GB,2,2,1,ON,1,1024,1,25,5000,48MB,4000,131.62,64-1000000-4-oltp_read_write_80-0.2
380,1GB,2,2,1,ON,1,1024,1,25,10000,48MB,4000,132.05,64-1000000-4-oltp_read_write_80-0.2
381,1GB,2,2,1,ON,1,1024,1,25,20000,48MB,4000,131.99,64-1000000-4-oltp_read_write_80-0.2
382,1GB,2,2,1,ON,1,1024,1,25,100,4MB,4000,155.67,64-1000000-4-oltp_read_write_80-0.2
383,1GB,2,2,1,ON,1,1024,1,25,100,48MB,4000,144.32,64-1000000-4-oltp_read_write_80-0.2
384,1GB,2,2,1,ON,1,1024,1,25,100,512MB,4000,139.16,64-1000000-4-oltp_read_write_80-0.2
385,1GB,2,2,1,ON,1,1024,1,25,100,5GB,4000,140.51,64-1000000-4-oltp_read_write_80-0.2
386,1GB,2,2,1,ON,1,1024,1,25,100,48MB,1,128.54,64-1000000-4-oltp_read_write_80-0.2
387,1GB,2,2,1,ON,1,1024,1,25,100,48MB,1000,144.09,64-1000000-4-oltp_read_write_80-0.2
388,1GB,2,2,1,ON,1,1024,1,25,100,48MB,2000,143.63,64-1000000-4-oltp_read_write_80-0.2
389,1GB,2,2,1,ON,1,1024,1,25,100,48MB,4000,144.67,64-1000000-4-oltp_read_write_80-0.2
390,1GB,2,2,1,ON,1,1024,1,25,100,48MB,4000,156.44,64-1000000-4-oltp_read_write_80-0.6
391,2GB,2,2,1,ON,1,1024,1,25,100,48MB,4000,168.8,64-1000000-4-oltp_read_write_80-0.6
392,3GB,2,2,1,ON,1,1024,1,25,100,48MB,4000,198.88,64-1000000-4-oltp_read_write_80-0.6
393,4GB,2,2,1,ON,1,1024,1,25,100,48MB,4000,206.39,64-1000000-4-oltp_read_write_80-0.6
394,1GB,1,2,1,ON,1,1024,1,25,100,48MB,4000,156.63,64-1000000-4-oltp_read_write_80-0.6
395,1GB,2,2,1,ON,1,1024,1,25,100,48MB,4000,159.39,64-1000000-4-oltp_read_write_80-0.6
396,1GB,2,1,1,ON,1,1024,1,25,100,48MB,4000,141.72,64-1000000-4-oltp_read_write_80-0.6
397,1GB,2,2,1,ON,1,1024,1,25,100,48MB,4000,157.78,64-1000000-4-oltp_read_write_80-0.6
398,1GB,2,2,0,ON,1,1024,1,25,100,48MB,4000,183.51,64-1000000-4-oltp_read_write_80-0.6
399,1GB,2,2,1,ON,1,1024,1,25,100,48MB,4000,159.26,64-1000000-4-oltp_read_write_80-0.6
400,1GB,2,2,2,ON,1,1024,1,25,100,48MB,4000,181.78,64-1000000-4-oltp_read_write_80-0.6
401,1GB,2,2,1,ON,1,1024,1,25,100,48MB,4000,158.5,64-1000000-4-oltp_read_write_80-0.6
402,1GB,2,2,1,OFF,1,1024,1,25,100,48MB,4000,159.23,64-1000000-4-oltp_read_write_80-0.6
403,1GB,2,2,1,ON,0,1024,1,25,100,48MB,4000,166.93,64-1000000-4-oltp_read_write_80-0.6
404,1GB,2,2,1,ON,1,1024,1,25,100,48MB,4000,160.08,64-1000000-4-oltp_read_write_80-0.6
405,1GB,2,2,1,ON,1,100,1,25,100,48MB,4000,155.64,64-1000000-4-oltp_read_write_80-0.6
406,1GB,2,2,1,ON,1,1024,1,25,100,48MB,4000,159.12,64-1000000-4-oltp_read_write_80-0.6
407,1GB,2,2,1,ON,1,5000,1,25,100,48MB,4000,164.54,64-1000000-4-oltp_read_write_80-0.6
408,1GB,2,2,1,ON,1,10000,1,25,100,48MB,4000,161.94,64-1000000-4-oltp_read_write_80-0.6
409,1GB,2,2,1,ON,1,1024,1,25,100,48MB,4000,156.84,64-1000000-4-oltp_read_write_80-0.6
410,1GB,2,2,1,ON,1,1024,2,25,100,48MB,4000,167.74,64-1000000-4-oltp_read_write_80-0.6
411,1GB,2,2,1,ON,1,1024,4,25,100,48MB,4000,176.45,64-1000000-4-oltp_read_write_80-0.6
412,1GB,2,2,1,ON,1,1024,8,25,100,48MB,4000,177.12,64-1000000-4-oltp_read_write_80-0.6
413,1GB,2,2,1,ON,1,1024,1,0,100,48MB,4000,133.62,64-1000000-4-oltp_read_write_80-0.6
414,1GB,2,2,1,ON,1,1024,1,10,100,48MB,4000,158.29,64-1000000-4-oltp_read_write_80-0.6
415,1GB,2,2,1,ON,1,1024,1,25,100,48MB,4000,157.52,64-1000000-4-oltp_read_write_80-0.6
416,1GB,2,2,1,ON,1,1024,1,50,100,48MB,4000,160.48,64-1000000-4-oltp_read_write_80-0.6
417,1GB,2,2,1,ON,1,1024,1,25,100,48MB,4000,157.37,64-1000000-4-oltp_read_write_80-0.6
418,1GB,2,2,1,ON,1,1024,1,25,5000,48MB,4000,143.49,64-1000000-4-oltp_read_write_80-0.6
419,1GB,2,2,1,ON,1,1024,1,25,10000,48MB,4000,150.0,64-1000000-4-oltp_read_write_80-0.6
420,1GB,2,2,1,ON,1,1024,1,25,20000,48MB,4000,150.05,64-1000000-4-oltp_read_write_80-0.6
421,1GB,2,2,1,ON,1,1024,1,25,100,4MB,4000,170.55,64-1000000-4-oltp_read_write_80-0.6
422,1GB,2,2,1,ON,1,1024,1,25,100,48MB,4000,158.53,64-1000000-4-oltp_read_write_80-0.6
423,1GB,2,2,1,ON,1,1024,1,25,100,512MB,4000,155.32,64-1000000-4-oltp_read_write_80-0.6
424,1GB,2,2,1,ON,1,1024,1,25,100,5GB,4000,156.05,64-1000000-4-oltp_read_write_80-0.6
425,1GB,2,2,1,ON,1,1024,1,25,100,48MB,1,141.61,64-1000000-4-oltp_read_write_80-0.6
426,1GB,2,2,1,ON,1,1024,1,25,100,48MB,1000,157.64,64-1000000-4-oltp_read_write_80-0.6
427,1GB,2,2,1,ON,1,1024,1,25,100,48MB,2000,159.88,64-1000000-4-oltp_read_write_80-0.6
428,1GB,2,2,1,ON,1,1024,1,25,100,48MB,4000,157.81,64-1000000-4-oltp_read_write_80-0.6
429,1GB,2,2,1,ON,1,1024,1,25,100,48MB,4000,262.0,64-1000000-4-oltp_read_write_80-1.0
430,2GB,2,2,1,ON,1,1024,1,25,100,48MB,4000,287.11,64-1000000-4-oltp_read_write_80-1.0
431,3GB,2,2,1,ON,1,1024,1,25,100,48MB,4000,291.57,64-1000000-4-oltp_read_write_80-1.0
432,4GB,2,2,1,ON,1,1024,1,25,100,48MB,4000,300.15,64-1000000-4-oltp_read_write_80-1.0
433,1GB,1,2,1,ON,1,1024,1,25,100,48MB,4000,265.09,64-1000000-4-oltp_read_write_80-1.0
434,1GB,2,2,1,ON,1,1024,1,25,100,48MB,4000,261.75,64-1000000-4-oltp_read_write_80-1.0
435,1GB,2,1,1,ON,1,1024,1,25,100,48MB,4000,241.07,64-1000000-4-oltp_read_write_80-1.0
436,1GB,2,2,1,ON,1,1024,1,25,100,48MB,4000,263.08,64-1000000-4-oltp_read_write_80-1.0
437,1GB,2,2,0,ON,1,1024,1,25,100,48MB,4000,320.14,64-1000000-4-oltp_read_write_80-1.0
438,1GB,2,2,1,ON,1,1024,1,25,100,48MB,4000,260.67,64-1000000-4-oltp_read_write_80-1.0
439,1GB,2,2,2,ON,1,1024,1,25,100,48MB,4000,320.14,64-1000000-4-oltp_read_write_80-1.0
440,1GB,2,2,1,ON,1,1024,1,25,100,48MB,4000,259.62,64-1000000-4-oltp_read_write_80-1.0
441,1GB,2,2,1,OFF,1,1024,1,25,100,48MB,4000,264.01,64-1000000-4-oltp_read_write_80-1.0
442,1GB,2,2,1,ON,0,1024,1,25,100,48MB,4000,284.13,64-1000000-4-oltp_read_write_80-1.0
443,1GB,2,2,1,ON,1,1024,1,25,100,48MB,4000,261.06,64-1000000-4-oltp_read_write_80-1.0
444,1GB,2,2,1,ON,1,100,1,25,100,48MB,4000,260.3,64-1000000-4-oltp_read_write_80-1.0
445,1GB,2,2,1,ON,1,1024,1,25,100,48MB,4000,260.37,64-1000000-4-oltp_read_write_80-1.0
446,1GB,2,2,1,ON,1,5000,1,25,100,48MB,4000,261.58,64-1000000-4-oltp_read_write_80-1.0
447,1GB,2,2,1,ON,1,10000,1,25,100,48MB,4000,259.79,64-1000000-4-oltp_read_write_80-1.0
448,1GB,2,2,1,ON,1,1024,1,25,100,48MB,4000,266.62,64-1000000-4-oltp_read_write_80-1.0
449,1GB,2,2,1,ON,1,1024,2,25,100,48MB,4000,267.07,64-1000000-4-oltp_read_write_80-1.0
450,1GB,2,2,1,ON,1,1024,4,25,100,48MB,4000,274.25,64-1000000-4-oltp_read_write_80-1.0
451,1GB,2,2,1,ON,1,1024,8,25,100,48MB,4000,277.52,64-1000000-4-oltp_read_write_80-1.0
452,1GB,2,2,1,ON,1,1024,1,0,100,48MB,4000,239.7,64-1000000-4-oltp_read_write_80-1.0
453,1GB,2,2,1,ON,1,1024,1,10,100,48MB,4000,261.14,64-1000000-4-oltp_read_write_80-1.0
454,1GB,2,2,1,ON,1,1024,1,25,100,48MB,4000,263.94,64-1000000-4-oltp_read_write_80-1.0
455,1GB,2,2,1,ON,1,1024,1,50,100,48MB,4000,259.51,64-1000000-4-oltp_read_write_80-1.0
456,1GB,2,2,1,ON,1,1024,1,25,100,48MB,4000,261.72,64-1000000-4-oltp_read_write_80-1.0
457,1GB,2,2,1,ON,1,1024,1,25,5000,48MB,4000,261.73,64-1000000-4-oltp_read_write_80-1.0
458,1GB,2,2,1,ON,1,1024,1,25,10000,48MB,4000,267.64,64-1000000-4-oltp_read_write_80-1.0
459,1GB,2,2,1,ON,1,1024,1,25,20000,48MB,4000,266.88,64-1000000-4-oltp_read_write_80-1.0
460,1GB,2,2,1,ON,1,1024,1,25,100,4MB,4000,263.89,64-1000000-4-oltp_read_write_80-1.0
461,1GB,2,2,1,ON,1,1024,1,25,100,48MB,4000,260.21,64-1000000-4-oltp_read_write_80-1.0
462,1GB,2,2,1,ON,1,1024,1,25,100,512MB,4000,265.87,64-1000000-4-oltp_read_write_80-1.0
463,1GB,2,2,1,ON,1,1024,1,25,100,5GB,4000,266.38,64-1000000-4-oltp_read_write_80-1.0
464,1GB,2,2,1,ON,1,1024,1,25,100,48MB,1,214.7,64-1000000-4-oltp_read_write_80-1.0
465,1GB,2,2,1,ON,1,1024,1,25,100,48MB,1000,260.97,64-1000000-4-oltp_read_write_80-1.0
466,1GB,2,2,1,ON,1,1024,1,25,100,48MB,2000,263.28,64-1000000-4-oltp_read_write_80-1.0
467,1GB,2,2,1,ON,1,1024,1,25,100,48MB,4000,265.42,64-1000000-4-oltp_read_write_80-1.0
468,1GB,2,2,1,ON,1,1024,1,25,100,48MB,4000,79.18,64-1000000-4-oltp_read_write_50-0.2
469,2GB,2,2,1,ON,1,1024,1,25,100,48MB,4000,83.11,64-1000000-4-oltp_read_write_50-0.2
470,3GB,2,2,1,ON,1,1024,1,25,100,48MB,4000,90.47,64-1000000-4-oltp_read_write_50-0.2
471,4GB,2,2,1,ON,1,1024,1,25,100,48MB,4000,100.57,64-1000000-4-oltp_read_write_50-0.2
472,1GB,1,2,1,ON,1,1024,1,25,100,48MB,4000,78.27,64-1000000-4-oltp_read_write_50-0.2
473,1GB,2,2,1,ON,1,1024,1,25,100,48MB,4000,78.45,64-1000000-4-oltp_read_write_50-0.2
474,1GB,2,1,1,ON,1,1024,1,25,100,48MB,4000,68.25,64-1000000-4-oltp_read_write_50-0.2
475,1GB,2,2,1,ON,1,1024,1,25,100,48MB,4000,78.47,64-1000000-4-oltp_read_write_50-0.2
476,1GB,2,2,0,ON,1,1024,1,25,100,48MB,4000,85.35,64-1000000-4-oltp_read_write_50-0.2
477,1GB,2,2,1,ON,1,1024,1,25,100,48MB,4000,80.3,64-1000000-4-oltp_read_write_50-0.2
478,1GB,2,2,2,ON,1,1024,1,25,100,48MB,4000,86.26,64-1000000-4-oltp_read_write_50-0.2
479,1GB,2,2,1,ON,1,1024,1,25,100,48MB,4000,78.09,64-1000000-4-oltp_read_write_50-0.2
480,1GB,2,2,1,OFF,1,1024,1,25,100,48MB,4000,79.93,64-1000000-4-oltp_read_write_50-0.2
481,1GB,2,2,1,ON,0,1024,1,25,100,48MB,4000,80.65,64-1000000-4-oltp_read_write_50-0.2
482,1GB,2,2,1,ON,1,1024,1,25,100,48MB,4000,80.61,64-1000000-4-oltp_read_write_50-0.2
483,1GB,2,2,1,ON,1,100,1,25,100,48MB,4000,77.77,64-1000000-4-oltp_read_write_50-0.2
484,1GB,2,2,1,ON,1,1024,1,25,100,48MB,4000,81.94,64-1000000-4-oltp_read_write_50-0.2
485,1GB,2,2,1,ON,1,5000,1,25,100,48MB,4000,81.53,64-1000000-4-oltp_read_write_50-0.2
486,1GB,2,2,1,ON,1,10000,1,25,100,48MB,4000,83.86,64-1000000-4-oltp_read_write_50-0.2
487,1GB,2,2,1,ON,1,1024,1,25,100,48MB,4000,79.15,64-1000000-4-oltp_read_write_50-0.2
488,1GB,2,2,1,ON,1,1024,2,25,100,48MB,4000,93.97,64-1000000-4-oltp_read_write_50-0.2
489,1GB,2,2,1,ON,1,1024,4,25,100,48MB,4000,109.15,64-1000000-4-oltp_read_write_50-0.2
490,1GB,2,2,1,ON,1,1024,8,25,100,48MB,4000,112.06,64-1000000-4-oltp_read_write_50-0.2
491,1GB,2,2,1,ON,1,1024,1,0,100,48MB,4000,62.64,64-1000000-4-oltp_read_write_50-0.2
492,1GB,2,2,1,ON,1,1024,1,10,100,48MB,4000,79.37,64-1000000-4-oltp_read_write_50-0.2
493,1GB,2,2,1,ON,1,1024,1,25,100,48MB,4000,80.06,64-1000000-4-oltp_read_write_50-0.2
494,1GB,2,2,1,ON,1,1024,1,50,100,48MB,4000,80.51,64-1000000-4-oltp_read_write_50-0.2
495,1GB,2,2,1,ON,1,1024,1,25,100,48MB,4000,78.35,64-1000000-4-oltp_read_write_50-0.2
496,1GB,2,2,1,ON,1,1024,1,25,5000,48MB,4000,68.02,64-1000000-4-oltp_read_write_50-0.2
497,1GB,2,2,1,ON,1,1024,1,25,10000,48MB,4000,69.18,64-1000000-4-oltp_read_write_50-0.2
498,1GB,2,2,1,ON,1,1024,1,25,20000,48MB,4000,70.2,64-1000000-4-oltp_read_write_50-0.2
499,1GB,2,2,1,ON,1,1024,1,25,100,4MB,4000,65.81,64-1000000-4-oltp_read_write_50-0.2
500,1GB,2,2,1,ON,1,1024,1,25,100,48MB,4000,79.33,64-1000000-4-oltp_read_write_50-0.2
501,1GB,2,2,1,ON,1,1024,1,25,100,512MB,4000,82.92,64-1000000-4-oltp_read_write_50-0.2
502,1GB,2,2,1,ON,1,1024,1,25,100,5GB,4000,83.79,64-1000000-4-oltp_read_write_50-0.2
503,1GB,2,2,1,ON,1,1024,1,25,100,48MB,1,74.51,64-1000000-4-oltp_read_write_50-0.2
504,1GB,2,2,1,ON,1,1024,1,25,100,48MB,1000,80.39,64-1000000-4-oltp_read_write_50-0.2
505,1GB,2,2,1,ON,1,1024,1,25,100,48MB,2000,80.09,64-1000000-4-oltp_read_write_50-0.2
506,1GB,2,2,1,ON,1,1024,1,25,100,48MB,4000,80.2,64-1000000-4-oltp_read_write_50-0.2
507,1GB,2,2,1,ON,1,1024,1,25,100,48MB,4000,85.84,64-1000000-4-oltp_read_write_50-0.6
508,2GB,2,2,1,ON,1,1024,1,25,100,48MB,4000,93.68,64-1000000-4-oltp_read_write_50-0.6
509,3GB,2,2,1,ON,1,1024,1,25,100,48MB,4000,105.34,64-1000000-4-oltp_read_write_50-0.6
510,4GB,2,2,1,ON,1,1024,1,25,100,48MB,4000,119.24,64-1000000-4-oltp_read_write_50-0.6
511,1GB,1,2,1,ON,1,1024,1,25,100,48MB,4000,83.78,64-1000000-4-oltp_read_write_50-0.6
512,1GB,2,2,1,ON,1,1024,1,25,100,48MB,4000,85.81,64-1000000-4-oltp_read_write_50-0.6
513,1GB,2,1,1,ON,1,1024,1,25,100,48MB,4000,74.47,64-1000000-4-oltp_read_write_50-0.6
514,1GB,2,2,1,ON,1,1024,1,25,100,48MB,4000,85.3,64-1000000-4-oltp_read_write_50-0.6
515,1GB,2,2,0,ON,1,1024,1,25,100,48MB,4000,92.02,64-1000000-4-oltp_read_write_50-0.6
516,1GB,2,2,1,ON,1,1024,1,25,100,48MB,4000,87.15,64-1000000-4-oltp_read_write_50-0.6
517,1GB,2,2,2,ON,1,1024,1,25,100,48MB,4000,92.64,64-1000000-4-oltp_read_write_50-0.6
518,1GB,2,2,1,ON,1,1024,1,25,100,48MB,4000,84.82,64-1000000-4-oltp_read_write_50-0.6
519,1GB,2,2,1,OFF,1,1024,1,25,100,48MB,4000,87.56,64-1000000-4-oltp_read_write_50-0.6
520,1GB,2,2,1,ON,0,1024,1,25,100,48MB,4000,87.6,64-1000000-4-oltp_read_write_50-0.6
521,1GB,2,2,1,ON,1,1024,1,25,100,48MB,4000,87.07,64-1000000-4-oltp_read_write_50-0.6
522,1GB,2,2,1,ON,1,100,1,25,100,48MB,4000,83.31,64-1000000-4-oltp_read_write_50-0.6
523,1GB,2,2,1,ON,1,1024,1,25,100,48MB,4000,87.66,64-1000000-4-oltp_read_write_50-0.6
524,1GB,2,2,1,ON,1,5000,1,25,100,48MB,4000,90.34,64-1000000-4-oltp_read_write_50-0.6
525,1GB,2,2,1,ON,1,10000,1,25,100,48MB,4000,91.38,64-1000000-4-oltp_read_write_50-0.6
526,1GB,2,2,1,ON,1,1024,1,25,100,48MB,4000,85.43,64-1000000-4-oltp_read_write_50-0.6
527,1GB,2,2,1,ON,1,1024,2,25,100,48MB,4000,100.2,64-1000000-4-oltp_read_write_50-0.6
528,1GB,2,2,1,ON,1,1024,4,25,100,48MB,4000,116.54,64-1000000-4-oltp_read_write_50-0.6
529,1GB,2,2,1,ON,1,1024,8,25,100,48MB,4000,121.72,64-1000000-4-oltp_read_write_50-0.6
530,1GB,2,2,1,ON,1,1024,1,0,100,48MB,4000,66.8,64-1000000-4-oltp_read_write_50-0.6
531,1GB,2,2,1,ON,1,1024,1,10,100,48MB,4000,85.4,64-1000000-4-oltp_read_write_50-0.6
532,1GB,2,2,1,ON,1,1024,1,25,100,48MB,4000,85.74,64-1000000-4-oltp_read_write_50-0.6
533,1GB,2,2,1,ON,1,1024,1,50,100,48MB,4000,86.35,64-1000000-4-oltp_read_write_50-0.6
534,1GB,2,2,1,ON,1,1024,1,25,100,48MB,4000,84.54,64-1000000-4-oltp_read_write_50-0.6
535,1GB,2,2,1,ON,1,1024,1,25,5000,48MB,4000,74.88,64-1000000-4-oltp_read_write_50-0.6
536,1GB,2,2,1,ON,1,1024,1,25,10000,48MB,4000,73.84,64-1000000-4-oltp_read_write_50-0.6
537,1GB,2,2,1,ON,1,1024,1,25,20000,48MB,4000,75.4,64-1000000-4-oltp_read_write_50-0.6
538,1GB,2,2,1,ON,1,1024,1,25,100,4MB,4000,69.15,64-1000000-4-oltp_read_write_50-0.6
539,1GB,2,2,1,ON,1,1024,1,25,100,48MB,4000,84.97,64-1000000-4-oltp_read_write_50-0.6
540,1GB,2,2,1,ON,1,1024,1,25,100,512MB,4000,92.22,64-1000000-4-oltp_read_write_50-0.6
541,1GB,2,2,1,ON,1,1024,1,25,100,5GB,4000,92.68,64-1000000-4-oltp_read_write_50-0.6
542,1GB,2,2,1,ON,1,1024,1,25,100,48MB,1,80.75,64-1000000-4-oltp_read_write_50-0.6
543,1GB,2,2,1,ON,1,1024,1,25,100,48MB,1000,86.71,64-1000000-4-oltp_read_write_50-0.6
544,1GB,2,2,1,ON,1,1024,1,25,100,48MB,2000,86.62,64-1000000-4-oltp_read_write_50-0.6
545,1GB,2,2,1,ON,1,1024,1,25,100,48MB,4000,86.02,64-1000000-4-oltp_read_write_50-0.6
546,1GB,2,2,1,ON,1,1024,1,25,100,48MB,4000,157.52,64-1000000-4-oltp_read_write_50-1.0
547,2GB,2,2,1,ON,1,1024,1,25,100,48MB,4000,192.12,64-1000000-4-oltp_read_write_50-1.0
548,3GB,2,2,1,ON,1,1024,1,25,100,48MB,4000,217.12,64-1000000-4-oltp_read_write_50-1.0
549,4GB,2,2,1,ON,1,1024,1,25,100,48MB,4000,226.28,64-1000000-4-oltp_read_write_50-1.0
550,1GB,1,2,1,ON,1,1024,1,25,100,48MB,4000,159.25,64-1000000-4-oltp_read_write_50-1.0
551,1GB,2,2,1,ON,1,1024,1,25,100,48MB,4000,155.56,64-1000000-4-oltp_read_write_50-1.0
552,1GB,2,1,1,ON,1,1024,1,25,100,48MB,4000,147.14,64-1000000-4-oltp_read_write_50-1.0
553,1GB,2,2,1,ON,1,1024,1,25,100,48MB,4000,158.91,64-1000000-4-oltp_read_write_50-1.0
554,1GB,2,2,0,ON,1,1024,1,25,100,48MB,4000,178.55,64-1000000-4-oltp_read_write_50-1.0
555,1GB,2,2,1,ON,1,1024,1,25,100,48MB,4000,157.97,64-1000000-4-oltp_read_write_50-1.0
556,1GB,2,2,2,ON,1,1024,1,25,100,48MB,4000,182.65,64-1000000-4-oltp_read_write_50-1.0
557,1GB,2,2,1,ON,1,1024,1,25,100,48MB,4000,158.53,64-1000000-4-oltp_read_write_50-1.0
558,1GB,2,2,1,OFF,1,1024,1,25,100,48MB,4000,159.8,64-1000000-4-oltp_read_write_50-1.0
559,1GB,2,2,1,ON,0,1024,1,25,100,48MB,4000,167.07,64-1000000-4-oltp_read_write_50-1.0
560,1GB,2,2,1,ON,1,1024,1,25,100,48MB,4000,158.15,64-1000000-4-oltp_read_write_50-1.0
561,1GB,2,2,1,ON,1,100,1,25,100,48MB,4000,161.47,64-1000000-4-oltp_read_write_50-1.0
562,1GB,2,2,1,ON,1,1024,1,25,100,48MB,4000,158.44,64-1000000-4-oltp_read_write_50-1.0
563,1GB,2,2,1,ON,1,5000,1,25,100,48MB,4000,165.53,64-1000000-4-oltp_read_write_50-1.0
564,1GB,2,2,1,ON,1,10000,1,25,100,48MB,4000,171.6,64-1000000-4-oltp_read_write_50-1.0
565,1GB,2,2,1,ON,1,1024,1,25,100,48MB,4000,160.16,64-1000000-4-oltp_read_write_50-1.0
566,1GB,2,2,1,ON,1,1024,2,25,100,48MB,4000,185.3,64-1000000-4-oltp_read_write_50-1.0
567,1GB,2,2,1,ON,1,1024,4,25,100,48MB,4000,194.83,64-1000000-4-oltp_read_write_50-1.0
568,1GB,2,2,1,ON,1,1024,8,25,100,48MB,4000,194.29,64-1000000-4-oltp_read_write_50-1.0
569,1GB,2,2,1,ON,1,1024,1,0,100,48MB,4000,136.96,64-1000000-4-oltp_read_write_50-1.0
570,1GB,2,2,1,ON,1,1024,1,10,100,48MB,4000,157.18,64-1000000-4-oltp_read_write_50-1.0
571,1GB,2,2,1,ON,1,1024,1,25,100,48MB,4000,159.49,64-1000000-4-oltp_read_write_50-1.0
572,1GB,2,2,1,ON,1,1024,1,50,100,48MB,4000,159.11,64-1000000-4-oltp_read_write_50-1.0
573,1GB,2,2,1,ON,1,1024,1,25,100,48MB,4000,158.89,64-1000000-4-oltp_read_write_50-1.0
574,1GB,2,2,1,ON,1,1024,1,25,5000,48MB,4000,149.84,64-1000000-4-oltp_read_write_50-1.0
575,1GB,2,2,1,ON,1,1024,1,25,10000,48MB,4000,151.0,64-1000000-4-oltp_read_write_50-1.0
576,1GB,2,2,1,ON,1,1024,1,25,20000,48MB,4000,149.83,64-1000000-4-oltp_read_write_50-1.0
577,1GB,2,2,1,ON,1,1024,1,25,100,4MB,4000,105.37,64-1000000-4-oltp_read_write_50-1.0
578,1GB,2,2,1,ON,1,1024,1,25,100,48MB,4000,161.36,64-1000000-4-oltp_read_write_50-1.0
579,1GB,2,2,1,ON,1,1024,1,25,100,512MB,4000,170.56,64-1000000-4-oltp_read_write_50-1.0
580,1GB,2,2,1,ON,1,1024,1,25,100,5GB,4000,171.5,64-1000000-4-oltp_read_write_50-1.0
581,1GB,2,2,1,ON,1,1024,1,25,100,48MB,1,146.96,64-1000000-4-oltp_read_write_50-1.0
582,1GB,2,2,1,ON,1,1024,1,25,100,48MB,1000,158.15,64-1000000-4-oltp_read_write_50-1.0
583,1GB,2,2,1,ON,1,1024,1,25,100,48MB,2000,159.52,64-1000000-4-oltp_read_write_50-1.0
584,1GB,2,2,1,ON,1,1024,1,25,100,48MB,4000,158.34,64-1000000-4-oltp_read_write_50-1.0
585,1GB,2,2,1,ON,1,1024,1,25,100,48MB,4000,57.42,64-1000000-4-oltp_read_write_20-0.2
586,2GB,2,2,1,ON,1,1024,1,25,100,48MB,4000,60.9,64-1000000-4-oltp_read_write_20-0.2
587,3GB,2,2,1,ON,1,1024,1,25,100,48MB,4000,71.2,64-1000000-4-oltp_read_write_20-0.2
588,4GB,2,2,1,ON,1,1024,1,25,100,48MB,4000,78.43,64-1000000-4-oltp_read_write_20-0.2
589,1GB,1,2,1,ON,1,1024,1,25,100,48MB,4000,58.82,64-1000000-4-oltp_read_write_20-0.2
590,1GB,2,2,1,ON,1,1024,1,25,100,48MB,4000,58.28,64-1000000-4-oltp_read_write_20-0.2
591,1GB,2,1,1,ON,1,1024,1,25,100,48MB,4000,53.1,64-1000000-4-oltp_read_write_20-0.2
592,1GB,2,2,1,ON,1,1024,1,25,100,48MB,4000,58.08,64-1000000-4-oltp_read_write_20-0.2
593,1GB,2,2,0,ON,1,1024,1,25,100,48MB,4000,62.13,64-1000000-4-oltp_read_write_20-0.2
594,1GB,2,2,1,ON,1,1024,1,25,100,48MB,4000,57.89,64-1000000-4-oltp_read_write_20-0.2
595,1GB,2,2,2,ON,1,1024,1,25,100,48MB,4000,61.91,64-1000000-4-oltp_read_write_20-0.2
596,1GB,2,2,1,ON,1,1024,1,25,100,48MB,4000,57.11,64-1000000-4-oltp_read_write_20-0.2
597,1GB,2,2,1,OFF,1,1024,1,25,100,48MB,4000,58.42,64-1000000-4-oltp_read_write_20-0.2
598,1GB,2,2,1,ON,0,1024,1,25,100,48MB,4000,58.45,64-1000000-4-oltp_read_write_20-0.2
599,1GB,2,2,1,ON,1,1024,1,25,100,48MB,4000,57.78,64-1000000-4-oltp_read_write_20-0.2
600,1GB,2,2,1,ON,1,100,1,25,100,48MB,4000,58.0,64-1000000-4-oltp_read_write_20-0.2
601,1GB,2,2,1,ON,1,1024,1,25,100,48MB,4000,57.81,64-1000000-4-oltp_read_write_20-0.2
602,1GB,2,2,1,ON,1,5000,1,25,100,48MB,4000,59.8,64-1000000-4-oltp_read_write_20-0.2
603,1GB,2,2,1,ON,1,10000,1,25,100,48MB,4000,60.37,64-1000000-4-oltp_read_write_20-0.2
604,1GB,2,2,1,ON,1,1024,1,25,100,48MB,4000,57.95,64-1000000-4-oltp_read_write_20-0.2
605,1GB,2,2,1,ON,1,1024,2,25,100,48MB,4000,66.0,64-1000000-4-oltp_read_write_20-0.2
606,1GB,2,2,1,ON,1,1024,4,25,100,48MB,4000,76.07,64-1000000-4-oltp_read_write_20-0.2
607,1GB,2,2,1,ON,1,1024,8,25,100,48MB,4000,75.56,64-1000000-4-oltp_read_write_20-0.2
608,1GB,2,2,1,ON,1,1024,1,0,100,48MB,4000,43.57,64-1000000-4-oltp_read_write_20-0.2
609,1GB,2,2,1,ON,1,1024,1,10,100,48MB,4000,56.97,64-1000000-4-oltp_read_write_20-0.2
610,1GB,2,2,1,ON,1,1024,1,25,100,48MB,4000,56.78,64-1000000-4-oltp_read_write_20-0.2
611,1GB,2,2,1,ON,1,1024,1,50,100,48MB,4000,57.41,64-1000000-4-oltp_read_write_20-0.2
612,1GB,2,2,1,ON,1,1024,1,25,100,48MB,4000,56.81,64-1000000-4-oltp_read_write_20-0.2
613,1GB,2,2,1,ON,1,1024,1,25,5000,48MB,4000,51.67,64-1000000-4-oltp_read_write_20-0.2
614,1GB,2,2,1,ON,1,1024,1,25,10000,48MB,4000,50.81,64-1000000-4-oltp_read_write_20-0.2
615,1GB,2,2,1,ON,1,1024,1,25,20000,48MB,4000,50.01,64-1000000-4-oltp_read_write_20-0.2
616,1GB,2,2,1,ON,1,1024,1,25,100,4MB,4000,44.56,64-1000000-4-oltp_read_write_20-0.2
617,1GB,2,2,1,ON,1,1024,1,25,100,48MB,4000,57.87,64-1000000-4-oltp_read_write_20-0.2
618,1GB,2,2,1,ON,1,1024,1,25,100,512MB,4000,62.32,64-1000000-4-oltp_read_write_20-0.2
619,1GB,2,2,1,ON,1,1024,1,25,100,5GB,4000,62.91,64-1000000-4-oltp_read_write_20-0.2
620,1GB,2,2,1,ON,1,1024,1,25,100,48MB,1,55.58,64-1000000-4-oltp_read_write_20-0.2
621,1GB,2,2,1,ON,1,1024,1,25,100,48MB,1000,58.35,64-1000000-4-oltp_read_write_20-0.2
622,1GB,2,2,1,ON,1,1024,1,25,100,48MB,2000,57.58,64-1000000-4-oltp_read_write_20-0.2
623,1GB,2,2,1,ON,1,1024,1,25,100,48MB,4000,57.32,64-1000000-4-oltp_read_write_20-0.2
624,1GB,2,2,1,ON,1,1024,1,25,100,48MB,4000,63.09,64-1000000-4-oltp_read_write_20-0.6
625,2GB,2,2,1,ON,1,1024,1,25,100,48MB,4000,71.13,64-1000000-4-oltp_read_write_20-0.6
626,3GB,2,2,1,ON,1,1024,1,25,100,48MB,4000,84.6,64-1000000-4-oltp_read_write_20-0.6
627,4GB,2,2,1,ON,1,1024,1,25,100,48MB,4000,87.25,64-1000000-4-oltp_read_write_20-0.6
628,1GB,1,2,1,ON,1,1024,1,25,100,48MB,4000,62.67,64-1000000-4-oltp_read_write_20-0.6
629,1GB,2,2,1,ON,1,1024,1,25,100,48MB,4000,62.6,64-1000000-4-oltp_read_write_20-0.6
630,1GB,2,1,1,ON,1,1024,1,25,100,48MB,4000,59.14,64-1000000-4-oltp_read_write_20-0.6
631,1GB,2,2,1,ON,1,1024,1,25,100,48MB,4000,62.53,64-1000000-4-oltp_read_write_20-0.6
632,1GB,2,2,0,ON,1,1024,1,25,100,48MB,4000,68.13,64-1000000-4-oltp_read_write_20-0.6
633,1GB,2,2,1,ON,1,1024,1,25,100,48MB,4000,64.04,64-1000000-4-oltp_read_write_20-0.6
634,1GB,2,2,2,ON,1,1024,1,25,100,48MB,4000,68.42,64-1000000-4-oltp_read_write_20-0.6
635,1GB,2,2,1,ON,1,1024,1,25,100,48MB,4000,62.47,64-1000000-4-oltp_read_write_20-0.6
636,1GB,2,2,1,OFF,1,1024,1,25,100,48MB,4000,64.28,64-1000000-4-oltp_read_write_20-0.6
637,1GB,2,2,1,ON,0,1024,1,25,100,48MB,4000,63.52,64-1000000-4-oltp_read_write_20-0.6
638,1GB,2,2,1,ON,1,1024,1,25,100,48MB,4000,63.34,64-1000000-4-oltp_read_write_20-0.6
639,1GB,2,2,1,ON,1,100,1,25,100,48MB,4000,62.54,64-1000000-4-oltp_read_write_20-0.6
640,1GB,2,2,1,ON,1,1024,1,25,100,48MB,4000,64.35,64-1000000-4-oltp_read_write_20-0.6
641,1GB,2,2,1,ON,1,5000,1,25,100,48MB,4000,65.79,64-1000000-4-oltp_read_write_20-0.6
642,1GB,2,2,1,ON,1,10000,1,25,100,48MB,4000,67.08,64-1000000-4-oltp_read_write_20-0.6
643,1GB,2,2,1,ON,1,1024,1,25,100,48MB,4000,62.72,64-1000000-4-oltp_read_write_20-0.6
644,1GB,2,2,1,ON,1,1024,2,25,100,48MB,4000,70.88,64-1000000-4-oltp_read_write_20-0.6
645,1GB,2,2,1,ON,1,1024,4,25,100,48MB,4000,86.77,64-1000000-4-oltp_read_write_20-0.6
646,1GB,2,2,1,ON,1,1024,8,25,100,48MB,4000,82.31,64-1000000-4-oltp_read_write_20-0.6
647,1GB,2,2,1,ON,1,1024,1,0,100,48MB,4000,47.31,64-1000000-4-oltp_read_write_20-0.6
648,1GB,2,2,1,ON,1,1024,1,10,100,48MB,4000,62.55,64-1000000-4-oltp_read_write_20-0.6
649,1GB,2,2,1,ON,1,1024,1,25,100,48MB,4000,63.34,64-1000000-4-oltp_read_write_20-0.6
650,1GB,2,2,1,ON,1,1024,1,50,100,48MB,4000,63.75,64-1000000-4-oltp_read_write_20-0.6
651,1GB,2,2,1,ON,1,1024,1,25,100,48MB,4000,61.21,64-1000000-4-oltp_read_write_20-0.6
652,1GB,2,2,1,ON,1,1024,1,25,5000,48MB,4000,57.38,64-1000000-4-oltp_read_write_20-0.6
653,1GB,2,2,1,ON,1,1024,1,25,10000,48MB,4000,55.74,64-1000000-4-oltp_read_write_20-0.6
654,1GB,2,2,1,ON,1,1024,1,25,20000,48MB,4000,54.91,64-1000000-4-oltp_read_write_20-0.6
655,1GB,2,2,1,ON,1,1024,1,25,100,4MB,4000,45.72,64-1000000-4-oltp_read_write_20-0.6
656,1GB,2,2,1,ON,1,1024,1,25,100,48MB,4000,62.24,64-1000000-4-oltp_read_write_20-0.6
657,1GB,2,2,1,ON,1,1024,1,25,100,512MB,4000,68.99,64-1000000-4-oltp_read_write_20-0.6
658,1GB,2,2,1,ON,1,1024,1,25,100,5GB,4000,71.3,64-1000000-4-oltp_read_write_20-0.6
659,1GB,2,2,1,ON,1,1024,1,25,100,48MB,1,60.12,64-1000000-4-oltp_read_write_20-0.6
660,1GB,2,2,1,ON,1,1024,1,25,100,48MB,1000,62.34,64-1000000-4-oltp_read_write_20-0.6
661,1GB,2,2,1,ON,1,1024,1,25,100,48MB,2000,62.36,64-1000000-4-oltp_read_write_20-0.6
662,1GB,2,2,1,ON,1,1024,1,25,100,48MB,4000,63.16,64-1000000-4-oltp_read_write_20-0.6
663,1GB,2,2,1,ON,1,1024,1,25,100,48MB,4000,118.65,64-1000000-4-oltp_read_write_20-1.0
664,2GB,2,2,1,ON,1,1024,1,25,100,48MB,4000,149.02,64-1000000-4-oltp_read_write_20-1.0
665,3GB,2,2,1,ON,1,1024,1,25,100,48MB,4000,151.1,64-1000000-4-oltp_read_write_20-1.0
666,4GB,2,2,1,ON,1,1024,1,25,100,48MB,4000,151.87,64-1000000-4-oltp_read_write_20-1.0
667,1GB,1,2,1,ON,1,1024,1,25,100,48MB,4000,120.45,64-1000000-4-oltp_read_write_20-1.0
668,1GB,2,2,1,ON,1,1024,1,25,100,48MB,4000,119.7,64-1000000-4-oltp_read_write_20-1.0
669,1GB,2,1,1,ON,1,1024,1,25,100,48MB,4000,117.41,64-1000000-4-oltp_read_write_20-1.0
670,1GB,2,2,1,ON,1,1024,1,25,100,48MB,4000,121.3,64-1000000-4-oltp_read_write_20-1.0
671,1GB,2,2,0,ON,1,1024,1,25,100,48MB,4000,141.79,64-1000000-4-oltp_read_write_20-1.0
672,1GB,2,2,1,ON,1,1024,1,25,100,48MB,4000,125.44,64-1000000-4-oltp_read_write_20-1.0
673,1GB,2,2,2,ON,1,1024,1,25,100,48MB,4000,145.53,64-1000000-4-oltp_read_write_20-1.0
674,1GB,2,2,1,ON,1,1024,1,25,100,48MB,4000,121.63,64-1000000-4-oltp_read_write_20-1.0
675,1GB,2,2,1,OFF,1,1024,1,25,100,48MB,4000,127.07,64-1000000-4-oltp_read_write_20-1.0
676,1GB,2,2,1,ON,0,1024,1,25,100,48MB,4000,127.8,64-1000000-4-oltp_read_write_20-1.0
677,1GB,2,2,1,ON,1,1024,1,25,100,48MB,4000,123.23,64-1000000-4-oltp_read_write_20-1.0
678,1GB,2,2,1,ON,1,100,1,25,100,48MB,4000,117.75,64-1000000-4-oltp_read_write_20-1.0
679,1GB,2,2,1,ON,1,1024,1,25,100,48MB,4000,121.79,64-1000000-4-oltp_read_write_20-1.0
680,1GB,2,2,1,ON,1,5000,1,25,100,48MB,4000,129.67,64-1000000-4-oltp_read_write_20-1.0
681,1GB,2,2,1,ON,1,10000,1,25,100,48MB,4000,131.13,64-1000000-4-oltp_read_write_20-1.0
682,1GB,2,2,1,ON,1,1024,1,25,100,48MB,4000,120.47,64-1000000-4-oltp_read_write_20-1.0
683,1GB,2,2,1,ON,1,1024,2,25,100,48MB,4000,130.09,64-1000000-4-oltp_read_write_20-1.0
684,1GB,2,2,1,ON,1,1024,4,25,100,48MB,4000,164.62,64-1000000-4-oltp_read_write_20-1.0
685,1GB,2,2,1,ON,1,1024,8,25,100,48MB,4000,160.62,64-1000000-4-oltp_read_write_20-1.0
686,1GB,2,2,1,ON,1,1024,1,0,100,48MB,4000,103.5,64-1000000-4-oltp_read_write_20-1.0
687,1GB,2,2,1,ON,1,1024,1,10,100,48MB,4000,124.39,64-1000000-4-oltp_read_write_20-1.0
688,1GB,2,2,1,ON,1,1024,1,25,100,48MB,4000,124.47,64-1000000-4-oltp_read_write_20-1.0
689,1GB,2,2,1,ON,1,1024,1,50,100,48MB,4000,125.64,64-1000000-4-oltp_read_write_20-1.0
690,1GB,2,2,1,ON,1,1024,1,25,100,48MB,4000,122.83,64-1000000-4-oltp_read_write_20-1.0
691,1GB,2,2,1,ON,1,1024,1,25,5000,48MB,4000,116.66,64-1000000-4-oltp_read_write_20-1.0
692,1GB,2,2,1,ON,1,1024,1,25,10000,48MB,4000,120.25,64-1000000-4-oltp_read_write_20-1.0
693,1GB,2,2,1,ON,1,1024,1,25,20000,48MB,4000,119.2,64-1000000-4-oltp_read_write_20-1.0
694,1GB,2,2,1,ON,1,1024,1,25,100,4MB,4000,64.03,64-1000000-4-oltp_read_write_20-1.0
695,1GB,2,2,1,ON,1,1024,1,25,100,48MB,4000,120.64,64-1000000-4-oltp_read_write_20-1.0
696,1GB,2,2,1,ON,1,1024,1,25,100,512MB,4000,131.48,64-1000000-4-oltp_read_write_20-1.0
697,1GB,2,2,1,ON,1,1024,1,25,100,5GB,4000,136.22,64-1000000-4-oltp_read_write_20-1.0
698,1GB,2,2,1,ON,1,1024,1,25,100,48MB,1,108.83,64-1000000-4-oltp_read_write_20-1.0
699,1GB,2,2,1,ON,1,1024,1,25,100,48MB,1000,124.28,64-1000000-4-oltp_read_write_20-1.0
700,1GB,2,2,1,ON,1,1024,1,25,100,48MB,2000,122.98,64-1000000-4-oltp_read_write_20-1.0
701,1GB,2,2,1,ON,1,1024,1,25,100,48MB,4000,121.38,64-1000000-4-oltp_read_write_20-1.0
702,1GB,2,2,1,ON,1,1024,1,25,100,48MB,4000,16.35,64-1000000-4-oltp_read_write_5-0.2
703,2GB,2,2,1,ON,1,1024,1,25,100,48MB,4000,16.17,64-1000000-4-oltp_read_write_5-0.2
704,3GB,2,2,1,ON,1,1024,1,25,100,48MB,4000,18.32,64-1000000-4-oltp_read_write_5-0.2
705,4GB,2,2,1,ON,1,1024,1,25,100,48MB,4000,18.09,64-1000000-4-oltp_read_write_5-0.2
706,1GB,1,2,1,ON,1,1024,1,25,100,48MB,4000,16.31,64-1000000-4-oltp_read_write_5-0.2
707,1GB,2,2,1,ON,1,1024,1,25,100,48MB,4000,16.21,64-1000000-4-oltp_read_write_5-0.2
708,1GB,2,1,1,ON,1,1024,1,25,100,48MB,4000,14.64,64-1000000-4-oltp_read_write_5-0.2
709,1GB,2,2,1,ON,1,1024,1,25,100,48MB,4000,16.47,64-1000000-4-oltp_read_write_5-0.2
710,1GB,2,2,0,ON,1,1024,1,25,100,48MB,4000,17.14,64-1000000-4-oltp_read_write_5-0.2
711,1GB,2,2,1,ON,1,1024,1,25,100,48MB,4000,16.67,64-1000000-4-oltp_read_write_5-0.2
712,1GB,2,2,2,ON,1,1024,1,25,100,48MB,4000,17.02,64-1000000-4-oltp_read_write_5-0.2
713,1GB,2,2,1,ON,1,1024,1,25,100,48MB,4000,16.31,64-1000000-4-oltp_read_write_5-0.2
714,1GB,2,2,1,OFF,1,1024,1,25,100,48MB,4000,16.51,64-1000000-4-oltp_read_write_5-0.2
715,1GB,2,2,1,ON,0,1024,1,25,100,48MB,4000,16.36,64-1000000-4-oltp_read_write_5-0.2
716,1GB,2,2,1,ON,1,1024,1,25,100,48MB,4000,16.55,64-1000000-4-oltp_read_write_5-0.2
717,1GB,2,2,1,ON,1,100,1,25,100,48MB,4000,15.96,64-1000000-4-oltp_read_write_5-0.2
718,1GB,2,2,1,ON,1,1024,1,25,100,48MB,4000,16.52,64-1000000-4-oltp_read_write_5-0.2
719,1GB,2,2,1,ON,1,5000,1,25,100,48MB,4000,16.75,64-1000000-4-oltp_read_write_5-0.2
720,1GB,2,2,1,ON,1,10000,1,25,100,48MB,4000,16.94,64-1000000-4-oltp_read_write_5-0.2
721,1GB,2,2,1,ON,1,1024,1,25,100,48MB,4000,16.35,64-1000000-4-oltp_read_write_5-0.2
722,1GB,2,2,1,ON,1,1024,2,25,100,48MB,4000,18.25,64-1000000-4-oltp_read_write_5-0.2
723,1GB,2,2,1,ON,1,1024,4,25,100,48MB,4000,19.03,64-1000000-4-oltp_read_write_5-0.2
724,1GB,2,2,1,ON,1,1024,8,25,100,48MB,4000,20.49,64-1000000-4-oltp_read_write_5-0.2
725,1GB,2,2,1,ON,1,1024,1,0,100,48MB,4000,12.42,64-1000000-4-oltp_read_write_5-0.2
726,1GB,2,2,1,ON,1,1024,1,10,100,48MB,4000,16.11,64-1000000-4-oltp_read_write_5-0.2
727,1GB,2,2,1,ON,1,1024,1,25,100,48MB,4000,16.3,64-1000000-4-oltp_read_write_5-0.2
728,1GB,2,2,1,ON,1,1024,1,50,100,48MB,4000,16.03,64-1000000-4-oltp_read_write_5-0.2
729,1GB,2,2,1,ON,1,1024,1,25,100,48MB,4000,15.84,64-1000000-4-oltp_read_write_5-0.2
730,1GB,2,2,1,ON,1,1024,1,25,5000,48MB,4000,15.1,64-1000000-4-oltp_read_write_5-0.2
731,1GB,2,2,1,ON,1,1024,1,25,10000,48MB,4000,14.76,64-1000000-4-oltp_read_write_5-0.2
732,1GB,2,2,1,ON,1,1024,1,25,20000,48MB,4000,14.29,64-1000000-4-oltp_read_write_5-0.2
733,1GB,2,2,1,ON,1,1024,1,25,100,4MB,4000,12.15,64-1000000-4-oltp_read_write_5-0.2
734,1GB,2,2,1,ON,1,1024,1,25,100,48MB,4000,16.43,64-1000000-4-oltp_read_write_5-0.2
735,1GB,2,2,1,ON,1,1024,1,25,100,512MB,4000,17.11,64-1000000-4-oltp_read_write_5-0.2
736,1GB,2,2,1,ON,1,1024,1,25,100,5GB,4000,17.33,64-1000000-4-oltp_read_write_5-0.2
737,1GB,2,2,1,ON,1,1024,1,25,100,48MB,1,15.41,64-1000000-4-oltp_read_write_5-0.2
738,1GB,2,2,1,ON,1,1024,1,25,100,48MB,1000,16.57,64-1000000-4-oltp_read_write_5-0.2
739,1GB,2,2,1,ON,1,1024,1,25,100,48MB,2000,15.86,64-1000000-4-oltp_read_write_5-0.2
740,1GB,2,2,1,ON,1,1024,1,25,100,48MB,4000,15.89,64-1000000-4-oltp_read_write_5-0.2
741,1GB,2,2,1,ON,1,1024,1,25,100,48MB,4000,17.82,64-1000000-4-oltp_read_write_5-0.6
742,2GB,2,2,1,ON,1,1024,1,25,100,48MB,4000,19.16,64-1000000-4-oltp_read_write_5-0.6
743,3GB,2,2,1,ON,1,1024,1,25,100,48MB,4000,21.01,64-1000000-4-oltp_read_write_5-0.6
744,4GB,2,2,1,ON,1,1024,1,25,100,48MB,4000,20.25,64-1000000-4-oltp_read_write_5-0.6
745,1GB,1,2,1,ON,1,1024,1,25,100,48MB,4000,17.8,64-1000000-4-oltp_read_write_5-0.6
746,1GB,2,2,1,ON,1,1024,1,25,100,48MB,4000,17.87,64-1000000-4-oltp_read_write_5-0.6
747,1GB,2,1,1,ON,1,1024,1,25,100,48MB,4000,17.1,64-1000000-4-oltp_read_write_5-0.6
748,1GB,2,2,1,ON,1,1024,1,25,100,48MB,4000,17.9,64-1000000-4-oltp_read_write_5-0.6
749,1GB,2,2,0,ON,1,1024,1,25,100,48MB,4000,19.0,64-1000000-4-oltp_read_write_5-0.6
750,1GB,2,2,1,ON,1,1024,1,25,100,48MB,4000,18.38,64-1000000-4-oltp_read_write_5-0.6
751,1GB,2,2,2,ON,1,1024,1,25,100,48MB,4000,19.26,64-1000000-4-oltp_read_write_5-0.6
752,1GB,2,2,1,ON,1,1024,1,25,100,48MB,4000,17.3,64-1000000-4-oltp_read_write_5-0.6
753,1GB,2,2,1,OFF,1,1024,1,25,100,48MB,4000,18.14,64-1000000-4-oltp_read_write_5-0.6
754,1GB,2,2,1,ON,0,1024,1,25,100,48MB,4000,17.8,64-1000000-4-oltp_read_write_5-0.6
755,1GB,2,2,1,ON,1,1024,1,25,100,48MB,4000,18.09,64-1000000-4-oltp_read_write_5-0.6
756,1GB,2,2,1,ON,1,100,1,25,100,48MB,4000,17.67,64-1000000-4-oltp_read_write_5-0.6
757,1GB,2,2,1,ON,1,1024,1,25,100,48MB,4000,18.24,64-1000000-4-oltp_read_write_5-0.6
758,1GB,2,2,1,ON,1,5000,1,25,100,48MB,4000,19.07,64-1000000-4-oltp_read_write_5-0.6
759,1GB,2,2,1,ON,1,10000,1,25,100,48MB,4000,19.42,64-1000000-4-oltp_read_write_5-0.6
760,1GB,2,2,1,ON,1,1024,1,25,100,48MB,4000,17.96,64-1000000-4-oltp_read_write_5-0.6
761,1GB,2,2,1,ON,1,1024,2,25,100,48MB,4000,19.2,64-1000000-4-oltp_read_write_5-0.6
762,1GB,2,2,1,ON,1,1024,4,25,100,48MB,4000,22.33,64-1000000-4-oltp_read_write_5-0.6
763,1GB,2,2,1,ON,1,1024,8,25,100,48MB,4000,22.53,64-1000000-4-oltp_read_write_5-0.6
764,1GB,2,2,1,ON,1,1024,1,0,100,48MB,4000,13.21,64-1000000-4-oltp_read_write_5-0.6
765,1GB,2,2,1,ON,1,1024,1,10,100,48MB,4000,17.83,64-1000000-4-oltp_read_write_5-0.6
766,1GB,2,2,1,ON,1,1024,1,25,100,48MB,4000,17.96,64-1000000-4-oltp_read_write_5-0.6
767,1GB,2,2,1,ON,1,1024,1,50,100,48MB,4000,17.66,64-1000000-4-oltp_read_write_5-0.6
768,1GB,2,2,1,ON,1,1024,1,25,100,48MB,4000,17.78,64-1000000-4-oltp_read_write_5-0.6
769,1GB,2,2,1,ON,1,1024,1,25,5000,48MB,4000,17.03,64-1000000-4-oltp_read_write_5-0.6
770,1GB,2,2,1,ON,1,1024,1,25,10000,48MB,4000,16.21,64-1000000-4-oltp_read_write_5-0.6
771,1GB,2,2,1,ON,1,1024,1,25,20000,48MB,4000,16.09,64-1000000-4-oltp_read_write_5-0.6
772,1GB,2,2,1,ON,1,1024,1,25,100,4MB,4000,12.49,64-1000000-4-oltp_read_write_5-0.6
773,1GB,2,2,1,ON,1,1024,1,25,100,48MB,4000,17.78,64-1000000-4-oltp_read_write_5-0.6
774,1GB,2,2,1,ON,1,1024,1,25,100,512MB,4000,19.13,64-1000000-4-oltp_read_write_5-0.6
775,1GB,2,2,1,ON,1,1024,1,25,100,5GB,4000,19.55,64-1000000-4-oltp_read_write_5-0.6
776,1GB,2,2,1,ON,1,1024,1,25,100,48MB,1,16.38,64-1000000-4-oltp_read_write_5-0.6
777,1GB,2,2,1,ON,1,1024,1,25,100,48MB,1000,18.17,64-1000000-4-oltp_read_write_5-0.6
778,1GB,2,2,1,ON,1,1024,1,25,100,48MB,2000,18.02,64-1000000-4-oltp_read_write_5-0.6
779,1GB,2,2,1,ON,1,1024,1,25,100,48MB,4000,17.93,64-1000000-4-oltp_read_write_5-0.6
780,1GB,2,2,1,ON,1,1024,1,25,100,48MB,4000,36.6,64-1000000-4-oltp_read_write_5-1.0
781,2GB,2,2,1,ON,1,1024,1,25,100,48MB,4000,39.21,64-1000000-4-oltp_read_write_5-1.0
782,3GB,2,2,1,ON,1,1024,1,25,100,48MB,4000,37.14,64-1000000-4-oltp_read_write_5-1.0
783,4GB,2,2,1,ON,1,1024,1,25,100,48MB,4000,37.36,64-1000000-4-oltp_read_write_5-1.0
784,1GB,1,2,1,ON,1,1024,1,25,100,48MB,4000,37.31,64-1000000-4-oltp_read_write_5-1.0
785,1GB,2,2,1,ON,1,1024,1,25,100,48MB,4000,37.44,64-1000000-4-oltp_read_write_5-1.0
786,1GB,2,1,1,ON,1,1024,1,25,100,48MB,4000,31.49,64-1000000-4-oltp_read_write_5-1.0
787,1GB,2,2,1,ON,1,1024,1,25,100,48MB,4000,37.22,64-1000000-4-oltp_read_write_5-1.0
788,1GB,2,2,0,ON,1,1024,1,25,100,48MB,4000,40.31,64-1000000-4-oltp_read_write_5-1.0
789,1GB,2,2,1,ON,1,1024,1,25,100,48MB,4000,38.84,64-1000000-4-oltp_read_write_5-1.0
790,1GB,2,2,2,ON,1,1024,1,25,100,48MB,4000,41.86,64-1000000-4-oltp_read_write_5-1.0
791,1GB,2,2,1,ON,1,1024,1,25,100,48MB,4000,37.89,64-1000000-4-oltp_read_write_5-1.0
792,1GB,2,2,1,OFF,1,1024,1,25,100,48MB,4000,38.91,64-1000000-4-oltp_read_write_5-1.0
793,1GB,2,2,1,ON,0,1024,1,25,100,48MB,4000,38.75,64-1000000-4-oltp_read_write_5-1.0
794,1GB,2,2,1,ON,1,1024,1,25,100,48MB,4000,38.93,64-1000000-4-oltp_read_write_5-1.0
795,1GB,2,2,1,ON,1,100,1,25,100,48MB,4000,37.5,64-1000000-4-oltp_read_write_5-1.0
796,1GB,2,2,1,ON,1,1024,1,25,100,48MB,4000,38.12,64-1000000-4-oltp_read_write_5-1.0
797,1GB,2,2,1,ON,1,5000,1,25,100,48MB,4000,39.94,64-1000000-4-oltp_read_write_5-1.0
798,1GB,2,2,1,ON,1,10000,1,25,100,48MB,4000,37.22,64-1000000-4-oltp_read_write_5-1.0
799,1GB,2,2,1,ON,1,1024,1,25,100,48MB,4000,37.69,64-1000000-4-oltp_read_write_5-1.0
800,1GB,2,2,1,ON,1,1024,2,25,100,48MB,4000,39.33,64-1000000-4-oltp_read_write_5-1.0
801,1GB,2,2,1,ON,1,1024,4,25,100,48MB,4000,42.84,64-1000000-4-oltp_read_write_5-1.0
802,1GB,2,2,1,ON,1,1024,8,25,100,48MB,4000,48.14,64-1000000-4-oltp_read_write_5-1.0
803,1GB,2,2,1,ON,1,1024,1,0,100,48MB,4000,30.58,64-1000000-4-oltp_read_write_5-1.0
804,1GB,2,2,1,ON,1,1024,1,10,100,48MB,4000,38.62,64-1000000-4-oltp_read_write_5-1.0
805,1GB,2,2,1,ON,1,1024,1,25,100,48MB,4000,38.92,64-1000000-4-oltp_read_write_5-1.0
806,1GB,2,2,1,ON,1,1024,1,50,100,48MB,4000,39.19,64-1000000-4-oltp_read_write_5-1.0
807,1GB,2,2,1,ON,1,1024,1,25,100,48MB,4000,37.55,64-1000000-4-oltp_read_write_5-1.0
808,1GB,2,2,1,ON,1,1024,1,25,5000,48MB,4000,37.04,64-1000000-4-oltp_read_write_5-1.0
809,1GB,2,2,1,ON,1,1024,1,25,10000,48MB,4000,37.3,64-1000000-4-oltp_read_write_5-1.0
810,1GB,2,2,1,ON,1,1024,1,25,20000,48MB,4000,37.73,64-1000000-4-oltp_read_write_5-1.0
811,1GB,2,2,1,ON,1,1024,1,25,100,4MB,4000,18.72,64-1000000-4-oltp_read_write_5-1.0
812,1GB,2,2,1,ON,1,1024,1,25,100,48MB,4000,38.32,64-1000000-4-oltp_read_write_5-1.0
813,1GB,2,2,1,ON,1,1024,1,25,100,512MB,4000,40.78,64-1000000-4-oltp_read_write_5-1.0
814,1GB,2,2,1,ON,1,1024,1,25,100,5GB,4000,42.67,64-1000000-4-oltp_read_write_5-1.0
815,1GB,2,2,1,ON,1,1024,1,25,100,48MB,1,32.84,64-1000000-4-oltp_read_write_5-1.0
816,1GB,2,2,1,ON,1,1024,1,25,100,48MB,1000,39.03,64-1000000-4-oltp_read_write_5-1.0
817,1GB,2,2,1,ON,1,1024,1,25,100,48MB,2000,39.4,64-1000000-4-oltp_read_write_5-1.0
818,1GB,2,2,1,ON,1,1024,1,25,100,48MB,4000,39.22,64-1000000-4-oltp_read_write_5-1.0
0,1GB,2,2,1,ON,1,1024,1,25,100,48MB,4000,153.61,10-4-4-tpcc-nan
1,2GB,2,2,1,ON,1,1024,1,25,100,48MB,4000,247.72,10-4-4-tpcc-nan
2,3GB,2,2,1,ON,1,1024,1,25,100,48MB,4000,265.8,10-4-4-tpcc-nan
3,4GB,2,2,1,ON,1,1024,1,25,100,48MB,4000,264.34,10-4-4-tpcc-nan
4,1GB,1,2,1,ON,1,1024,1,25,100,48MB,4000,140.79,10-4-4-tpcc-nan
5,1GB,2,2,1,ON,1,1024,1,25,100,48MB,4000,141.72,10-4-4-tpcc-nan
6,1GB,2,1,1,ON,1,1024,1,25,100,48MB,4000,133.44,10-4-4-tpcc-nan
7,1GB,2,2,1,ON,1,1024,1,25,100,48MB,4000,139.69,10-4-4-tpcc-nan
8,1GB,2,2,0,ON,1,1024,1,25,100,48MB,4000,162.61,10-4-4-tpcc-nan
9,1GB,2,2,1,ON,1,1024,1,25,100,48MB,4000,140.83,10-4-4-tpcc-nan
10,1GB,2,2,2,ON,1,1024,1,25,100,48MB,4000,161.95,10-4-4-tpcc-nan
11,1GB,2,2,1,ON,1,1024,1,25,100,48MB,4000,142.49,10-4-4-tpcc-nan
12,1GB,2,2,1,OFF,1,1024,1,25,100,48MB,4000,147.79,10-4-4-tpcc-nan
13,1GB,2,2,1,ON,0,1024,1,25,100,48MB,4000,147.12,10-4-4-tpcc-nan
14,1GB,2,2,1,ON,1,1024,1,25,100,48MB,4000,139.5,10-4-4-tpcc-nan
15,1GB,2,2,1,ON,1,100,1,25,100,48MB,4000,136.01,10-4-4-tpcc-nan
16,1GB,2,2,1,ON,1,1024,1,25,100,48MB,4000,139.29,10-4-4-tpcc-nan
17,1GB,2,2,1,ON,1,5000,1,25,100,48MB,4000,147.59,10-4-4-tpcc-nan
18,1GB,2,2,1,ON,1,10000,1,25,100,48MB,4000,145.49,10-4-4-tpcc-nan
19,1GB,2,2,1,ON,1,1024,1,25,100,48MB,4000,140.72,10-4-4-tpcc-nan
20,1GB,2,2,1,ON,1,1024,2,25,100,48MB,4000,155.43,10-4-4-tpcc-nan
21,1GB,2,2,1,ON,1,1024,4,25,100,48MB,4000,164.34,10-4-4-tpcc-nan
22,1GB,2,2,1,ON,1,1024,8,25,100,48MB,4000,161.3,10-4-4-tpcc-nan
23,1GB,2,2,1,ON,1,1024,1,0,100,48MB,4000,107.72,10-4-4-tpcc-nan
24,1GB,2,2,1,ON,1,1024,1,10,100,48MB,4000,154.06,10-4-4-tpcc-nan
25,1GB,2,2,1,ON,1,1024,1,25,100,48MB,4000,148.12,10-4-4-tpcc-nan
26,1GB,2,2,1,ON,1,1024,1,50,100,48MB,4000,146.01,10-4-4-tpcc-nan
27,1GB,2,2,1,ON,1,1024,1,25,100,48MB,4000,146.53,10-4-4-tpcc-nan
28,1GB,2,2,1,ON,1,1024,1,25,5000,48MB,4000,130.04,10-4-4-tpcc-nan
29,1GB,2,2,1,ON,1,1024,1,25,10000,48MB,4000,121.33,10-4-4-tpcc-nan
30,1GB,2,2,1,ON,1,1024,1,25,20000,48MB,4000,116.7,10-4-4-tpcc-nan
31,1GB,2,2,1,ON,1,1024,1,25,100,4MB,4000,119.81,10-4-4-tpcc-nan
32,1GB,2,2,1,ON,1,1024,1,25,100,48MB,4000,152.97,10-4-4-tpcc-nan
33,1GB,2,2,1,ON,1,1024,1,25,100,512MB,4000,155.01,10-4-4-tpcc-nan
34,1GB,2,2,1,ON,1,1024,1,25,100,5GB,4000,150.12,10-4-4-tpcc-nan
35,1GB,2,2,1,ON,1,1024,1,25,100,48MB,1,128.03,10-4-4-tpcc-nan
36,1GB,2,2,1,ON,1,1024,1,25,100,48MB,1000,141.88,10-4-4-tpcc-nan
37,1GB,2,2,1,ON,1,1024,1,25,100,48MB,2000,140.71,10-4-4-tpcc-nan
38,1GB,2,2,1,ON,1,1024,1,25,100,48MB,4000,139.88,10-4-4-tpcc-nan
39,1GB,2,2,1,ON,1,1024,1,25,100,48MB,4000,61.39,100-4-4-tpcc-nan
40,2GB,2,2,1,ON,1,1024,1,25,100,48MB,4000,92.15,100-4-4-tpcc-nan
41,3GB,2,2,1,ON,1,1024,1,25,100,48MB,4000,110.38,100-4-4-tpcc-nan
42,4GB,2,2,1,ON,1,1024,1,25,100,48MB,4000,122.55,100-4-4-tpcc-nan
43,1GB,1,2,1,ON,1,1024,1,25,100,48MB,4000,82.75,100-4-4-tpcc-nan
44,1GB,2,2,1,ON,1,1024,1,25,100,48MB,4000,82.09,100-4-4-tpcc-nan
45,1GB,2,1,1,ON,1,1024,1,25,100,48MB,4000,70.64,100-4-4-tpcc-nan
46,1GB,2,2,1,ON,1,1024,1,25,100,48MB,4000,81.67,100-4-4-tpcc-nan
47,1GB,2,2,0,ON,1,1024,1,25,100,48MB,4000,86.66,100-4-4-tpcc-nan
48,1GB,2,2,1,ON,1,1024,1,25,100,48MB,4000,79.31,100-4-4-tpcc-nan
49,1GB,2,2,2,ON,1,1024,1,25,100,48MB,4000,84.04,100-4-4-tpcc-nan
50,1GB,2,2,1,ON,1,1024,1,25,100,48MB,4000,76.55,100-4-4-tpcc-nan
51,1GB,2,2,1,OFF,1,1024,1,25,100,48MB,4000,76.99,100-4-4-tpcc-nan
52,1GB,2,2,1,ON,0,1024,1,25,100,48MB,4000,77.62,100-4-4-tpcc-nan
53,1GB,2,2,1,ON,1,1024,1,25,100,48MB,4000,77.17,100-4-4-tpcc-nan
54,1GB,2,2,1,ON,1,100,1,25,100,48MB,4000,74.36,100-4-4-tpcc-nan
55,1GB,2,2,1,ON,1,1024,1,25,100,48MB,4000,76.51,100-4-4-tpcc-nan
56,1GB,2,2,1,ON,1,5000,1,25,100,48MB,4000,77.89,100-4-4-tpcc-nan
57,1GB,2,2,1,ON,1,10000,1,25,100,48MB,4000,78.63,100-4-4-tpcc-nan
58,1GB,2,2,1,ON,1,1024,1,25,100,48MB,4000,73.73,100-4-4-tpcc-nan
59,1GB,2,2,1,ON,1,1024,2,25,100,48MB,4000,82.7,100-4-4-tpcc-nan
60,1GB,2,2,1,ON,1,1024,4,25,100,48MB,4000,94.04,100-4-4-tpcc-nan
61,1GB,2,2,1,ON,1,1024,8,25,100,48MB,4000,96.7,100-4-4-tpcc-nan
62,1GB,2,2,1,ON,1,1024,1,0,100,48MB,4000,60.58,100-4-4-tpcc-nan
63,1GB,2,2,1,ON,1,1024,1,10,100,48MB,4000,78.96,100-4-4-tpcc-nan
64,1GB,2,2,1,ON,1,1024,1,25,100,48MB,4000,82.22,100-4-4-tpcc-nan
65,1GB,2,2,1,ON,1,1024,1,50,100,48MB,4000,80.09,100-4-4-tpcc-nan
66,1GB,2,2,1,ON,1,1024,1,25,100,48MB,4000,79.21,100-4-4-tpcc-nan
67,1GB,2,2,1,ON,1,1024,1,25,5000,48MB,4000,68.47,100-4-4-tpcc-nan
68,1GB,2,2,1,ON,1,1024,1,25,10000,48MB,4000,69.28,100-4-4-tpcc-nan
69,1GB,2,2,1,ON,1,1024,1,25,20000,48MB,4000,75.16,100-4-4-tpcc-nan
70,1GB,2,2,1,ON,1,1024,1,25,100,4MB,4000,85.89,100-4-4-tpcc-nan
71,1GB,2,2,1,ON,1,1024,1,25,100,48MB,4000,86.89,100-4-4-tpcc-nan
72,1GB,2,2,1,ON,1,1024,1,25,100,512MB,4000,84.68,100-4-4-tpcc-nan
73,1GB,2,2,1,ON,1,1024,1,25,100,5GB,4000,85.8,100-4-4-tpcc-nan
74,1GB,2,2,1,ON,1,1024,1,25,100,48MB,1,76.68,100-4-4-tpcc-nan
75,1GB,2,2,1,ON,1,1024,1,25,100,48MB,1000,83.72,100-4-4-tpcc-nan
76,1GB,2,2,1,ON,1,1024,1,25,100,48MB,2000,81.5,100-4-4-tpcc-nan
77,1GB,2,2,1,ON,1,1024,1,25,100,48MB,4000,80.68,100-4-4-tpcc-nan
